pair,hour,hold,n,mean,t,n_tr,t_tr,n_te,t_te,win
USDJPY,0,1,2411,-0.3311036176633684,-1.184371854583538,1586,-0.8965238462425391,825,-0.8105289161895148,46.49523019493986
USDJPY,1,1,2411,-0.17701817593793964,-0.7665927014352696,1586,-0.4096770273331164,825,-0.8936214674587238,48.61053504769805
USDJPY,2,1,2408,-0.1551524470182982,-0.6553915114979161,1583,-0.5507166128161717,825,-0.3871418087832175,47.59136212624585
USDJPY,3,1,2404,-0.23523105354893817,-1.0193451097331208,1579,-0.829906398339052,825,-0.605880086212958,46.963394342762065
USDJPY,4,1,2399,-0.22720129350610083,-1.032869093775197,1578,-1.0163786629996252,821,-0.24217946399554655,48.103376406836176
USDJPY,5,1,2346,-0.3617121386401469,-2.1759732956175353,1524,-2.5640834674196853,822,0.17087536753295315,46.80306905370844
USDJPY,6,1,2346,-0.8263753952471495,-5.133178201163479,1536,-5.17791715924959,810,-0.9887811967063062,43.691389599317986
USDJPY,7,1,2401,-0.6340740203937194,-3.1017167776171397,1580,-1.4837645300576634,821,-3.1996079509838435,43.398583923365265
USDJPY,8,1,2401,-0.15614815617050173,-0.7420757260399066,1580,0.22380844852704662,821,-2.064361699200447,48.18825489379425
USDJPY,9,1,2401,-0.06914274175980387,-0.26466645676272066,1580,0.44908110828543735,821,-1.3904581170296526,48.89629321116202
USDJPY,10,1,2400,0.5325484112319689,2.014316374048461,1579,0.5427343535618502,821,2.960755539143795,51.37500000000001
USDJPY,11,1,2401,0.5155719604475788,2.0891531256829166,1580,2.496007818519331,821,-0.6150200025494567,50.52061640982923
USDJPY,12,1,2402,0.0027312102883138233,0.011518931034610606,1581,0.3085819220345735,821,-0.9252917095562962,48.29308909242298
USDJPY,13,1,2407,0.05177433215702731,0.25175170669677405,1583,0.4896789390353007,824,-0.4949982534198662,47.90195263813876
USDJPY,14,1,2407,-0.1127458174066863,-0.587240504431677,1583,-1.16097707049418,824,1.1578615673260577,48.732862484420444
USDJPY,15,1,2409,-0.6625716074479663,-3.0099310842680445,1585,-1.9025337333067067,824,-3.3844929520023923,47.03196347031963
USDJPY,16,1,2411,-0.5392745011142146,-2.146284179469429,1587,-2.3897016581247166,824,-0.11309266545278909,47.573620904189134
USDJPY,17,1,2411,0.04728709158591422,0.20284343501299404,1587,0.3985169994898496,824,-0.3223963539350939,47.90543343011199
USDJPY,18,1,2411,-0.2780550900814588,-1.3235714964993202,1587,-0.9965219818084221,824,-0.9360363479588516,48.320199087515554
USDJPY,19,1,2411,-0.5503072676011418,-2.9836668638747783,1587,-2.5404309682379194,824,-1.5848160967474838,47.07590211530485
USDJPY,20,1,2411,-0.471004073905587,-2.08847016394032,1587,-1.7209059078299995,824,-1.2374504031017812,47.6980506014102
USDJPY,21,1,2411,-0.39157645051280177,-1.2830525315253676,1587,-1.051357761431612,824,-0.761547600226577,45.7901285773538
USDJPY,22,1,2409,0.10857824726351394,0.34173829030741504,1586,0.8109509456642378,823,-0.7652471488139477,50.60190950601909
USDJPY,23,1,2410,0.10532659242149017,0.33715346929293766,1587,0.6726065036717288,823,-0.4909047644972209,48.79668049792531
USDJPY,0,2,2411,-0.31741254432714167,-0.886358875530537,1586,-0.5465673753465622,825,-0.8832212123453493,47.241808378266285
USDJPY,1,2,2411,-0.1579766256212097,-0.47587842717465134,1586,-0.33231700169303596,825,-0.4339048891287531,48.40315221899626
USDJPY,2,2,2408,-0.23900090732563015,-0.7190340816022046,1583,-0.6771149927513168,825,-0.2470892097629565,47.840531561461795
USDJPY,3,2,2404,-0.27329072606627175,-0.8660738374589578,1579,-0.8570820022208824,825,-0.21219276899592293,47.79534109816972
USDJPY,4,2,2399,-0.6233896649613501,-2.242636907340494,1578,-2.6467677514213985,821,0.5538407979005244,48.145060441850774
USDJPY,5,2,2346,-0.43152316901090465,-1.6178134810329288,1524,-3.265242339123027,822,2.7203381627038272,49.10485933503836
USDJPY,6,2,2345,-1.0950522535843759,-4.056603919262294,1536,-4.2935072030022905,809,-1.0222550666121013,44.17910447761194
USDJPY,7,2,2401,-0.6007594526991648,-2.218089465317179,1580,-0.34403245682352923,821,-4.059761699477216,46.230737192836315
USDJPY,8,2,2401,-0.04290855723893134,-0.12894429103679056,1580,0.8941971950687227,821,-1.8763505694433973,48.47980008329863
USDJPY,9,2,2401,0.6564250537564817,1.7636097449178192,1580,1.0778997392496836,821,1.6746221476181242,51.47855060391504
USDJPY,10,2,2400,1.2390134891306146,3.34091554597087,1579,2.473363231849462,821,2.535623256611526,52.583333333333336
USDJPY,11,2,2401,0.714275949216696,2.0087039531293542,1580,2.2769171056442663,821,-0.470234547106696,51.31195335276968
USDJPY,12,2,2402,0.26104110500625255,0.8151351450036486,1581,1.0057775084763276,821,-0.3565712805460417,48.33472106577852
USDJPY,13,2,2407,0.132879781887854,0.45578079782577446,1583,0.05729255729972001,824,1.0060155196438987,48.3174075612796
USDJPY,14,2,2407,-0.5807471395911363,-1.9670225856623873,1583,-1.706734735018073,824,-1.0264177544420494,47.32031574574159
USDJPY,15,2,2409,-1.0094105457386124,-3.046767458662189,1585,-2.654982703678872,824,-1.5057690297259174,47.11498547114986
USDJPY,16,2,2411,-0.29260955801441724,-0.856683547702003,1587,-1.033727802725586,824,0.1327093266922454,47.781003732890916
USDJPY,17,2,2411,-0.03943660073526993,-0.12412381307554765,1587,0.07014471174695465,824,-0.40167232242847156,49.19120696806304
USDJPY,18,2,2411,-0.6328003502168174,-2.257453403986905,1587,-1.9134739830331384,824,-1.209015057661815,47.739527167150555
USDJPY,19,2,2411,-0.825458998080763,-2.949193073190619,1587,-2.5756252456725925,824,-1.439953940183152,46.37080049771879
USDJPY,20,2,2411,-0.6675577123072307,-1.7484840480877737,1587,-1.5099586220693186,824,-0.8834802514595104,46.82704272086271
USDJPY,21,2,2411,-0.07788537717658463,-0.1723712881816797,1587,0.19382980567172306,824,-0.7489027367086742,48.527581916217336
USDJPY,22,2,2409,0.4089788274452929,0.9129478568905083,1586,1.3683697182600498,823,-0.5087320643159384,49.77168949771689
USDJPY,23,2,2410,-0.03503146245997391,-0.08322562229144387,1587,0.272188512994311,823,-0.6211474201992813,48.42323651452282
USDJPY,0,3,2411,-0.2983709940104112,-0.693452927558349,1586,-0.4886137617614926,825,-0.602511797210529,47.53214433844878
USDJPY,1,3,2411,-0.23959870035632316,-0.5833563665618811,1586,-0.4944291400284547,825,-0.31890842521133267,47.90543343011199
USDJPY,2,3,2408,-0.2684473742774881,-0.6768602022472369,1583,-0.7519465294364709,825,0.03325343787526005,48.9202657807309
USDJPY,3,3,2404,-0.6665084684671249,-1.901957075360589,1579,-2.250238175340912,825,0.35024167029031855,47.67054908485857
USDJPY,4,3,2399,-0.6829377696387846,-2.0073352706395067,1578,-3.380904566726629,821,2.8428014620558644,48.645268862025844
USDJPY,5,3,2345,-0.6249664400780521,-1.8806356197601066,1524,-3.2111181729781566,821,1.3760285132241121,46.60980810234542
USDJPY,6,3,2345,-1.1451796596942676,-3.6613902295179854,1536,-3.109046285598166,809,-1.9341291732855714,44.776119402985074
USDJPY,7,3,2401,-0.48751985376759377,-1.3242865939142852,1580,0.42242472500278594,821,-3.517694860861775,46.647230320699705
USDJPY,8,3,2401,0.6826592382773551,1.6088142588348302,1580,1.3602708561795376,821,0.8646339813595321,50.020824656393174
USDJPY,9,3,2401,1.3638337488979435,3.0673079497181517,1580,2.6615550993385457,821,1.5300178066811623,50.437317784256564
USDJPY,10,3,2400,1.4365619003625951,3.1594958915477007,1579,2.441350958691358,821,2.3009273049472614,53.208333333333336
USDJPY,11,3,2401,0.9714555731378085,2.357522329648765,1580,2.5798939868247315,821,-0.18683107044094158,50.2707205331112
USDJPY,12,3,2402,0.33650337274672204,0.8899014128644546,1581,0.6331271747460426,821,0.8053908384290813,49.83347210657785
USDJPY,13,3,2407,-0.33512154029659563,-0.9099627194803439,1583,-0.727426469860107,824,-0.6293035833622206,47.15413377648525
USDJPY,14,3,2407,-0.9286404434955663,-2.431710773156862,1583,-2.488436008220481,824,-0.38815045490882594,48.69131699210635
USDJPY,15,3,2409,-0.7641365741081372,-1.916508667167993,1585,-1.6175506808871356,824,-1.0540639981348097,47.6961394769614
USDJPY,16,3,2411,-0.3793332503356008,-0.9376727207077301,1587,-1.043984904850481,824,-0.018208578080987064,48.44462878473663
USDJPY,17,3,2411,-0.3941818608706278,-1.0829279303346482,1587,-0.839578907644099,824,-0.7280563283857115,46.41227706345914
USDJPY,18,3,2411,-0.907952080696438,-2.5632607292509944,1587,-2.2341776961225372,824,-1.2570383863520034,47.49066777270842
USDJPY,19,3,2411,-1.0220126364824056,-2.4547577201364987,1587,-2.181159400066246,824,-1.1264986011123748,46.20489423475736
USDJPY,20,3,2411,-0.3538666389710124,-0.6949165540439315,1587,-0.32061716874541796,824,-0.8848708486872666,48.900871007880546
USDJPY,21,3,2411,0.21718271814224727,0.3906001170265041,1587,0.765901479154401,824,-0.5528383203919282,49.19120696806304
USDJPY,22,3,2409,0.2730157712633823,0.513014977888152,1586,0.9895626325859981,823,-0.6439415489622541,49.066002490660026
USDJPY,23,3,2410,-0.020700720660909628,-0.0428956533281931,1587,0.3376502809157306,823,-0.7055506744747654,49.1701244813278
USDJPY,0,4,2411,-0.3799930687455242,-0.7646865679852467,1586,-0.6099992969948516,825,-0.4974913582229576,47.241808378266285
USDJPY,1,4,2411,-0.27646756065759925,-0.599423321657634,1586,-0.6185760939144841,825,-0.089042744776637,48.900871007880546
USDJPY,2,4,2408,-0.667121415980169,-1.5936587742934547,1583,-1.9556709588109862,825,0.5097772635984282,47.674418604651166
USDJPY,3,4,2404,-0.7362237150277191,-1.879869842084238,1579,-3.066164545606189,825,2.3530742468587187,47.96173044925125
USDJPY,4,4,2398,-0.7958765524587844,-2.026278757358386,1578,-3.212371492848831,820,1.4709018693830016,46.205170975813175
USDJPY,5,4,2345,-0.720637556209264,-1.964722898424876,1524,-2.558358240414884,821,0.5142674362282291,45.88486140724947
USDJPY,6,4,2345,-1.0436226308361107,-2.6467919633668715,1536,-1.9169670608286733,809,-1.960563134411313,46.140724946695094
USDJPY,7,4,2401,0.23804794174869306,0.5222019931532005,1580,0.9644044626651932,821,-0.6374356774674571,48.52144939608497
USDJPY,8,4,2401,1.3900679334188173,2.790101518069796,1580,2.7084258151869802,821,0.8219018651866445,51.228654727197
USDJPY,9,4,2401,1.5631624773588568,3.039795122144135,1580,2.6790450290332393,821,1.4463115174634429,52.103290295710124
USDJPY,10,4,2400,1.6919853115945511,3.4075165892242545,1579,2.717589941738516,821,2.337062801590998,53.083333333333336
USDJPY,11,4,2401,1.0493765548265672,2.331337426012306,1580,2.201807670770516,821,0.7729258638053458,51.85339441899208
USDJPY,12,4,2402,-0.13445400980426184,-0.3006441732226248,1581,-0.09776668166153639,821,-0.5895663872868248,48.667776852622815
USDJPY,13,4,2407,-0.683014844201025,-1.5500090377901772,1583,-1.5962445615868048,824,-0.1966695161659025,47.90195263813876
USDJPY,14,4,2407,-0.6834718446164556,-1.5265860740030295,1583,-1.6251437400595081,824,-0.13293615566433992,47.569588699626095
USDJPY,15,4,2409,-0.8500373637894026,-1.86309743049621,1585,-1.5616530644616682,824,-1.0485843228691425,47.11498547114986
USDJPY,16,4,2411,-0.7340785104709583,-1.657963541292703,1587,-1.693821245229615,824,-0.33500074357588655,47.9883865615927
USDJPY,17,4,2411,-0.6693335913502484,-1.5649690816459914,1587,-1.3035321847124899,824,-0.8837463181297178,47.407714641227706
USDJPY,18,4,2411,-1.1045057190980805,-2.38345358170012,1587,-2.10850044094197,824,-1.1116076210427868,47.65657403566985
USDJPY,19,4,2411,-0.708321563146187,-1.3245785495222615,1587,-0.920549244131575,824,-1.098140787361555,48.48610535047698
USDJPY,20,4,2411,-0.05879854365217974,-0.09811813052212959,1587,0.28348397289493854,824,-0.6907411621365526,49.025300705101614
USDJPY,21,4,2411,0.08056271723539389,0.12938965631733312,1587,0.5487041576976693,824,-0.6728362320915731,48.73496474491912
USDJPY,22,4,2409,0.2911830596228039,0.5027082945282305,1586,0.9856919172458604,823,-0.707894255573948,48.94146948941469
USDJPY,23,4,2410,-0.004710227824502851,-0.008883918857296393,1587,0.27242281121563944,823,-0.5379293410228807,47.84232365145228
USDJPY,0,6,2411,-0.8155308723012021,-1.4826755766933861,1586,-1.652027297929261,825,0.05131118397233424,46.61965989216093
USDJPY,1,6,2411,-0.7458917184231493,-1.474145297157337,1586,-2.394330634373449,825,1.9598002342819305,49.19120696806304
USDJPY,2,6,2407,-0.8493456979591844,-1.72495911495454,1583,-2.6492833185823166,824,1.4699431426902094,47.77731616119651
USDJPY,3,6,2403,-0.8587204564533221,-1.8520936784032471,1579,-2.40005376076689,824,0.6214628798324372,46.06741573033708
USDJPY,4,6,2398,-0.7850575309400472,-1.6404775990615224,1578,-1.911614775774415,820,0.11217280939180277,47.372810675562974
USDJPY,5,6,2345,0.11181552069677053,0.21669566002881374,1524,-0.9696804550559338,821,2.040364667458054,47.97441364605544
USDJPY,6,6,2345,0.36593065928951973,0.6563836201916183,1536,0.5613954292682313,809,0.3408244706773138,48.52878464818763
USDJPY,7,6,2401,1.1447853653510673,1.918974904623952,1580,2.3888690847181957,821,-0.5148347273869909,50.18742190753852
USDJPY,8,6,2401,1.844910313289389,3.075670170012131,1580,2.9831422527529896,821,0.8664003004063986,51.728446480633075
USDJPY,9,6,2401,1.8969303049595647,3.287307355781714,1580,2.677436226319032,821,2.0319358161183323,52.14493960849646
USDJPY,10,6,2400,1.297165467391863,2.254515097027734,1579,1.7031275565994282,821,1.7707841805789268,51.416666666666664
USDJPY,11,6,2401,0.23362334952431257,0.4301093663083624,1580,0.5037200036403339,821,-0.10351836384015715,49.89587671803415
USDJPY,12,6,2402,-0.2533046616672631,-0.44922261550147385,1581,-0.4584298294908695,821,-0.06951481011721533,49.45878434637802
USDJPY,13,6,2407,-0.5234213107552212,-0.9541026354631224,1583,-1.008314454478194,824,-0.09752523690805297,49.60531782301621
USDJPY,14,6,2407,-1.1221334004934438,-2.1382457640635,1583,-2.144500403664616,824,-0.4904429345475098,47.029497299542996
USDJPY,15,6,2409,-1.4787920357214537,-2.7257439712548037,1585,-2.375614075118639,824,-1.343700481326755,46.782897467828974
USDJPY,16,6,2411,-1.205783879352222,-2.089304934562529,1587,-2.07198021630998,824,-0.5668949831969976,47.407714641227706
USDJPY,17,6,2411,-0.5521961564156732,-0.9021144229146904,1587,-0.5393192386244778,824,-0.8908660478479038,48.73496474491912
USDJPY,18,6,2411,-0.4957465504430304,-0.7531738132722166,1587,-0.3509520298624326,824,-0.9060460460466083,48.77644131065948
USDJPY,19,6,2411,-0.5498734687342094,-0.8060526030988359,1587,-0.3749392876843838,824,-0.9491880151810623,48.900871007880546
USDJPY,20,6,2411,-0.17438611908676369,-0.24888455472554036,1587,0.19560991645576,824,-0.8242803967175779,49.56449605972625
USDJPY,21,6,2411,0.088119065483954,0.1240973196313797,1587,0.5192287997479496,824,-0.6874583888784682,48.94234757362091
USDJPY,22,6,2409,0.2492278895587458,0.36871921489035625,1586,0.6655319818618107,823,-0.45329427917042864,48.567870485678704
USDJPY,23,6,2410,-0.12326866123883211,-0.19744926570705784,1587,-0.04995081663013669,823,-0.33476072493575787,48.46473029045643
USDJPY,0,8,2410,-1.0134038581386366,-1.691680874818914,1586,-2.2887343539850997,824,0.8780837172738258,47.13692946058091
USDJPY,1,8,2410,-0.9008727378066905,-1.5926371167183049,1586,-2.0242580437786666,824,0.5942971464897556,47.63485477178423
USDJPY,2,8,2407,-0.8269769256267773,-1.438671576616144,1583,-1.7107861904177495,824,0.24673070802143116,47.07104279185708
USDJPY,3,8,2403,-0.05186864023156352,-0.08820691059652509,1579,-1.192026308314633,824,1.996321543718157,48.10653349979192
USDJPY,4,8,2398,0.6505738341983444,1.0755271919029505,1578,0.21772908933446247,820,1.860365055974202,49.62468723936614
USDJPY,5,8,2345,1.036891198882127,1.6126918868655329,1524,0.9071091432061301,821,1.7447240474073666,49.637526652452024
USDJPY,6,8,2345,0.7787675315046979,1.197043229933258,1536,1.1314549014721487,809,0.4151220155972081,48.57142857142857
USDJPY,7,8,2401,1.4785531929517743,2.275044120888461,1580,2.4598862716732803,821,0.1623791973956885,49.93752603082049
USDJPY,8,8,2401,1.4513561917022764,2.164116033571471,1580,2.1024067597356595,821,0.5935263731034169,50.85381091211995
USDJPY,9,8,2401,1.078344946387838,1.62462506826825,1580,1.2075930563752062,821,1.2678566095299852,50.22907122032486
USDJPY,10,8,2400,1.182970623189144,1.7937574268545025,1579,1.1779999234022631,821,1.7812335746403503,51.041666666666664
USDJPY,11,8,2401,0.381343696908428,0.5915691242219928,1580,0.6855923911931523,821,-0.09101447784278614,50.437317784256564
USDJPY,12,8,2402,-0.6866848722313352,-1.0880812171811507,1581,-1.024912124172778,821,-0.3758763581454001,48.45961698584513
USDJPY,13,8,2407,-1.1518211300306291,-1.8494984061668138,1583,-1.80849964316077,824,-0.5103590493837151,48.23431657665143
USDJPY,14,8,2407,-1.586594707097482,-2.440634266319899,1583,-2.3953028732995527,824,-0.682230824574848,47.15413377648525
USDJPY,15,8,2409,-1.352254055100589,-1.9150002663012937,1585,-1.4989824283628528,824,-1.2675811517036175,48.484848484848484
USDJPY,16,8,2411,-0.5970247106971739,-0.7999053112552037,1587,-0.6078260165811717,824,-0.5468799834141802,49.025300705101614
USDJPY,17,8,2411,-0.39374806200369705,-0.522067082314611,1587,-0.11261688844580785,824,-0.833257644120496,49.813355454168395
USDJPY,18,8,2411,-0.6113341258776162,-0.8115329215377455,1587,-0.353530900451619,824,-1.0032521985578218,48.61053504769805
USDJPY,19,8,2411,-0.5423171204856508,-0.7136740864550988,1587,-0.28796873507605364,824,-0.947078281428881,49.025300705101614
USDJPY,20,8,2411,-0.24911927726707364,-0.31727652967869097,1587,0.025310934635321757,824,-0.7023893956574532,48.900871007880546
USDJPY,21,8,2411,-0.011748891535016986,-0.015073690928096017,1587,0.2409485302594607,824,-0.4810361572788449,48.693488179178765
USDJPY,22,8,2409,-0.1757907923359563,-0.24920213464691707,1586,-0.24251452885024932,823,-0.07335998248848652,48.111249481112495
USDJPY,23,8,2410,-0.5895864307527499,-0.9087098724121759,1587,-1.4990309644300521,823,1.0541579923453785,48.63070539419087
USDJPY,0,12,2410,0.44557886009494657,0.5792510716687447,1586,-0.05256568149224234,824,1.4727824781556529,48.04979253112033
USDJPY,1,12,2410,0.8601846692235842,1.1180957956066269,1586,0.4506080394640684,824,1.6658157227998007,49.25311203319502
USDJPY,2,12,2407,1.0960738720500363,1.4423815249759615,1583,0.6887813286053021,824,1.9352878997091416,49.771499792272536
USDJPY,3,12,2403,1.089467118720491,1.4679051806223202,1579,0.5924249815868919,824,2.118787004384359,49.6046608406159
USDJPY,4,12,2398,0.6149141291123601,0.818542858532714,1578,0.19449851020695608,820,1.456902655000888,50.08340283569641
USDJPY,5,12,2345,0.5126715531206276,0.6760814740354274,1524,-0.08403530229984654,821,1.6888198040245601,49.850746268656714
USDJPY,6,12,2345,0.34320460216112864,0.4405394425577602,1536,0.29988052555869105,809,0.3907265313500078,48.31556503198294
USDJPY,7,12,2401,0.8081879735176029,1.0142519501063645,1580,1.2650394513612961,821,-0.312529151827967,49.5210329029571
USDJPY,8,12,2401,0.9033983025471667,1.1173633402345935,1580,1.0210735548851535,821,0.4536364694780711,49.93752603082049
USDJPY,9,12,2401,0.6071050913851633,0.7424589526991019,1580,0.5032960379746342,821,0.6746185263604397,49.27113702623907
USDJPY,10,12,2400,0.29428926811706596,0.35656694252948107,1579,-0.010484589572046113,821,0.8481826944254652,50.0
USDJPY,11,12,2401,-0.12209107687807542,-0.14228341327563207,1580,0.12906711964522471,821,-0.6009406407491207,49.68763015410246
USDJPY,12,12,2402,-0.5206809303286499,-0.5848023692565224,1581,-0.37033721268092473,821,-0.5600858070846698,48.8759367194005
USDJPY,13,12,2407,-0.8729331906836562,-0.9768743263742342,1583,-0.75167864446582,824,-0.6594241609407608,48.56668051516411
USDJPY,14,12,2407,-1.1029290361343866,-1.2358261759131082,1583,-0.9827035728469763,824,-0.774417483241172,48.525135022850016
USDJPY,15,12,2409,-1.20121213287918,-1.3276164184280683,1585,-0.895168465056018,824,-1.1239414239148842,48.06973848069738
USDJPY,16,12,2411,-0.7873454443120629,-0.8670578453562315,1587,-0.6629494869943195,824,-0.5873897189729791,48.94234757362091
USDJPY,17,12,2411,-0.4860596707741036,-0.5439243380632982,1587,-0.2592117801142316,824,-0.6455037309779985,49.2326835338034
USDJPY,18,12,2411,-1.112770579110903,-1.2947177145272628,1587,-1.1585948551749068,824,-0.5783694496899605,48.527581916217336
USDJPY,19,12,2411,-1.101903718886925,-1.2968715807568674,1587,-1.5781249178887988,824,0.2471512882506431,49.2326835338034
USDJPY,20,12,2410,-0.892595413763964,-1.0457241780661528,1587,-1.2288380412394437,823,0.11070791816216281,47.84232365145228
USDJPY,21,12,2410,-0.6543381523531803,-0.7700874926153443,1587,-0.7898226115503116,823,-0.1403372862623799,47.84232365145228
USDJPY,22,12,2408,-0.35182105857172746,-0.42965413858561324,1586,-0.36562925567766663,822,-0.2286775767212055,48.08970099667774
USDJPY,23,12,2409,0.030792848440864995,0.03882395586747792,1587,-0.576134220437593,822,1.220964617572482,48.318804483188046
EURJPY,0,1,2412,-0.22360690546859727,-0.6534005385213041,1587,-1.3494961684862756,825,1.1437021825492495,48.134328358208954
EURJPY,1,1,2412,-0.9095107197306193,-3.170124438533546,1587,-2.9213768955769157,825,-1.2413821437968124,48.134328358208954
EURJPY,2,1,2408,-0.28749648305135606,-1.0767419213503915,1583,-0.48845598406013097,825,-1.5360331428507141,47.00996677740864
EURJPY,3,1,2405,-0.4090042775824089,-1.6613058434387815,1580,-2.087205112262126,825,0.3311183926771419,47.44282744282744
EURJPY,4,1,2400,-0.7163312006593329,-2.9954793373880126,1578,-2.247215147333514,822,-2.3097932640016934,46.208333333333336
EURJPY,5,1,2342,0.007560131535398231,0.03671995635590824,1520,-1.027551931903675,822,2.222688727787093,50.128095644748086
EURJPY,6,1,2341,-0.7658189195828632,-3.5569146575307795,1531,-2.9864962006057634,810,-2.053688539454578,46.51858180264844
EURJPY,7,1,2400,-1.635872867325976,-6.161642113215802,1579,-2.9938759947498985,821,-6.3029935072764465,39.5
EURJPY,8,1,2400,-0.269497867325959,-1.0588031346601154,1579,0.796838049110755,821,-4.370818050536654,47.708333333333336
EURJPY,9,1,2401,0.10428697926571515,0.34101396637617876,1580,-0.23192219196131558,821,1.094010495353656,48.52144939608497
EURJPY,10,1,2400,-0.029247867326027452,-0.10414277601926382,1579,-0.5489013589573581,821,0.7521096849013919,48.541666666666664
EURJPY,11,1,2401,0.12423700009037068,0.360636321558876,1580,0.8179299997946475,821,-1.3591542406718642,48.81299458558934
EURJPY,12,1,2402,0.030258516243271097,0.1116640659569683,1581,-0.040774336440432095,821,0.42019141596132914,48.8759367194005
EURJPY,13,1,2407,0.37159142086124297,1.5750662336510313,1583,1.5839192862351503,824,0.30004317926516194,49.8545907769007
EURJPY,14,1,2407,-0.49317800165638054,-1.9788989338295175,1583,-2.1462024372993724,824,0.007154742097664716,47.029497299542996
EURJPY,15,1,2409,-0.2513921180524654,-0.7930641736372158,1585,-0.5054990417745592,824,-0.9001339468463142,49.522623495226235
EURJPY,16,1,2411,-0.5109613333843334,-1.3025073977680286,1587,-1.3870213556952113,824,-0.08697375501417033,48.94234757362091
EURJPY,17,1,2411,0.4317595293282327,1.1492492911906718,1587,1.9234710608547385,824,-1.248090112897763,49.56449605972625
EURJPY,18,1,2411,0.4146711842432563,1.2873501100501759,1587,0.9913292018707852,824,0.8903176941402403,50.68436333471589
EURJPY,19,1,2411,-0.09424627739101342,-0.324849119311245,1587,-0.21760765538958546,824,-0.2900220748639531,50.43550394027374
EURJPY,20,1,2411,0.5008180112859175,1.5740095552383973,1587,1.1624042453056516,824,1.2307641773343894,51.14060555785981
EURJPY,21,1,2412,-0.48210607628122326,-1.260865804928799,1588,-0.8531362461621851,824,-1.144769138251763,48.67330016583748
EURJPY,22,1,2410,-0.3541973832319378,-0.8678531841085383,1587,-0.0048068090853101006,823,-1.8379821463116777,50.12448132780083
EURJPY,23,1,2411,0.6319669121569392,1.5637561584505881,1588,1.1067571590496406,823,1.1973940640936576,50.68436333471589
EURJPY,0,2,2412,-0.9343199469239146,-2.1072788897143893,1587,-2.6220585503673393,825,0.48316599012033146,48.79767827529022
EURJPY,1,2,2412,-1.034444325033409,-2.7224220050903556,1587,-2.283323121964139,825,-1.532116204039039,47.09784411276949
EURJPY,2,2,2408,-0.5218368199233071,-1.4713529548685391,1583,-1.4800864016298168,825,-0.3415738456972679,47.21760797342193
EURJPY,3,2,2405,-0.9489441061003556,-2.8045472647774603,1580,-2.776248821191344,825,-0.7450625689194963,46.73596673596674
EURJPY,4,2,2400,-0.720912401318639,-2.3041506462240062,1578,-2.6404026781731327,822,0.3140015566255903,48.083333333333336
EURJPY,5,2,2342,0.4383482733184355,1.1196409241156142,1520,-0.7939110611690997,822,5.226124289727416,53.45858240819812
EURJPY,6,2,2340,-1.680487187643413,-4.8558451543581915,1531,-3.3009677555086694,809,-3.7906541785513257,42.26495726495727
EURJPY,7,2,2400,-1.7064957346519514,-4.975475328298014,1579,-1.0611243077189498,821,-8.369087106027974,41.375
EURJPY,8,2,2400,0.01846259868137016,0.04675001544988307,1579,0.6900836777029493,821,-1.2403809836995545,48.20833333333333
EURJPY,9,2,2401,0.264425686977887,0.6294614257747143,1580,-0.20185102414372016,821,1.6872110023169413,49.06289046230737
EURJPY,10,2,2400,0.27921259868134385,0.609150686119446,1579,0.59413365159623,821,0.15411034945676025,48.625
EURJPY,11,2,2401,0.35605417510785226,0.7682139060402801,1580,0.8798786839434696,821,-0.22502329079508582,48.0216576426489
EURJPY,12,2,2402,0.5997759833608038,1.6877167219727707,1581,1.4131083762713579,821,1.0204478107809987,50.12489592006661
EURJPY,13,2,2407,0.07002122975741083,0.20160619253807996,1583,-0.08839102054197044,824,0.7589145338241783,48.69131699210635
EURJPY,14,2,2407,-0.5263643124112823,-1.3338934839791572,1583,-1.3517597503683936,824,-0.19868042822940848,48.151225592023266
EURJPY,15,2,2409,-0.5647601597246313,-1.1308067842801417,1585,-1.1359672606423497,824,-0.2163746401101578,48.94146948941469
EURJPY,16,2,2411,0.11785335977633628,0.2150920398894513,1587,0.5512314062073101,824,-0.6722589361710862,48.278722521775194
EURJPY,17,2,2411,1.0503295107510804,2.085539127398369,1587,2.3672334475994457,824,-0.05672887221119088,49.85483201990875
EURJPY,18,2,2411,0.5264390088845963,1.2015257036144629,1587,0.9294502416438015,824,0.8280652264366165,50.7673164661966
EURJPY,19,2,2411,0.5971150769061138,1.42261716300742,1587,1.071534998137269,824,1.0310628485407525,50.974699294898386
EURJPY,20,2,2411,0.20441495247647365,0.4159411944600532,1587,0.37152712787749004,824,0.18691119729462688,50.7673164661966
EURJPY,21,2,2412,-0.6435239270234414,-1.1125991281138925,1588,-0.3242071849135561,824,-1.8449236500593071,48.0514096185738
EURJPY,22,2,2410,0.4567089679759497,0.7977516625685581,1587,0.9908388942473101,823,-0.12334559560798004,49.95850622406639
EURJPY,23,2,2411,0.6124614062301008,1.1554706646729929,1588,0.26126845813395866,823,1.9267567421851912,50.06221484861053
EURJPY,0,3,2412,-1.059253552226705,-2.0489860124812136,1587,-2.284076685653391,825,0.0010898571849042578,47.38805970149254
EURJPY,1,3,2412,-1.2580926898718405,-2.801166955466528,1587,-2.8173062876696,825,-0.6670024080980418,47.885572139303484
EURJPY,2,3,2408,-1.0476638677587047,-2.3875828142959445,1583,-2.1187900656844882,825,-1.1019298746784487,45.722591362126245
EURJPY,3,3,2405,-0.9474702132045685,-2.4208356501558113,1580,-3.108688206950624,825,0.8153035729619623,47.77546777546778
EURJPY,4,3,2400,-0.284451935311299,-0.642760372513943,1578,-1.9961333551986835,822,3.8455848554761167,51.87500000000001
EURJPY,5,3,2341,-0.40437687835553277,-0.9095984399290346,1520,-1.474770031935816,821,0.8066757737987408,46.51858180264844
EURJPY,6,3,2340,-1.8545342002685392,-4.784637999486244,1531,-2.1590301626568094,809,-6.067950093187731,42.0940170940171
EURJPY,7,3,2400,-1.4185352686446224,-3.1758809052158004,1579,-0.6565916913245065,821,-5.566055564122608,43.833333333333336
EURJPY,8,3,2400,0.18333973135536324,0.3764244593059002,1579,0.5375652064832156,821,-0.23304372810863613,49.041666666666664
EURJPY,9,3,2401,0.5731691427117613,1.0300717650848246,1580,0.6133707813546577,821,1.169248773787976,48.97959183673469
EURJPY,10,3,2400,0.5107147313553565,0.9194203850122716,1579,0.7178735224416513,821,0.6986029660735091,49.416666666666664
EURJPY,11,3,2401,0.9202745154731059,1.8050707202745864,1580,1.7850888828826916,821,0.3594127750627787,49.56268221574344
EURJPY,12,3,2402,0.30963483265987723,0.7263683249097973,1581,0.2362511772905691,821,1.3897801030449886,49.875104079933394
EURJPY,13,3,2407,0.03683491900250881,0.08007074294293887,1583,-0.0767645017738568,824,0.4316764020185883,49.48068134607395
EURJPY,14,3,2407,-0.8413536975325662,-1.5048341335558462,1583,-1.6811114425641782,824,0.15357085305386484,48.69131699210635
EURJPY,15,3,2409,0.05167669690122515,0.08263562264243718,1585,0.4135485787513722,824,-0.715980864059977,49.39809049398091
EURJPY,16,3,2411,0.7364233411991826,1.1606665468598256,1587,1.2147167023588739,824,0.15627408107205232,50.725839900456236
EURJPY,17,3,2411,1.1620973353924198,1.9830519992158469,1587,2.1878594513742606,824,0.07199780288654492,50.43550394027374
EURJPY,18,3,2411,1.2178003631817231,2.27085080008862,1587,1.7176408274432642,824,1.6337603853497527,52.50933222729158
EURJPY,19,3,2411,0.3007120180966691,0.5272615670677523,1587,0.4505015765565531,824,0.27769252833956304,51.05765242637909
EURJPY,20,3,2411,0.04513342000464766,0.06907945691902909,1587,0.49911531012055954,824,-0.8685170150222551,49.19120696806304
EURJPY,21,3,2412,0.15815938309666097,0.2277299747579411,1588,0.5129839479819497,824,-0.46554217888420174,49.792703150912104
EURJPY,22,3,2410,0.4442958171091657,0.6571799754161964,1587,0.40650557183731373,823,0.6267508966552107,50.954356846473026
EURJPY,23,3,2411,-0.09708972391903578,-0.16295786886521094,1588,-0.9731307367934963,823,1.452864602876234,50.352550808793026
EURJPY,0,4,2412,-1.2829019170651363,-2.273694782334585,1587,-2.7876975143522973,825,0.43552935554666117,47.38805970149254
EURJPY,1,4,2412,-1.8053728955062838,-3.4965917176440677,1587,-3.289098094963143,825,-1.2523746496968975,46.434494195688224
EURJPY,2,4,2408,-1.0572533740658525,-2.231553856313203,1583,-2.5846605332848887,825,0.2240517866197544,47.71594684385382
EURJPY,3,4,2405,-0.5157260500385323,-1.051794928251855,1580,-2.557372580386981,825,3.6181598311979193,50.1039501039501
EURJPY,4,4,2399,-0.9947608176435043,-2.057711150218965,1578,-2.308940147016546,821,0.0071346426856664785,46.727803251354736
EURJPY,5,4,2341,-0.6132970367252293,-1.2705321341674793,1520,-0.9414505633742861,821,-0.9686816404571125,45.45066211020931
EURJPY,6,4,2340,-1.6287948881073633,-3.5172559843992928,1531,-1.7933799198769191,809,-4.120398584745385,44.4017094017094
EURJPY,7,4,2400,-1.2536581359706294,-2.3554247292078143,1579,-0.5641107500914734,821,-4.067523748971798,45.33333333333333
EURJPY,8,4,2400,0.491800197362734,0.7803240622061657,1579,1.063306521532055,821,-0.5475412949708544,48.833333333333336
EURJPY,9,4,2401,0.8085681586288672,1.2651258860894892,1580,0.7388771314829591,821,1.5229797988969294,49.22948771345273
EURJPY,10,4,2400,1.0711751973627037,1.800440866227683,1579,1.5126629451334985,821,1.0892485171324067,50.33333333333333
EURJPY,11,4,2401,0.6313086834102292,1.1908680553259459,1580,0.9835995705682632,821,0.7666822639267663,50.31236984589754
EURJPY,12,4,2402,0.27594663782900464,0.5213994284527206,1581,0.18178073821826682,821,1.042813252481792,50.707743547044124
EURJPY,13,4,2407,-0.2781544661187754,-0.4562656938501466,1583,-0.7176232855659285,824,0.5861927679732444,49.39759036144578
EURJPY,14,4,2407,-0.2163763190477275,-0.32091625597238344,1583,-0.17112863219916974,824,-0.4130092297832703,48.81595346904861
EURJPY,15,4,2409,0.6774535286205298,0.9622550524753614,1585,1.0382453949445816,824,0.05131794622694112,49.605645496056454
EURJPY,16,4,2411,0.8481911658405226,1.223179364466053,1587,1.2439479782952303,824,0.2446464439344562,50.68436333471589
EURJPY,17,4,2411,1.8534586896895464,2.750934146478584,1587,2.6569508243195825,824,0.8388025104527014,51.63832434674409
EURJPY,18,4,2411,0.9213973043722787,1.3959727144333316,1587,1.1067092233319198,824,0.9016395042566737,52.0116134384073
EURJPY,19,4,2411,0.14143048562484328,0.19684491619332736,1587,0.5580348272301701,824,-0.6806468879772419,49.85483201990875
EURJPY,20,4,2411,0.83956404016655,1.1059718858599727,1587,1.144128194437908,824,0.20436414931735986,50.974699294898386
EURJPY,21,4,2412,0.14392229520683197,0.183744227596497,1588,0.08825977431282168,824,0.22622391126808541,49.543946932006634
EURJPY,22,4,2410,-0.2615613171600907,-0.359445672937332,1587,-0.6080801965088499,823,0.3647954283975806,50.0
EURJPY,23,4,2411,-0.22422691794212524,-0.3488427797361503,1588,-0.9347931755738186,823,1.0412488124427104,49.35711323102447
EURJPY,0,6,2412,-1.8749747661449565,-2.905199668238866,1587,-3.602386345923872,825,0.7633657816268358,47.42951907131012
EURJPY,1,6,2412,-1.4333910182179517,-2.3158166731434604,1587,-3.3268204810806052,825,1.9824154233774578,48.96351575456053
EURJPY,2,6,2407,-1.3230065226098193,-2.233451822622104,1583,-2.5258396101019347,824,0.04509435758660628,46.61404237640216
EURJPY,3,6,2404,-1.3496918628577206,-2.4459251299287854,1580,-2.203810367959044,824,-1.0608477633561495,45.4242928452579
EURJPY,4,6,2399,-0.9831583169196403,-1.7773083422765994,1578,-1.5947974356382209,821,-0.7841807998041356,46.727803251354736
EURJPY,5,6,2341,-0.128659779778211,-0.2107625047664006,1520,-0.6843026728343298,821,0.8695604739936847,46.98846646732166
EURJPY,6,6,2340,-1.1456495971183067,-1.6549881825851602,1531,-0.5838206886957614,809,-2.714915447805482,45.256410256410255
EURJPY,7,6,2400,-0.7186955372892455,-0.9417653703568927,1579,0.33254084730425354,821,-3.3015980023162617,46.33333333333333
EURJPY,8,6,2400,1.2582627960440933,1.7018897783509137,1579,1.720630914614425,821,0.2740311068492111,49.958333333333336
EURJPY,9,6,2401,1.0811571109129179,1.5856873415547548,1580,0.8528407667632513,821,2.0210548317013806,49.68763015410246
EURJPY,10,6,2400,0.7543461293773925,1.0960449767690397,1579,0.7341056011799004,821,1.1431762958511895,50.916666666666664
EURJPY,11,6,2401,0.28432245868466777,0.41376317145139035,1580,0.16653199518521783,821,0.7043754953026136,49.85422740524781
EURJPY,12,6,2402,0.5526585079508485,0.7286628674706496,1581,0.6722117914464123,821,0.2811049208257896,50.0
EURJPY,13,6,2407,0.9724650187279748,1.229091572112001,1583,1.087908490406071,824,0.5774376145980318,50.39468217698379
EURJPY,14,6,2407,0.5229012463972359,0.6581115164345376,1583,0.559847048768033,824,0.3548546631439246,49.93768176152887
EURJPY,15,6,2409,1.4799411895683414,1.7966930192151511,1585,1.6162189034467644,824,0.7844336275652727,51.515151515151516
EURJPY,16,6,2411,1.2431494613282041,1.4739108248367472,1587,1.4058928410394256,824,0.4851429599940546,51.4309415180423
EURJPY,17,6,2411,1.397774098408276,1.58242707154683,1587,1.9822709711121744,824,-0.39969634868812115,51.347988386561596
EURJPY,18,6,2411,1.5565463920623546,1.7713665133799787,1587,1.6210451475724243,824,0.7257734494368098,51.59684778100373
EURJPY,19,6,2411,0.9244020536135359,1.0417196151463768,1587,0.7402374685461842,824,0.8353888890591101,50.06221484861053
EURJPY,20,6,2411,0.1199225845136364,0.13656279110468797,1587,-0.15073748905823056,824,0.5777756105266229,50.39402737453339
EURJPY,21,6,2412,-0.6740212006391704,-0.7799251580579986,1588,-0.773823774256229,824,-0.2030804900080471,48.59038142620232
EURJPY,22,6,2410,-0.6213253782297972,-0.7713729700447013,1587,-1.0474081498900225,823,0.3166663048734864,50.04149377593361
EURJPY,23,6,2411,-0.9997373076473327,-1.349688814256548,1588,-1.9168760279478962,823,0.759600439432974,48.154292824554126
EURJPY,0,8,2411,-2.1836259636320405,-3.002490932670173,1587,-3.589535630940162,824,0.49052003033501906,46.329323931978436
EURJPY,1,8,2411,-2.2477902108323944,-3.352726760307826,1587,-2.9961074819540454,824,-1.5071769431796729,46.82704272086271
EURJPY,2,8,2407,-1.2812362276260219,-1.9612772189236838,1583,-1.901969853966604,824,-0.5861750867676514,46.61404237640216
EURJPY,3,8,2404,-0.8639956951248197,-1.304197428937322,1580,-1.7559790588125528,824,0.5534894984715724,46.17304492512479
EURJPY,4,8,2399,-0.38493639143544456,-0.5211205812226065,1578,-0.5340787648555666,821,-0.08348225756010666,47.89495623176324
EURJPY,5,8,2341,0.323341851367937,0.4000582713090737,1520,0.08069647527604941,821,0.8191672818473067,48.44083724903887
EURJPY,6,8,2340,-0.37835900698395547,-0.4763401111261745,1531,0.23578533313126118,809,-1.7338831191955641,47.43589743589743
EURJPY,7,8,2400,-0.4658996052745266,-0.5936352908205127,1579,0.43435963270513106,821,-2.4717260196333033,46.58333333333333
EURJPY,8,8,2400,0.9961420613921157,1.2298925969255003,1579,1.1531689251548907,821,0.42804672621199297,50.583333333333336
EURJPY,9,8,2401,0.731713576732963,0.8918806644578977,1580,0.19846270149387463,821,1.8001560734678383,50.64556434818825
EURJPY,10,8,2400,1.0292253947254366,1.1993102655488703,1579,1.0812494373969928,821,0.520926152585637,49.875
EURJPY,11,8,2401,1.4852745929762292,1.6959676319627008,1580,1.6030000724993227,821,0.566657688323875,50.77051228654727
EURJPY,12,8,2402,1.2769557236180513,1.4617100651972474,1581,1.221154457034974,821,0.8500804324388969,51.12406328059949
EURJPY,13,8,2407,1.77377000419782,1.9784422059459086,1583,1.6271260125113005,824,1.1886412302100298,51.6825924387204
EURJPY,14,8,2407,0.9097899460341605,0.9775351515641159,1583,0.8117375207701621,824,0.5657681875352165,51.26713751557956
EURJPY,15,8,2409,1.017547156867425,1.020726640936073,1585,1.288314492585712,824,-0.29900723173429067,50.80946450809465
EURJPY,16,8,2411,1.8782985490182802,1.8179669583686802,1587,1.8225976135892195,824,0.4457143693930194,51.347988386561596
EURJPY,17,8,2411,2.180745666396968,2.117330326949593,1587,1.9522857929767483,824,0.8352049989335892,52.218996267109084
EURJPY,18,8,2411,0.8369049364094412,0.8559814855290991,1587,0.4274721981670549,824,1.0231277201172357,50.68436333471589
EURJPY,19,8,2411,0.1089082545346317,0.1135259205052521,1587,-0.07974543637223024,824,0.4005412740893466,49.31563666528411
EURJPY,20,8,2411,-0.22634682634464195,-0.23939618578937732,1587,-0.5607857166271693,824,0.5525224843280362,50.228121111571966
EURJPY,21,8,2412,-1.4616993565183467,-1.5607308320464357,1588,-1.5919031049402388,824,-0.3209462962904456,48.8391376451078
EURJPY,22,8,2410,-1.2164421363948956,-1.4068353683985697,1587,-1.8583841940789305,823,0.5585910156648075,49.33609958506224
EURJPY,23,8,2411,-0.6251854825039175,-0.7680164263627137,1588,-2.2093032193694477,823,3.023917737879434,50.4769805060141
EURJPY,0,12,2411,-1.5231577343323786,-1.6582702001170466,1587,-2.0077597421691915,824,0.3689237600650093,47.53214433844878
EURJPY,1,12,2411,-1.2931701773021154,-1.4100079620698476,1587,-1.5540406828563484,824,0.006559596918027951,47.36623807548735
EURJPY,2,12,2407,0.002595180787805074,0.0028851512820465617,1583,-0.239719893058807,824,0.5373285568427295,48.026589115081016
EURJPY,3,12,2404,-0.30150518994175096,-0.3517259130886412,1580,-0.8357812014470183,824,0.980938695335702,48.793677204658906
EURJPY,4,12,2399,-0.0728610273365859,-0.08269403353742599,1578,-0.3907934554711642,821,0.6818813805702115,48.103376406836176
EURJPY,5,12,2341,0.37382097867514624,0.4077186923787099,1520,-0.1793295878748399,821,1.4123870271150847,48.95343870140965
EURJPY,6,12,2340,-0.18129919423660687,-0.18297967543788904,1531,0.4060033734958605,809,-1.35158073389368,47.73504273504274
EURJPY,7,12,2400,0.44785892542155814,0.42972617754705156,1579,1.2294282741899032,821,-1.7132938805117057,49.45833333333333
EURJPY,8,12,2400,2.0084839254215208,1.8756863061817024,1579,1.800043953968399,821,0.566584465043062,51.24999999999999
EURJPY,9,12,2401,2.7323267166196237,2.5039279067506333,1580,1.881130570293315,821,1.9084542027613152,50.93710953769263
EURJPY,10,12,2400,2.1284839254215098,1.9332406067962886,1579,1.6248292358336782,821,1.0948384375041713,51.87500000000001
EURJPY,11,12,2401,1.8109189698474812,1.5764852218396377,1580,1.7071662156272294,821,0.05964923027224642,52.72802998750521
EURJPY,12,12,2402,2.290953985094038,1.9437441272399414,1581,1.774934248689213,821,0.7946878843545172,51.582014987510405
EURJPY,13,12,2407,2.0931228085402163,1.7405314861056829,1583,1.3832057584993753,824,1.132949493515339,52.13959285417532
EURJPY,14,12,2407,0.8061680931268695,0.6711838555978765,1583,0.3540093912665417,824,0.7848005755686174,51.30868300789364
EURJPY,15,12,2409,0.954444438082361,0.7973708838403055,1585,0.6480599439586461,824,0.4850165780874112,50.35284350352843
EURJPY,16,12,2411,0.8123876825070908,0.6856534049542602,1587,0.40407311473460256,824,0.7122567722269156,50.228121111571966
EURJPY,17,12,2411,0.5735656169741197,0.4999471359791655,1587,0.38937162434922984,824,0.3354177784977786,51.09912899211946
EURJPY,18,12,2411,-0.10125810762146506,-0.09295937867822769,1587,-0.6927045651959014,824,1.2006269570007548,49.93778515138946
EURJPY,19,12,2411,-0.3160652415908241,-0.28966040095331796,1587,-1.1867127055059292,824,1.881801111572641,50.4769805060141
EURJPY,20,12,2410,-1.1908665240943552,-1.1200564362201606,1587,-1.4824401365364896,823,0.49197523558952294,49.33609958506224
EURJPY,21,12,2411,-1.9545554945978258,-1.8730404012982982,1588,-1.7273879015024245,823,-0.730048000519908,47.36623807548735
EURJPY,22,12,2409,-1.4793455162555371,-1.503971877183872,1587,-1.637359674436513,822,-0.09606435909761563,47.3225404732254
EURJPY,23,12,2410,-0.9968831216047835,-1.0721122355658976,1588,-1.7844416735698272,822,1.1545383292215932,47.75933609958506
GBPJPY,0,1,2412,-0.443122454872333,-0.8774930462631612,1587,-1.0749275598636783,825,0.07543238844223935,48.34162520729685
GBPJPY,1,1,2412,-0.8105768495655938,-2.0039603562525308,1587,-1.8571800117873887,825,-0.8068285119923423,47.8441127694859
GBPJPY,2,1,2409,-0.19915920759691,-0.5515298524890244,1584,-0.4432374895946789,825,-0.33594421535161945,48.27729348277294
GBPJPY,3,1,2405,-0.46276871422005,-1.3839495681554395,1580,-2.559930668174458,825,1.4575302529218936,48.773388773388774
GBPJPY,4,1,2399,-0.6220446425998125,-1.8697512918423635,1578,-1.2535532242076781,821,-1.541300402620655,49.56231763234681
GBPJPY,5,1,2342,0.6101685198016962,2.1032789499182596,1520,0.6109062197975246,822,2.908862862636847,53.1596925704526
GBPJPY,6,1,2343,-1.2829553008855112,-4.2465378035475245,1533,-4.382262746445496,810,-0.684806174679581,45.710627400768246
GBPJPY,7,1,2401,-2.2410841250719074,-5.712909051379727,1580,-3.1593692062912866,821,-4.921707888121176,40.2332361516035
GBPJPY,8,1,2400,-0.6203183503947525,-1.5212799414464422,1579,0.4046685097468924,821,-4.799539106563717,46.708333333333336
GBPJPY,9,1,2400,0.14376498293859127,0.37328706851252236,1579,-0.2630396812476497,821,1.273348337760434,49.5
GBPJPY,10,1,2399,0.4268507304723161,1.0740328462170083,1578,0.4818484304923878,821,1.315029063538798,49.6040016673614
GBPJPY,11,1,2401,0.5258046712628991,0.8487512595214033,1580,1.1648313480730936,821,-1.303189504163433,48.47980008329863
GBPJPY,12,1,2401,0.0046051710546639885,0.01283792348126468,1580,-0.16565080761673032,821,0.5105431377790247,48.22990420658059
GBPJPY,13,1,2407,0.4792203388449991,1.558541977815465,1583,1.5134665253315505,824,0.4296335730052723,49.314499376817615
GBPJPY,14,1,2407,-0.4343650371417185,-1.218227066551774,1583,-1.0110851151087543,824,-0.7578756234328842,48.026589115081016
GBPJPY,15,1,2409,-0.058312383188416396,-0.1437417708615254,1585,0.5709638718501965,824,-1.4673810993539769,48.94146948941469
GBPJPY,16,1,2411,0.0006916558267558314,0.0012957450033748844,1587,-0.6574178636866761,824,1.2290894373832233,48.98382413936126
GBPJPY,17,1,2411,0.6257849780996992,1.0854148673545274,1587,1.2263111972934715,824,-0.015109921987874603,50.4769805060141
GBPJPY,18,1,2411,-0.5823859053511876,-1.191118042286669,1587,-0.4128995281891807,824,-1.707057612905706,48.154292824554126
GBPJPY,19,1,2411,-0.4214568302785767,-0.9252193203263623,1587,-0.8197055238828173,824,-0.4289925741006317,49.89630858564911
GBPJPY,20,1,2411,-0.012166079552741696,-0.02555038338209458,1587,-0.13796498981167019,824,0.18724356989585692,50.352550808793026
GBPJPY,21,1,2412,-0.28317220611614036,-0.5711873800953874,1588,-0.9613635724786266,824,0.5393714152279102,49.295190713101164
GBPJPY,22,1,2410,0.22715623466749854,0.4144065907416066,1587,1.7513945172077512,823,-2.35872944833021,50.12448132780083
GBPJPY,23,1,2411,0.6193146338442111,1.1574610295484686,1588,1.2804780510036835,823,0.18607386610187748,51.347988386561596
GBPJPY,0,2,2412,-1.0673808964777394,-1.6441448210607204,1587,-1.7466070739232336,825,-0.27378176987448677,47.92703150912106
GBPJPY,1,2,2412,-0.8361205316352635,-1.573253641923741,1587,-1.4687332842214296,825,-0.5996497449393875,48.217247097844115
GBPJPY,2,2,2409,-0.4985674811962325,-1.043375281546222,1584,-1.8738936600809728,825,1.1326871455547902,48.318804483188046
GBPJPY,3,2,2405,-0.9232089461116811,-2.005605262194971,1580,-2.442957627729145,825,0.151495848258319,49.48024948024948
GBPJPY,4,2,2399,-0.18298048986824514,-0.4263078884045769,1578,-1.2109494722040888,821,1.1725852506887056,50.81283868278449
GBPJPY,5,2,2342,1.2360928039074424,2.621992747518272,1520,-0.18532673140611883,822,6.229615421919145,55.16652433817251
GBPJPY,6,2,2342,-2.635512661506739,-5.3742963650567175,1533,-4.669636367800675,809,-2.824665864304296,41.33219470538002
GBPJPY,7,2,2401,-2.681210315949814,-4.804491697287851,1580,-1.240283559747084,821,-7.508385474262139,41.774260724698046
GBPJPY,8,2,2400,-0.2928867007894858,-0.5291987265964202,1579,0.36340838249843044,821,-1.945424794952837,46.58333333333333
GBPJPY,9,2,2400,0.7566549658772241,1.34398806377029,1579,0.3923955676014263,821,2.1222288483871843,50.74999999999999
GBPJPY,10,2,2399,1.1356939578183176,1.4313588216090636,1578,1.305161714465108,821,0.6221368707314096,50.395998332638605
GBPJPY,11,2,2401,0.7275776890480924,0.9313885841133562,1580,1.0181202374313565,821,-0.25345232817943353,49.47938359017076
GBPJPY,12,2,2401,0.6755160480651949,1.4423571076866069,1580,1.1190084689116457,821,1.124901158029422,48.93794252394835
GBPJPY,13,2,2407,0.22960810602402076,0.4874989475009591,1583,0.4669917420550932,824,0.14687865880152978,49.771499792272536
GBPJPY,14,2,2407,-0.2893781839635401,-0.5400834704671926,1583,0.00830616397553429,824,-1.3319897771195435,48.400498545907766
GBPJPY,15,2,2409,0.15087212029813885,0.2281823244376803,1585,0.048307158269705136,824,0.3970706227100916,49.68866749688667
GBPJPY,16,2,2411,0.8298777123171724,1.033985204579266,1587,0.6406708198078772,824,1.0059448824673045,50.51845707175446
GBPJPY,17,2,2411,0.2425280648679327,0.32146593139845603,1587,0.8679789088743649,824,-0.9372421605738455,51.4309415180423
GBPJPY,18,2,2411,-0.7974553445057362,-1.1932987142083196,1587,-0.6298147016336322,824,-1.3358812663179032,48.98382413936126
GBPJPY,19,2,2411,-0.24838856723490885,-0.384164188840825,1587,-0.48963970719118816,824,0.07699681164192228,49.77187888842804
GBPJPY,20,2,2411,-0.11441925989357034,-0.16811410832630252,1587,-0.6021899902129644,824,0.687274373750463,49.440066362505185
GBPJPY,21,2,2412,0.13805028096841754,0.18328004179311624,1588,0.8349506791962614,824,-1.13715062936498,49.25373134328358
GBPJPY,22,2,2410,1.055183838629618,1.4142663977694148,1587,2.428321074993914,823,-1.143875608275559,51.991701244813285
GBPJPY,23,2,2411,0.38993577950924724,0.5309217970374619,1588,0.4349278528853383,823,0.3056754251505399,48.19576939029449
GBPJPY,0,3,2412,-1.0929245785474075,-1.4725036805830385,1587,-1.5828951967988532,825,-0.20441905820323983,47.42951907131012
GBPJPY,1,3,2412,-1.1312744956286074,-1.8140578801288807,1587,-2.4868684989130925,825,0.5234540360591239,49.004975124378106
GBPJPY,2,3,2409,-0.9313921101297937,-1.6300502762424018,1584,-1.9703472501907975,825,0.17952754755619557,48.27729348277294
GBPJPY,3,3,2405,-0.5034412777953974,-0.9464990678000113,1580,-2.3226879063275274,825,1.9779870243426336,50.644490644490645
GBPJPY,4,3,2399,0.4199852885407437,0.7488999124939727,1578,-1.3342512658246892,821,4.515609552900184,52.56356815339724
GBPJPY,5,3,2341,-0.029610914063219432,-0.051238303015598057,1520,-1.1333871755325435,821,1.3509563843705363,48.056386159760784
GBPJPY,6,3,2342,-3.160655841107325,-5.366470754965546,1533,-3.0860022222705807,809,-5.215559079901912,40.22203245089667
GBPJPY,7,3,2401,-2.347867119072575,-3.5785870013779104,1580,-0.9765238743617877,821,-5.720740594408478,43.02374010828821
GBPJPY,8,3,2400,0.3200032821491488,0.45103069240066324,1579,0.725046471673759,821,-0.4752863603091345,48.625
GBPJPY,9,3,2400,1.4691699488158345,1.6631594347640621,1579,1.2229852206939666,821,1.5515694120366263,50.083333333333336
GBPJPY,10,3,2399,1.3367005865815695,1.4359919765447366,1578,1.185471202250027,821,1.0483137531970885,50.47936640266778
GBPJPY,11,3,2401,1.3984885660586241,1.6720535298957009,1580,1.6305913759001562,821,0.37343289560144205,50.020824656393174
GBPJPY,12,3,2401,0.4379721145800933,0.7770242853376822,1580,0.517191734472271,821,0.7875901515467332,49.27113702623907
GBPJPY,13,3,2407,0.3745949592022005,0.6040167313782749,1583,0.9566164679560161,824,-0.6691274367860192,50.14540922309929
GBPJPY,14,3,2407,-0.08203154682191004,-0.10676149051394129,1583,-0.2544291286761577,824,0.29205466673902525,50.06231823847113
GBPJPY,15,3,2409,0.970974016893901,1.095510375354353,1585,1.0017130918415662,824,0.44917442782959227,49.439601494396015
GBPJPY,16,3,2411,0.446620799085408,0.47676280842342095,1587,0.4877004677724703,824,0.09888345577592203,50.39402737453339
GBPJPY,17,3,2411,0.027458625713386135,0.03124671004639707,1587,0.4955475337182005,824,-0.8590798682291048,50.020738282870184
GBPJPY,18,3,2411,-0.6243870814620666,-0.759002543404459,1587,-0.44036717280361737,824,-0.759500592414794,49.066777270841975
GBPJPY,19,3,2411,-0.3506417475757354,-0.4229901871814654,1587,-0.7930847392706452,824,0.5274817618415825,50.10369141435089
GBPJPY,20,3,2411,0.3009551002052905,0.3355896006526691,1587,0.775501158279183,824,-0.7016555536829265,50.39402737453339
GBPJPY,21,3,2412,0.9539659687163139,1.044265471407034,1588,1.570706366162153,824,-0.5314952253817382,50.74626865671642
GBPJPY,22,3,2410,0.8351201562847211,0.9270627453863082,1587,1.6139804058625389,823,-0.8648551527488776,49.66804979253112
GBPJPY,23,3,2411,-0.23255796491291772,-0.2774148921005965,1588,-0.3445659946139733,823,0.03653972001977501,48.652011613438404
GBPJPY,0,4,2412,-1.388078542540754,-1.7208371884168356,1587,-2.3977027554002968,825,0.6077181530295341,47.51243781094527
GBPJPY,1,4,2412,-1.579040399920541,-2.2601585551067895,1587,-2.576362249439561,825,-0.12968875335743904,48.67330016583748
GBPJPY,2,4,2409,-0.5022823264439986,-0.8040000694647697,1584,-1.9776684539901337,825,1.7754787574427322,49.813200498132005
GBPJPY,3,4,2405,0.11541162960617977,0.1806722701606909,1580,-2.251947802470187,825,4.905801417323486,52.43243243243243
GBPJPY,4,4,2398,-0.7277834099191368,-1.1286686154851262,1578,-1.9082921157551112,820,0.6795891080966724,49.45788156797331
GBPJPY,5,4,2341,-0.5191907445947038,-0.7555592941139272,1520,-0.6009964895622304,821,-0.466499940665124,46.90303289192653
GBPJPY,6,4,2342,-2.9569348020912902,-4.42860805649792,1533,-2.746732888366966,809,-4.078613624255083,42.22886421861657
GBPJPY,7,4,2401,-1.7362648634697753,-2.159892116727601,1580,-0.39240995328025274,821,-3.9100965811718873,44.231570179092046
GBPJPY,8,4,2400,1.0325182650877567,0.9503937660223112,1579,1.2440890720905804,821,-0.8038737455621737,49.20833333333333
GBPJPY,9,4,2400,1.673476598421102,1.6644224641720462,1579,1.143080508507025,821,1.870780574101467,48.91666666666667
GBPJPY,10,4,2399,2.005485456278555,2.058081533886478,1578,1.7149875110402246,821,1.4551237301937328,50.47936640266778
GBPJPY,11,4,2401,1.1609446325735204,1.4830795171584106,1580,1.4825741605030065,821,0.24534061467896887,50.2707205331112
GBPJPY,12,4,2401,0.5899742035856079,0.835285978711232,1580,0.9463727145245919,821,-0.0963077994173433,49.81257809246147
GBPJPY,13,4,2407,0.5819415963438274,0.7005237448791901,1583,0.4784769531685144,824,0.6367585111370967,49.72995429995846
GBPJPY,14,4,2407,0.7438443798918299,0.7646188502031327,1583,0.6674529514254365,824,0.375765948684062,50.228500207727464
GBPJPY,15,4,2409,0.563803186216855,0.5601735574071888,1585,0.7991108243928712,824,-0.3005840609735734,50.06226650062266
GBPJPY,16,4,2411,0.23155135993085743,0.22446606106097747,1587,0.23129446552426963,824,0.044110785347216255,50.26959767731232
GBPJPY,17,4,2411,0.20052688875705207,0.19989342333293256,1587,0.49847976481244105,824,-0.4939107443314533,50.26959767731232
GBPJPY,18,4,2411,-0.7266402618028966,-0.7499302501663482,1587,-0.7262179094240689,824,-0.2408451286656739,50.559933637494815
GBPJPY,19,4,2411,0.06473261252312174,0.0637679213497375,1587,0.43957781147474967,824,-0.6650862773688472,50.186644545831605
GBPJPY,20,4,2411,1.1182373823281897,1.0787826023588962,1587,1.4512643796818434,824,-0.275336703560279,51.845707175445874
GBPJPY,21,4,2412,0.7156942601126647,0.6829622571642795,1588,1.0207487448229675,824,-0.36591230238694106,49.66832504145937
GBPJPY,22,4,2410,0.2336456855579775,0.2383261054154668,1587,0.8800352154699695,823,-1.0162449185846598,49.5850622406639
GBPJPY,23,4,2411,-0.260982858235877,-0.2894582118351406,1588,-0.36116993554703886,823,0.04243775654004362,47.53214433844878
GBPJPY,0,6,2412,-1.4098541322191251,-1.5892437082895963,1587,-2.5804254454018345,825,1.1849502106318455,47.92703150912106
GBPJPY,1,6,2412,-0.5346882947398022,-0.6516613671685397,1587,-2.5611593337897305,825,3.3659658634128893,51.533996683250415
GBPJPY,2,6,2408,-1.0532282086805886,-1.3453354175573993,1584,-2.500513491511987,824,1.3608795930977633,48.837209302325576
GBPJPY,3,6,2404,-1.4408814002052968,-1.8263766180292718,1580,-2.031043886149698,824,-0.15003108481998204,47.54575707154742
GBPJPY,4,6,2398,-0.9855033050372398,-1.2712880464472436,1578,-1.2354382532180082,820,-0.4056424883720815,46.16346955796497
GBPJPY,5,6,2341,0.3849900471404366,0.44082556804005335,1520,-0.08944553659240974,821,1.0403262957742587,47.15933361811192
GBPJPY,6,6,2342,-1.6251545515570616,-1.380372553182162,1533,-0.4641034179582191,809,-2.604934876148659,45.00426985482493
GBPJPY,7,6,2401,-0.8157259082825519,-0.6241011468738374,1580,0.5027726256128112,821,-3.482334856206978,44.564764681382755
GBPJPY,8,6,2400,1.902506564298311,1.534121558730049,1579,1.6021447336122774,821,-0.0068369101123530295,48.083333333333336
GBPJPY,9,6,2400,2.120048230964998,2.153460087218331,1579,1.5603414928189887,821,1.9322643501178187,49.625
GBPJPY,10,6,2399,1.9458480260184894,1.8757743826652824,1578,1.8038277767125535,821,0.5312589056436824,50.47936640266778
GBPJPY,11,6,2401,1.5231745498598692,1.5688837564311136,1580,1.4189228810897194,821,0.6709566506398057,50.2707205331112
GBPJPY,12,6,2401,1.578026694799529,1.4759009625741175,1580,1.2260181149887899,821,0.8592717030557854,50.35401915868388
GBPJPY,13,6,2407,1.0036145133358414,0.8869782694073103,1583,1.0395399657054474,824,-0.09021293980350899,50.31159119235563
GBPJPY,14,6,2407,0.1054425149976706,0.09177677337514907,1583,0.2939580889631535,824,-0.36289110593184654,49.81304528458662
GBPJPY,15,6,2409,0.5073278594415351,0.42166876602288644,1585,0.5257972478867629,824,-0.08200783400388799,49.68866749688667
GBPJPY,16,6,2411,0.30236644263370155,0.24238204089711046,1587,-0.02874486744355037,824,0.5439072919587559,50.4769805060141
GBPJPY,17,6,2411,0.5136480685150872,0.40730997329064145,1587,0.9999405094174619,824,-0.9643207735892302,52.05309000414766
GBPJPY,18,6,2411,0.5060163804188677,0.40294660519134057,1587,0.9390174531048946,824,-0.7891840415435046,50.64288676897553
GBPJPY,19,6,2411,0.6384510548278591,0.507505026769632,1587,0.6994945935430654,824,-0.1703702555492252,49.19120696806304
GBPJPY,20,6,2411,0.27420385449599083,0.22646226069328007,1587,0.4525384909307945,824,-0.3044790302438706,50.725839900456236
GBPJPY,21,6,2412,0.09769147308767724,0.08432017543409992,1588,0.3863266473768317,824,-0.48778914641611837,48.67330016583748
GBPJPY,22,6,2410,-0.09556881606127907,-0.08778272521248406,1587,0.08876958359162389,823,-0.3203586835703255,48.79668049792531
GBPJPY,23,6,2411,-1.0098691442596384,-1.0054354506543517,1588,-1.3214416041777994,823,0.23660659863202765,47.53214433844878
GBPJPY,0,8,2411,-1.9920611125729522,-2.0164878254438277,1587,-3.0468274758761997,824,0.9960988195062356,47.90543343011199
GBPJPY,1,8,2411,-2.1568060316937148,-2.278332600466744,1587,-2.44351737268355,824,-0.30649775253854017,47.573620904189134
GBPJPY,2,8,2408,-1.275400623755803,-1.4085197339094417,1584,-1.8212391644683712,824,0.3722471927545803,46.80232558139535
GBPJPY,3,8,2404,-0.5300492989980385,-0.554274816630991,1580,-1.2916705120503287,824,1.1180951900502343,47.8369384359401
GBPJPY,4,8,2398,0.42120549042018685,0.35106887422092864,1578,0.2599781624865488,820,0.28300401295680555,47.831526271893246
GBPJPY,5,8,2341,1.374775281421466,1.0340578472315978,1520,0.6864716373898506,821,1.0939387687432287,48.86800512601452
GBPJPY,6,8,2342,-0.8121616622525744,-0.6149528314257575,1533,0.04198421523711404,809,-1.915257402665225,44.70538001707942
GBPJPY,7,8,2401,-0.3726963241906933,-0.2982736609827826,1580,0.8239373816795736,821,-2.9375495985988374,45.481049562682216
GBPJPY,8,8,2400,1.8387031968421865,1.4460039482874494,1579,1.7141150483556464,821,-0.49918042728588335,48.375
GBPJPY,9,8,2400,2.4829948635088726,2.1537641323678356,1579,1.514456104621645,821,1.9016088702069847,49.75
GBPJPY,10,8,2399,2.9535303123070222,2.400833702340619,1578,2.095703475096932,821,1.1884510850745995,52.27177990829512
GBPJPY,11,8,2401,1.8794069661049746,1.5256834889547943,1580,1.7485436295012153,821,-0.11233663158679104,51.35360266555602
GBPJPY,12,8,2401,0.9055627345348392,0.7242279954819495,1580,0.7978935881134942,821,0.023808695075140975,49.85422740524781
GBPJPY,13,8,2407,0.9480543601159899,0.7322640620881676,1583,0.7852847233389209,824,0.08285358835879221,49.771499792272536
GBPJPY,14,8,2407,0.19512540290780928,0.143910720412191,1583,0.06441066927909811,824,0.1802678978408227,49.60531782301621
GBPJPY,15,8,2409,0.8226665633843274,0.568866811851698,1585,0.9638811470784661,824,-0.5726739523780794,50.850975508509755
GBPJPY,16,8,2411,1.5350230848554596,1.044476097967378,1587,1.2626551483129094,824,-0.07600170725034584,52.965574450435504
GBPJPY,17,8,2411,1.0873665108198185,0.7453027147426797,1587,1.1675272609409824,824,-0.501700004958699,50.7673164661966
GBPJPY,18,8,2411,-0.3380171474133375,-0.24204939034667636,1587,0.17528049658047554,824,-0.7547195982696885,48.98382413936126
GBPJPY,19,8,2411,0.028843076560130104,0.02153929181282029,1587,0.20025768977014055,824,-0.2901406762802419,48.61053504769805
GBPJPY,20,8,2411,-0.04291138217062648,-0.03299991887689404,1587,-0.1644143505023982,824,0.20699435958939205,50.145167980091244
GBPJPY,21,8,2412,-0.6618121431246338,-0.5331032959539876,1588,-0.44656675311370103,824,-0.29192193207521505,49.75124378109453
GBPJPY,22,8,2410,-0.111961740917154,-0.09743040302176308,1587,-0.22147846619520828,823,0.1894675372313299,49.25311203319502
GBPJPY,23,8,2411,0.03182938929354242,0.02934050223666545,1588,-1.499401433171934,823,2.814175497075734,49.39858979676483
GBPJPY,0,12,2411,-0.7987511462547562,-0.5635746605712385,1587,-0.955654233891386,824,0.6953159493980715,48.02986312733306
GBPJPY,1,12,2411,-0.19033140340945334,-0.1327550359131589,1587,-0.5471811116017218,824,0.9299984022039146,48.23724595603484
GBPJPY,2,12,2408,1.0245651773231175,0.7221064025155609,1584,0.2303314285480061,824,1.3524578694056966,48.380398671096344
GBPJPY,3,12,2404,0.7808827902716413,0.5935313939381928,1580,0.07712374108871942,824,1.2687342535732093,48.0865224625624
GBPJPY,4,12,2398,1.091712322369238,0.7980604955283971,1578,0.693845548305071,820,0.40279704511766645,49.12427022518766
GBPJPY,5,12,2341,2.4097921404149747,1.7382665040364214,1520,1.2056722138423643,821,1.5354226444617423,49.6369073045707
GBPJPY,6,12,2342,0.1301349617876844,0.08841084478607124,1533,0.6006848541619018,809,-1.0627706600604292,48.29205807002562
GBPJPY,7,12,2401,0.3480150722312226,0.2244199403634574,1580,1.2781301928122557,821,-2.2537997303255315,48.89629321116202
GBPJPY,8,12,2400,2.168596461929971,1.3297867937400014,1579,1.5685774410799864,821,-0.2652897629414189,49.666666666666664
GBPJPY,9,12,2400,2.780763128596643,1.747585907492823,1579,1.4866905382999114,821,0.9430575264832232,50.708333333333336
GBPJPY,10,12,2399,2.366143738573006,1.4505765352247677,1578,1.2491084145952622,821,0.7472831540559006,50.06252605252188
GBPJPY,11,12,2401,2.1024923733557346,1.2725403311291117,1580,1.664744399957797,821,-0.48985062325067275,50.68721366097459
GBPJPY,12,12,2401,2.195245392930927,1.331819613177954,1580,1.6002012874288711,821,-0.12929765956230915,50.97875885047897
GBPJPY,13,12,2407,1.8235148596588435,1.0756894753816335,1583,1.300068207597632,824,-0.10282095060105172,50.103863730785214
GBPJPY,14,12,2407,0.5262568621514914,0.30955773773623607,1583,0.5729703296902755,824,-0.3627790039513771,49.72995429995846
GBPJPY,15,12,2409,0.7310940750474193,0.43302061151713067,1585,0.6878218878321537,824,-0.3228220943916267,49.356579493565796
GBPJPY,16,12,2411,0.37387432035664486,0.22213468984338583,1587,0.09575374517953644,824,0.27437001094884134,50.4769805060141
GBPJPY,17,12,2411,-0.2853956920863545,-0.1788292381424869,1587,0.05522743798454453,824,-0.44215806971420957,49.68892575694733
GBPJPY,18,12,2411,-0.6686806360929914,-0.4404222529474732,1587,-0.5718936661902013,824,0.10098249598256251,49.440066362505185
GBPJPY,19,12,2411,0.30108294748233394,0.20205751877585687,1587,-0.7097637939654418,824,1.6674261090980587,50.43550394027374
GBPJPY,20,12,2410,-0.7022579640727407,-0.49108411201095115,1587,-0.8587747374630658,823,0.46692208004577407,50.24896265560166
GBPJPY,21,12,2411,-1.302110748079734,-0.9215574525390318,1588,-0.7637315329659802,823,-0.5213794299976171,49.025300705101614
GBPJPY,22,12,2409,-0.9660831769243351,-0.724067388167063,1587,-0.5198025163851832,822,-0.5530317322368208,48.692403486924036
GBPJPY,23,12,2410,-0.7074861798403783,-0.5439925612801474,1588,-1.099473248249202,822,0.8199735847570278,48.29875518672199
AUDJPY,0,1,2412,-0.10100510597147737,-0.3403986542866558,1587,-0.7085892300843221,825,0.46200881858983933,48.0514096185738
AUDJPY,1,1,2412,-0.3643550230527458,-1.540088911447966,1587,-1.0129760096400175,825,-1.353839756118769,47.42951907131012
AUDJPY,2,1,2408,-0.23962072114037386,-1.049949712957817,1583,-0.7643730009509484,825,-0.8301308133737607,46.96843853820598
AUDJPY,3,1,2406,-0.319408930572502,-1.448340030290337,1581,-2.019207540911607,825,0.5656035611625053,46.71654197838737
AUDJPY,4,1,2399,-0.3430250327375527,-1.5829694870029778,1578,-1.0245656720215155,821,-1.4292942013003171,47.102959566486035
AUDJPY,5,1,2341,0.3241086814916144,1.7368988567387769,1519,0.04485035348119448,822,3.1891253189460693,52.0717642033319
AUDJPY,6,1,2343,-0.2536365284578357,-1.3194009653957326,1533,-0.6892904554167647,810,-1.580027628563688,46.9910371318822
AUDJPY,7,1,2401,-0.5209187268163059,-2.1220332163096574,1580,-0.9287869025504984,821,-2.0989026961216575,44.93960849645981
AUDJPY,8,1,2401,-0.7107979438092241,-2.716060444764015,1580,-0.16353660830736408,821,-5.192044155756208,46.1057892544773
AUDJPY,9,1,2401,-0.019169455679295185,-0.057247304776707975,1580,-1.0681552692263427,821,1.883997700566863,47.73011245314452
AUDJPY,10,1,2400,-0.01582144096319695,-0.04397770753493671,1579,-0.2838926404845479,821,0.3437565747266277,48.70833333333333
AUDJPY,11,1,2401,0.13426661262558615,0.41900045675835174,1580,1.23878130362311,821,-1.8541671169264142,47.521865889212826
AUDJPY,12,1,2403,-0.09418837812505283,-0.3534065758104734,1582,-0.4217395759048886,821,0.07053362843870334,47.06616729088639
AUDJPY,13,1,2408,-0.013208761007469339,-0.057026587050976976,1584,0.21042710621168695,824,-0.5758035015695285,48.214285714285715
AUDJPY,14,1,2408,-0.7141639105091488,-3.214483379932787,1584,-2.9778804439631803,824,-1.2754121006024832,45.7641196013289
AUDJPY,15,1,2409,-0.45830680833554893,-1.7537978431350163,1585,-1.0228941921703967,824,-1.7176000585193807,46.782897467828974
AUDJPY,16,1,2410,-0.5438653552093728,-1.9236571753104035,1586,-1.2800364856313171,824,-1.6589898621210242,47.38589211618257
AUDJPY,17,1,2411,0.056254703098751364,0.2049965316989462,1587,0.5513144399081462,824,-0.5231396971900832,48.77644131065948
AUDJPY,18,1,2412,-0.1860797328371509,-0.763904661533314,1588,-0.8478567650984236,824,-0.046070526786096175,49.04643449419569
AUDJPY,19,1,2412,-0.39068172288691105,-1.8598704989604669,1588,-2.3675392442491394,824,0.37289048503751626,48.54892205638474
AUDJPY,20,1,2412,-0.5415523696530568,-2.441611231163377,1588,-1.6006525991576952,824,-2.1154539392482374,46.434494195688224
AUDJPY,21,1,2411,0.017474114131510093,0.0657289183736722,1587,0.5078666905266035,824,-0.7376646223254505,49.39858979676483
AUDJPY,22,1,2410,0.2764251012221621,0.9117571495779958,1587,2.3139406053592184,823,-2.2465405887134615,50.66390041493776
AUDJPY,23,1,2411,0.2335255450730436,0.7493121291248641,1588,1.1807006757261573,823,-0.4422143696700943,49.31563666528411
AUDJPY,0,2,2412,-0.2884944573824355,-0.7893668667710537,1587,-0.8559715724063619,825,-0.09753319324123517,46.93200663349917
AUDJPY,1,2,2412,-0.40727555190980247,-1.24940007696499,1587,-0.8347445648577525,825,-1.0908686085887942,47.42951907131012
AUDJPY,2,2,2408,-0.37263845224752756,-1.1696385278765729,1583,-1.5518005814902835,825,0.3580041224645192,47.674418604651166
AUDJPY,3,2,2406,-0.48291594925806997,-1.6002478518316283,1581,-1.7809463617710342,825,-0.1573931223933462,47.0906068162926
AUDJPY,4,2,2399,-0.03657111591275133,-0.12860181237324225,1578,-1.062752433678677,821,1.765867727027242,50.187578157565646
AUDJPY,5,2,2341,1.3084907504244878,4.4401617414232195,1519,1.8345731770699978,822,5.688313679241378,55.70269115762495
AUDJPY,6,2,2342,-0.18173866900295027,-0.5739278438552022,1533,-0.059186969186497455,809,-0.8214406622063957,46.199829205807
AUDJPY,7,2,2401,-1.033299344511402,-3.084584552590303,1580,-0.23624280026315891,821,-5.6627859358338855,43.731778425655975
AUDJPY,8,2,2401,-0.5488345381807286,-1.3339361699228327,1580,-0.6344105234829734,821,-1.6047966482945923,48.27155351936693
AUDJPY,9,2,2401,0.14954113862060034,0.30123002251062886,1580,-0.6738156136359215,821,1.7145708131843374,47.60516451478551
AUDJPY,10,2,2400,0.3146904514069475,0.6368854426325609,1579,0.9232133394014146,821,-0.44610224265601633,47.95833333333333
AUDJPY,11,2,2401,0.23892056386011168,0.5592317202095459,1580,0.9871150734363198,821,-0.9552016513388353,47.64681382757184
AUDJPY,12,2,2403,0.08228491665874225,0.2316453172779387,1582,0.2003720057165823,821,0.11874791060336885,47.14939658759884
AUDJPY,13,2,2408,-0.5332696814834036,-1.6150994154245852,1584,-1.3827024131925414,824,-0.8394249935906349,47.176079734219265
AUDJPY,14,2,2408,-0.9575637014169591,-2.7550383456259055,1584,-2.1914049393728905,824,-1.7081382986237095,46.262458471760795
AUDJPY,15,2,2409,-0.8000507275054631,-2.0898071420220465,1585,-1.230046890562783,824,-2.1204119408580584,47.820672478206724
AUDJPY,16,2,2410,-0.3013821627009127,-0.765122082131968,1586,-0.20561422517622674,824,-1.1977100576981068,48.00829875518672
AUDJPY,17,2,2411,0.07708841905523092,0.21145850522616444,1587,0.26583294826681136,824,-0.0365658886918673,49.440066362505185
AUDJPY,18,2,2412,-0.3749787028219032,-1.156286553699816,1588,-1.6878827705293178,824,0.656595273324019,48.59038142620232
AUDJPY,19,2,2412,-0.7348045734686538,-2.4826154746107294,1588,-2.4249082689660764,824,-0.7972298239846387,46.84908789386401
AUDJPY,20,2,2412,-0.3422258006660158,-0.9713517675370917,1588,-0.2501920301093478,824,-1.448926930611862,47.42951907131012
AUDJPY,21,2,2411,0.48654507604403774,1.1897671240858971,1587,2.3860336916078175,824,-1.860218817461561,51.22355868934052
AUDJPY,22,2,2410,0.69683360493394,1.6355436217744652,1587,2.8785125406451444,823,-1.4242231506543948,50.788381742738586
AUDJPY,23,2,2411,0.3118457811456803,0.7344005645633328,1588,0.7005614820761202,823,0.26342354551536157,48.23724595603484
AUDJPY,0,3,2412,-0.3314149862394918,-0.7776568941519428,1587,-0.8057543139028831,825,-0.14871641619331902,47.01492537313433
AUDJPY,1,3,2412,-0.5414896131051636,-1.3572711257601364,1587,-1.481853271528307,825,-0.14180186074141052,48.09286898839137
AUDJPY,2,3,2408,-0.5390864159128386,-1.4006777975292923,1583,-1.524973796142523,825,-0.16403952449940937,46.22093023255814
AUDJPY,3,3,2406,-0.1794653619585595,-0.502505320328717,1581,-1.7266613743858976,825,1.8480194415490756,48.5453034081463
AUDJPY,4,3,2399,0.9752600414289152,2.7951816983212616,1578,0.7390705681627734,821,4.880159763756176,53.02209253855773
AUDJPY,5,3,2340,1.4067002070249697,3.777342655019494,1519,2.1063155792961146,821,3.4576771521574265,52.73504273504274
AUDJPY,6,3,2342,-0.779098182838322,-2.0355154069385453,1533,-0.06713990159307445,809,-3.864067796115143,44.53458582408198
AUDJPY,7,3,2401,-0.8713359388829062,-1.93311939333806,1580,-0.6552924793054222,821,-2.8296238503819358,46.230737192836315
AUDJPY,8,3,2401,-0.38012394388083204,-0.6936047267039663,1580,-0.4224196343984771,821,-0.6503714488934793,48.06330695543524
AUDJPY,9,3,2401,0.4792263268396971,0.8074553284500096,1580,0.3923121467604465,821,1.0092532593587482,48.39650145772595
AUDJPY,10,3,2400,0.420077343777112,0.7302550065548241,1579,0.8372414384648885,821,-0.07052574149305574,47.541666666666664
AUDJPY,11,3,2401,0.41541957965105464,0.8573408115996514,1580,1.2518855795150594,821,-0.7514673362313011,48.64639733444398
AUDJPY,12,3,2403,-0.43782938739226257,-1.0369194267615958,1582,-1.0145718251033946,821,-0.2882112402891911,45.984186433624636
AUDJPY,13,3,2408,-0.7766694723912132,-1.8570694539314343,1584,-1.3405726338707895,824,-1.405843618226896,47.3421926910299
AUDJPY,14,3,2408,-1.2920764491354082,-2.8962901759188395,1584,-2.115503352549711,824,-2.191464840444394,46.096345514950166
AUDJPY,15,3,2409,-0.5519648417770752,-1.175762385551994,1585,-0.3997285875501237,824,-1.6668435136612474,47.364051473640515
AUDJPY,16,3,2410,-0.28562096189370506,-0.611187729027942,1586,-0.29812486471011707,824,-0.7223243094874413,47.9253112033195
AUDJPY,17,3,2411,-0.11630432703723037,-0.2719583224856238,1587,-0.5870006062951177,824,0.4848144905874096,48.900871007880546
AUDJPY,18,3,2412,-0.7191015534036455,-1.8872470861003579,1588,-2.0364087715735417,824,-0.2974362587290294,48.134328358208954
AUDJPY,19,3,2412,-0.5354780044816123,-1.3417611471018807,1588,-1.116989547857892,824,-0.743994253363089,46.683250414593694
AUDJPY,20,3,2412,0.12036776666267779,0.25733087356624196,1588,1.6127619128157349,824,-2.3164057042685346,50.24875621890548
AUDJPY,21,3,2411,0.9045583855301799,1.8084027110989274,1587,2.974288889096675,824,-1.3886468079169416,51.05765242637909
AUDJPY,22,3,2410,0.7838396190191795,1.5236331396344205,1587,2.2569714760453423,823,-0.7157004050710464,49.00414937759336
AUDJPY,23,3,2411,0.12413532455964414,0.2630900662130525,1588,0.38721053594533095,823,-0.14193384804609036,47.6980506014102
AUDJPY,0,4,2412,-0.46562904743485334,-0.9590677927215803,1587,-1.3577520102156817,825,0.45408226437470334,47.42951907131012
AUDJPY,1,4,2412,-0.7267401585459826,-1.605918425310734,1587,-1.5625104088972284,825,-0.5088704736810921,48.6318407960199
AUDJPY,2,4,2408,-0.23140647260136546,-0.5447706778950218,1583,-1.5594176116532248,825,1.5628582250434664,48.08970099667774
AUDJPY,3,4,2406,0.8355396725562293,2.0928095096128416,1581,-0.08461725342955027,825,4.356071012338114,50.91438071487947
AUDJPY,4,4,2398,1.0897620537730488,2.6525445566968338,1578,1.210600627886706,820,2.9438025573484743,51.584653878231855
AUDJPY,5,4,2340,0.8091330395660552,1.8704740630641161,1519,1.6092025831104522,821,0.9540058343270362,49.572649572649574
AUDJPY,6,4,2342,-0.6334175600383553,-1.3249055943173262,1533,-0.5039363067689343,809,-1.8278367099819406,46.32792485055508
AUDJPY,7,4,2401,-0.7026253445830104,-1.2103344175706416,1580,-0.4597591334639079,821,-1.6130143194835906,46.230737192836315
AUDJPY,8,4,2401,-0.050438755661736154,-0.07718588883411408,1580,0.5050335058326164,821,-1.176824953937859,47.93835901707622
AUDJPY,9,4,2401,0.5842967712020866,0.8822344338896374,1580,0.3908775296991038,821,1.2302627453501802,48.0216576426489
AUDJPY,10,4,2400,0.5969225694805904,0.9673446512711437,1579,1.0743180862045014,821,-0.02899727813716606,48.75
AUDJPY,11,4,2401,-0.09267115882706782,-0.1794601346710093,1580,0.26064865484776994,821,-0.9726720242197968,47.2719700124948
AUDJPY,12,4,2403,-0.6802075283138299,-1.380446568909406,1582,-1.080277577310552,821,-0.9074739267946564,47.52392842280483
AUDJPY,13,4,2408,-1.111182220109663,-2.231589029438242,1584,-1.5107107390256864,824,-1.9219537198073424,46.13787375415283
AUDJPY,14,4,2408,-1.0543300606412296,-2.0197547237821043,1584,-1.3016878617923353,824,-1.806518663745329,46.013289036544855
AUDJPY,15,4,2409,-0.5288270672981767,-0.990762321125305,1585,-0.44592830410846196,824,-1.2159371970734414,47.447073474470734
AUDJPY,16,4,2410,-0.4687394291362897,-0.9056614546855355,1586,-0.9118238513991858,824,-0.2204704568384751,48.67219917012448
AUDJPY,17,4,2411,-0.467142116680062,-0.9885359286677119,1587,-1.0068899732073011,824,-0.2476867378467604,48.19576939029449
AUDJPY,18,4,2412,-0.5197749844166043,-1.1164096628836713,1588,-1.0831905577312835,824,-0.3751690207108701,47.38805970149254
AUDJPY,19,4,2412,-0.07288443715291947,-0.14494131247815853,1588,0.8126038525353281,824,-1.6669933296969128,48.714759535655055
AUDJPY,20,4,2412,0.5341636557160736,0.9754926237140642,1588,2.2939498871886093,824,-1.8321211278367813,50.20729684908789
AUDJPY,21,4,2411,0.9941602474841942,1.71827593374925,1587,2.4712358330620017,824,-0.7564854864951909,51.09912899211946
AUDJPY,22,4,2410,0.5966962555110302,1.0751188672352652,1587,1.8782667513727511,823,-1.0095796252125921,49.25311203319502
AUDJPY,23,4,2411,0.08196613715652344,0.15914331606673268,1588,0.2915752082429104,823,-0.18886923225574997,47.781003732890916
AUDJPY,0,6,2412,-0.3672246656796358,-0.664523772186514,1587,-1.569721956554797,825,1.4448095063531967,48.175787728026535
AUDJPY,1,6,2412,0.5402794802573518,1.0469012796299122,1587,-0.5113710700937746,825,3.099548076429741,50.20729684908789
AUDJPY,2,6,2407,0.9283283130908303,1.8419282834713797,1583,0.33169149518795865,824,2.8071801457615986,49.81304528458662
AUDJPY,3,6,2405,0.40088944153894934,0.784065886376665,1581,0.335087540576213,824,0.9504386640632596,49.23076923076923
AUDJPY,4,6,2398,0.6234879513851674,1.1522009158396538,1578,0.4137786085664646,820,1.6386093532315624,47.539616346955796
AUDJPY,5,6,2340,1.150579901229413,1.8085519281369942,1519,0.8168922051084692,821,2.0805996941240843,49.14529914529914
AUDJPY,6,6,2342,-0.08373009752978082,-0.11713998542234727,1533,0.5261129826005383,809,-1.2618268509734052,47.011101622544835
AUDJPY,7,6,2401,-0.26786971200152476,-0.3568730563733523,1580,0.428619806830711,821,-1.7249442421915229,46.230737192836315
AUDJPY,8,6,2401,0.23071421136373146,0.3079783860614415,1580,0.7169958545087274,821,-0.8160036374760916,47.64681382757184
AUDJPY,9,6,2401,0.24999784318379406,0.34734806963776477,1580,-0.05952887538254012,821,0.909632274989417,47.8134110787172
AUDJPY,10,6,2400,-0.14072031244579028,-0.20269562434657593,1579,0.15204020734216253,821,-0.7749765817077173,47.291666666666664
AUDJPY,11,6,2401,-0.6560829564829966,-1.0578976944038472,1580,-0.23445768198560168,821,-1.8660248120005365,47.02207413577676
AUDJPY,12,6,2403,-0.7862288954670054,-1.2550388828569037,1582,-0.7255142496920421,821,-1.303879099283336,47.02455264253017
AUDJPY,13,6,2408,-0.8538372836528749,-1.3692085800782807,1584,-0.8684333110938143,824,-1.2488972589733567,47.00996677740864
AUDJPY,14,6,2408,-1.219908712224317,-1.9741083549790026,1584,-1.7384830631800678,824,-0.9358203972900506,46.42857142857143
AUDJPY,15,6,2409,-1.053410796048948,-1.7149842450518435,1585,-1.280734706630618,824,-1.2021207975768409,46.94894146948941
AUDJPY,16,6,2410,-0.6178394341608688,-1.0147211351559793,1586,-0.6990647739083168,824,-0.8102236272553012,48.3402489626556
AUDJPY,17,6,2411,0.18219847989486262,0.2938838320803187,1587,1.0281377619226695,824,-1.1246171529768578,49.14973040232269
AUDJPY,18,6,2412,0.3566144719654843,0.5649671864275855,1588,1.3396598800981436,824,-1.051051327772094,49.33665008291874
AUDJPY,19,6,2412,0.42191297942818434,0.6549159912475496,1588,1.307575605837541,824,-0.8155929932666681,48.466003316749585
AUDJPY,20,6,2412,0.43070236582950616,0.6638139033573928,1588,1.660031256649345,824,-1.4551767934252147,49.17081260364842
AUDJPY,21,6,2411,0.8007385047808101,1.2326918090662202,1587,1.9885123238110656,824,-0.9518547854270376,50.43550394027374
AUDJPY,22,6,2410,0.40427674841175737,0.6373520795983703,1587,1.0774535411807635,823,-0.5851611334070428,49.04564315352697
AUDJPY,23,6,2411,-0.24293631894379777,-0.40717319493622706,1588,-0.4605739416904144,823,-0.011692509201864463,47.36623807548735
AUDJPY,0,8,2411,0.7560932033880776,1.2161547429173183,1587,-0.15246115419282294,824,2.5451429500414706,49.5230194939859
AUDJPY,1,8,2411,0.1253175916087323,0.2072201151686421,1587,-0.09066088066576668,824,0.5735110915449741,47.86395686437163
AUDJPY,2,8,2407,0.46924871879773655,0.7604335033909388,1583,-0.13005613043620656,824,1.7371797744393342,46.86331533028667
AUDJPY,3,8,2405,0.7097514106174132,1.0307818640513897,1581,-0.03427051064559299,824,1.968760290654534,47.4012474012474
AUDJPY,4,8,2398,1.1502914136344873,1.5625304806920386,1578,1.092567987340149,820,1.2692175632223697,48.70725604670559
AUDJPY,5,8,2340,1.6763002671663048,2.114888284773921,1519,1.475780902786208,821,1.7401089174847548,49.572649572649574
AUDJPY,6,8,2342,0.18995394909495847,0.23589845261983264,1533,0.6973228482226141,809,-0.8936222238553438,46.6268146883006
AUDJPY,7,8,2401,-0.6021686400198174,-0.7594203333777142,1580,0.025381172856261493,821,-1.7668293442987346,45.18950437317784
AUDJPY,8,8,2401,-0.50762469999483,-0.6205412809531426,1580,-0.03098086662817886,821,-1.3401837303552466,47.35526863806747
AUDJPY,9,8,2401,-0.30637522061124345,-0.37751083241424893,1580,-0.3909043566294065,821,-0.06437884097765166,47.73011245314452
AUDJPY,10,8,2400,-0.24815486103883141,-0.31484377469227703,1579,0.23140195794715807,821,-1.153123598342629,47.375
AUDJPY,11,8,2401,-0.4109982943305193,-0.5571948809620146,1580,0.11143900163267349,821,-1.3753546113512618,47.43856726364015
AUDJPY,12,8,2403,-0.9552548402315112,-1.3451933543386014,1582,-1.1847082609355764,821,-0.6368155874049939,46.85809404910529
AUDJPY,13,8,2408,-1.388062114637931,-2.00050672823925,1584,-1.5883825962874278,824,-1.2464770100366611,46.80232558139535
AUDJPY,14,8,2408,-1.3752714169635396,-1.940284814593135,1584,-1.4681787006283311,824,-1.3236629289602104,47.71594684385382
AUDJPY,15,8,2409,-0.3831833998516346,-0.5150586159748842,1585,0.46212888921516754,824,-1.7737967042872018,48.60938148609382
AUDJPY,16,8,2410,0.2616497724328176,0.353394514246173,1586,1.2310841941628434,824,-1.330646358873226,49.66804979253112
AUDJPY,17,8,2411,0.6702367123055698,0.9041823250130532,1587,1.4305636229256755,824,-0.5566184127511777,50.80879303193696
AUDJPY,18,8,2412,0.25315318207891657,0.34756067970554344,1588,0.9228009916200741,824,-0.8133779777093483,49.25373134328358
AUDJPY,19,8,2412,0.2192394175681298,0.3095732163081011,1588,0.9823573718910861,824,-0.9896400832999451,49.17081260364842
AUDJPY,20,8,2412,0.25916479070246096,0.36209575731428445,1588,1.0139021515799116,824,-1.0097581803214104,48.92205638474295
AUDJPY,21,8,2411,0.4693242278592534,0.6540453718710274,1587,1.1992485543469236,824,-0.8053757353386861,49.85483201990875
AUDJPY,22,8,2410,0.499409108532409,0.7285648775683966,1587,0.6810520751116536,823,0.2736177469775709,48.92116182572614
AUDJPY,23,8,2411,1.0230778570587884,1.5871190946760254,1588,0.2809815242699405,823,2.7540541677663994,49.979261717129816
AUDJPY,0,12,2411,0.8655168270646895,1.0052000049058265,1587,0.3383979955233253,824,1.4460280696546093,46.57818332642057
AUDJPY,1,12,2411,0.9896561883256006,1.1280949400474913,1587,0.5365203085060534,824,1.3799590978342393,47.32476150974699
AUDJPY,2,12,2407,1.3247081425921383,1.5260637584209318,1583,0.8688446952380335,824,1.630632209953908,47.486497714997924
AUDJPY,3,12,2405,0.8199493612483852,0.9507781355266913,1581,0.2837682685191701,824,1.4792771643633091,47.44282744282744
AUDJPY,4,12,2398,0.5730392889254812,0.6518166887760017,1578,0.3624753302436663,820,0.7129884211179655,47.539616346955796
AUDJPY,5,12,2340,0.743809375108412,0.8279785608951147,1519,0.6043172755850428,821,0.6201436143594847,48.07692307692308
AUDJPY,6,12,2342,-0.5512774452730254,-0.5884637497434186,1533,0.21480911608428088,809,-1.7147060661145455,47.011101622544835
AUDJPY,7,12,2401,-0.9162891949318493,-0.9687029354419334,1580,-0.03226556002494782,821,-2.075032537932945,46.56393169512703
AUDJPY,8,12,2401,-0.7790130599880892,-0.8115219236761446,1580,-0.3367630226327088,821,-1.1229686564110168,47.77176176593086
AUDJPY,9,12,2401,-0.6107498363312638,-0.6439700802065833,1580,-0.6759206204039563,821,-0.0957525398156114,47.77176176593086
AUDJPY,10,12,2400,-0.589815624891596,-0.635047012002406,1579,-0.1841939873794862,821,-1.0025986572331531,47.75
AUDJPY,11,12,2401,-0.30712634611885464,-0.3378055938561117,1580,0.6829954448000318,821,-1.897942786023565,48.18825489379425
AUDJPY,12,12,2403,-0.240872272831657,-0.26824775825369296,1582,0.5691355465421394,821,-1.442764500896797,48.980441115272576
AUDJPY,13,12,2408,-0.25210978325258504,-0.27652969684802037,1584,0.44670501666783885,824,-1.2405052778138277,48.754152823920265
AUDJPY,14,12,2408,-0.6206729061761889,-0.6789173616833164,1584,0.10957550485091133,824,-1.4476015600756527,49.33554817275748
AUDJPY,15,12,2409,-0.09926659002235752,-0.1090198319588287,1585,0.6751163864841225,824,-1.3159979214217972,49.439601494396015
AUDJPY,16,12,2410,0.0062298453712148795,0.007008084634961927,1586,0.4677063103721902,824,-0.7707480800561809,49.62655601659751
AUDJPY,17,12,2411,0.14614727086395454,0.16988797313689183,1587,0.573958108049212,824,-0.6266059642970078,49.108253836582335
AUDJPY,18,12,2412,0.1852024099342861,0.22139548919556057,1588,0.13561967887944942,824,0.20581275407995106,49.66832504145937
AUDJPY,19,12,2412,1.1324660915263285,1.3886543671644578,1588,0.8800311708785808,824,1.247614513451348,49.792703150912104
AUDJPY,20,12,2411,1.4649776317100962,1.7817909161611525,1588,1.612674196449528,823,0.773599450419128,50.06221484861053
AUDJPY,21,12,2410,1.2796323349977565,1.5281304277040746,1587,1.8166022113326856,823,-0.08518871430818165,50.16597510373444
AUDJPY,22,12,2409,1.1860800268311174,1.4280831173228035,1587,1.2710699336276452,822,0.6545934028211404,48.692403486924036
AUDJPY,23,12,2410,0.897433164873271,1.0614275531709456,1588,0.2508341722633286,822,1.6010247953896346,47.13692946058091
EURUSD,0,1,2412,-0.038736015150919824,-0.1290087589234797,1587,-1.03904026609267,825,1.2995428964167817,49.25373134328358
EURUSD,1,1,2411,-0.9092208473153071,-3.7943792609769424,1586,-3.805909113861805,825,-1.023712292090793,47.44919120696806
EURUSD,2,1,2408,-0.26139204562976104,-1.0721115589436332,1583,-0.23968003465346568,825,-2.117628196609278,48.837209302325576
EURUSD,3,1,2405,-0.3235478706344349,-1.3727608212560984,1580,-1.7887945554616782,825,0.39370400474975104,48.731808731808734
EURUSD,4,1,2399,-0.6143533951123054,-2.951656491847458,1578,-1.8124455621865518,821,-3.0568725706026543,47.186327636515216
EURUSD,5,1,2347,0.26312573489728336,1.8680833912529697,1525,1.2125861790625279,822,1.5969636921623231,52.27950575202386
EURUSD,6,1,2338,-0.210370252007737,-1.5761724064404947,1529,-0.17269923075402982,809,-3.7222037230789566,46.74935842600513
EURUSD,7,1,2401,-1.015840652314999,-8.09044560136045,1580,-4.749246573866362,821,-8.186107995513064,38.90045814244065
EURUSD,8,1,2401,-0.293433322035927,-2.1380829999012922,1580,-0.13820818359930825,821,-4.241006734746345,46.189087880049975
EURUSD,9,1,2401,-0.14432878226082455,-0.8467522037558107,1580,-2.6772045618483546,821,2.411266330751107,50.52061640982923
EURUSD,10,1,2400,-0.8423473335589002,-5.125757172809232,1579,-3.068642134045984,821,-4.785948114067362,45.125
EURUSD,11,1,2400,-0.6104723335588902,-3.4657051071331466,1579,-2.973411355318499,821,-1.8145625887262316,45.875
EURUSD,12,1,2401,-0.20005556276894323,-1.5989742031208665,1580,-2.043733458828546,821,0.2870431723437442,48.64639733444398
EURUSD,13,1,2407,0.0359650019901689,0.31748770747097327,1583,0.40524348857984527,824,-0.07380879915194181,50.06231823847113
EURUSD,14,1,2407,-0.5519452597463839,-3.58176371775545,1583,-2.630951526294945,824,-2.874204688704721,45.94931449937682
EURUSD,15,1,2409,0.24261857553199528,1.0678096392028775,1585,0.6128909205494686,824,1.2209155709961852,50.68493150684932
EURUSD,16,1,2411,-0.20893051135510302,-0.6807892609970398,1587,-0.4740585765805697,824,-0.5701606940253734,48.278722521775194
EURUSD,17,1,2411,0.07659416720151334,0.26751021791581864,1587,1.3114497502081823,824,-1.68684985536679,48.652011613438404
EURUSD,18,1,2411,0.4893274728838056,2.025234953902175,1587,1.6243121099329005,824,1.2291410847742106,51.51389464952302
EURUSD,19,1,2411,0.27605497184689615,1.211988630357957,1587,1.238495966184206,824,0.2846574933049798,51.845707175445874
EURUSD,20,1,2411,0.7164946234437072,2.6156567870619907,1587,2.1012905526624324,824,1.690367803703067,51.01617586063873
EURUSD,21,1,2411,-0.27832080583876,-0.7608360874889057,1587,-0.3658058364567152,824,-1.0032916130254559,50.7673164661966
EURUSD,22,1,2410,-0.6738720569336989,-1.8451378472077078,1587,-1.1807386916131024,823,-1.7705608457088908,48.3402489626556
EURUSD,23,1,2410,0.2782856194148268,0.7883745553593806,1587,0.11882840891143702,823,1.3561265320316103,51.161825726141075
EURUSD,0,2,2412,-0.7560375361062096,-2.0210823622163185,1587,-2.9803052760672952,825,0.7763502264379939,49.08789386401327
EURUSD,1,2,2411,-0.9662641749292037,-2.894527135320289,1586,-2.3774545651596304,825,-1.6931659550169689,47.49066777270842
EURUSD,2,2,2408,-0.3796777789671856,-1.1009082130263963,1583,-0.9547594366520042,825,-0.5497313915852429,48.9202657807309
EURUSD,3,2,2405,-0.7470957412688612,-2.3473502923541596,1580,-2.1010271257606408,825,-1.0468381904606758,47.733887733887734
EURUSD,4,2,2399,-0.14046168809873316,-0.5668154281013343,1578,-0.2638896410537512,821,-0.7253046999689492,50.896206752813676
EURUSD,5,2,2347,0.7940827437613324,3.2021239912735107,1525,2.4968247008244004,822,2.5704826469707944,54.963783553472524
EURUSD,6,2,2337,-0.7480067124751181,-3.957140855789771,1529,-1.1993574839019043,808,-5.775774269831787,42.14805305947797
EURUSD,7,2,2401,-1.1280161651047609,-6.216797373957146,1580,-2.562867265786981,821,-8.364224667762713,41.316118284048315
EURUSD,8,2,2401,-0.24325981358455565,-1.1377067892367545,1580,-1.4279877801577912,821,0.18845635688541829,48.771345272802996
EURUSD,9,2,2401,-0.7974872188323534,-3.4648353475911895,1580,-3.4973163933761597,821,-0.9445923072471709,47.31361932528113
EURUSD,10,2,2400,-1.259903000451111,-5.065720721858211,1579,-3.5334094170941364,821,-4.153881592355272,45.54166666666667
EURUSD,11,2,2400,-0.6064863337844398,-2.6234125154822405,1579,-2.6569127663275425,821,-0.5126538164843549,46.875
EURUSD,12,2,2401,0.026044642891905768,0.1518500681059282,1580,-0.35234121505655047,821,0.9423910103135006,51.10370678883799
EURUSD,13,2,2407,-0.31834835081811963,-1.6724022248328974,1583,-1.1749340773075874,824,-1.382607924860586,48.026589115081016
EURUSD,14,2,2407,-0.08860177832120636,-0.3325559649048225,1583,-0.3823741940297855,824,0.041515218331700784,49.97922725384296
EURUSD,15,2,2409,0.238869363600303,0.6346436797014661,1585,0.3897101698074996,824,0.6423989956188052,49.356579493565796
EURUSD,16,2,2411,0.0670415073603295,0.16204518217996233,1587,0.892272689475473,824,-1.274424777384941,48.44462878473663
EURUSD,17,2,2411,0.7690323825158423,2.023759941939403,1587,2.4087706479505897,824,-0.1293184364867374,50.352550808793026
EURUSD,18,2,2411,0.9796918599111274,2.92691453972693,1587,2.523328213210691,824,1.482571864106245,53.04852758191622
EURUSD,19,2,2411,1.1853741494175167,3.311096012187669,1587,2.807836558185398,824,1.777239508127542,51.47241808378267
EURUSD,20,2,2411,0.6232422539384488,1.3826170295477835,1587,1.281577783602727,824,0.5222732828454666,50.80879303193696
EURUSD,21,2,2411,-0.7600012135024339,-1.4240807634864128,1587,-0.7912641053482453,824,-1.6630894666633156,49.31563666528411
EURUSD,22,2,2410,-0.21728768233214413,-0.4232277090141927,1587,-0.5091791409096673,823,0.05591691104907814,49.83402489626556
EURUSD,23,2,2410,0.42404011849770584,0.9031741963944707,1587,-0.2804046300762177,823,2.179611452655051,50.66390041493776
EURUSD,0,3,2412,-0.8109427054859757,-1.8413758139543897,1587,-2.2102019439975042,825,0.10274671825049095,49.08789386401327
EURUSD,1,3,2411,-1.0886330935841992,-2.6195089261605595,1586,-2.5998628841826332,825,-0.7174642888735937,47.65657403566985
EURUSD,2,3,2408,-0.7922326152946226,-1.9533867375745586,1583,-1.398833209216504,825,-1.5689068254749734,49.00332225913621
EURUSD,3,3,2405,-0.2782111794708541,-0.8107582714473341,1580,-1.0105666993721685,825,0.16752986218710664,50.1039501039501
EURUSD,4,3,2399,0.38015782216618077,1.1876505951861391,1578,1.2469324824471637,821,0.06506034181403925,53.31388078365986
EURUSD,5,3,2346,0.26307234288680037,0.9865201186095982,1525,1.7983584201986065,821,-1.5510566868319038,49.78687127024723
EURUSD,6,3,2337,-0.8705338171080252,-3.998477378756635,1529,-0.5795480822492532,808,-6.931644401794442,43.47454000855798
EURUSD,7,3,2401,-1.0778426566533892,-4.4381536906315455,1580,-3.087106081900902,821,-3.5735020563305473,45.68929612661391
EURUSD,8,3,2401,-0.8964182501560842,-3.5092996716488596,1580,-2.5852276542834174,821,-2.5287199638625752,47.39691795085381
EURUSD,9,3,2401,-1.21349446839845,-3.9953466374380864,1580,-3.944384794672863,821,-1.1877873199716282,46.02249062890462
EURUSD,10,3,2400,-1.2559170006766605,-4.305585611734713,1579,-3.3102486596246976,821,-2.989184993655544,45.33333333333333
EURUSD,11,3,2400,-0.3816670006766933,-1.4424430860442787,1579,-1.6233748741927263,821,0.09287910236426862,48.66666666666667
EURUSD,12,3,2401,-0.31403590946469323,-1.3927362390462745,1580,-1.4644670210428006,821,-0.1990611335780799,49.06289046230737
EURUSD,13,3,2407,0.14499513060705832,0.49981753650006033,1583,0.29103666640318654,824,0.563916079180444,50.31159119235563
EURUSD,14,3,2407,-0.09181417558321799,-0.22782066737250914,1583,-0.24000114164964506,824,-0.02459735738419262,48.982135438304944
EURUSD,15,3,2409,0.5055228083726946,1.0898579644742223,1585,1.4080969215602426,824,-0.314449370186893,49.27355749273558
EURUSD,16,3,2411,0.7594797226746588,1.5880076424504932,1587,1.9014568811455874,824,-0.1455111540153038,50.933222729158025
EURUSD,17,3,2411,1.2593967695431645,2.8460027841010027,1587,3.082753181183926,824,0.3540353369720496,52.0116134384073
EURUSD,18,3,2411,1.8890110374817484,4.336719124065219,1587,3.598428556213048,824,2.4556396174779196,54.37577768560763
EURUSD,19,3,2411,1.0921217799122587,2.150069622737819,1587,1.959674492027337,824,0.8867650456513722,51.67980091248444
EURUSD,20,3,2411,0.14156184627477536,0.23859654567271085,1587,0.48836243512102334,824,-0.49136554978317915,51.09912899211946
EURUSD,21,3,2411,-0.31181849383306187,-0.4909584394335221,1587,-0.41530435327547627,824,-0.26614950939993964,50.725839900456236
EURUSD,22,3,2410,-0.061823639680799646,-0.10194898335644646,1587,-0.6957406546643389,823,1.0372717443651336,49.75103734439834
EURUSD,23,3,2410,-0.3001223948675937,-0.57937346543313,1587,-1.8098525442619016,823,1.762711363418287,50.08298755186722
EURUSD,0,4,2412,-0.9343387538044202,-1.8263413345492758,1587,-2.464546713891311,825,0.5411504882990894,48.34162520729685
EURUSD,1,4,2411,-1.5026652225253634,-3.235685509100634,1586,-2.839092941129233,825,-1.5519433885056575,46.90999585234343
EURUSD,2,4,2408,-0.33751170411375747,-0.7920956640040346,1583,-0.6151061794541196,825,-0.5322202043821683,50.2906976744186
EURUSD,3,4,2405,0.24331371496747156,0.6156898890220986,1580,0.3487796506245015,825,0.7287149034423972,52.266112266112266
EURUSD,4,4,2398,-0.12086570343213006,-0.362669969514587,1578,0.8122227243057736,820,-2.6352877409276503,49.70809007506255
EURUSD,5,4,2346,0.13172362399118148,0.4460200845469978,1525,1.8162421037730014,821,-2.8801868310250365,49.275362318840585
EURUSD,6,4,2337,-0.8402581831872564,-3.2363662588000675,1529,-1.5412063326812455,808,-3.807780473097844,46.4270432178006
EURUSD,7,4,2401,-1.731001093224918,-6.130278107655068,1580,-3.940099569974692,821,-5.416236607058131,45.481049562682216
EURUSD,8,4,2401,-1.3124254997221811,-4.0514543937314285,1580,-3.251030797528157,821,-2.4801938497913434,46.8554768846314
EURUSD,9,4,2401,-1.2167153789391465,-3.596627984786509,1580,-3.7931721914935,821,-0.5865576330051875,46.60558100791337
EURUSD,10,4,2400,-1.031097667568914,-3.2343633206163673,1579,-2.4334088625435926,821,-2.3814836430756205,46.75
EURUSD,11,4,2400,-0.714681000902236,-2.4648604155636993,1579,-2.3811292832219197,821,-0.727549748335822,47.833333333333336
EURUSD,12,4,2401,0.15417175142316775,0.49865930721970547,1580,-0.05267758354928349,821,1.281172606909845,51.10370678883799
EURUSD,13,4,2407,0.14178273334504615,0.3406613705914575,1583,0.21861694851565927,824,0.33398274185887317,50.06231823847113
EURUSD,14,4,2407,0.18345286213613088,0.3789537122418463,1583,0.8472609695106067,824,-0.8157344897064026,48.48358953053594
EURUSD,15,4,2409,1.2036000804593,2.32007983847876,1585,2.315094377293462,824,0.6080664081279273,50.76795350767953
EURUSD,16,4,2411,1.2498441097019801,2.3641323308268967,1587,2.583380318562037,824,0.2592137244963926,51.47241808378267
EURUSD,17,4,2411,2.1687159471137845,4.110006588912307,1587,3.957797811615113,824,1.3338977128562677,53.29738697635836
EURUSD,18,4,2411,1.7957586679764899,3.180153756218464,1587,2.740461350054145,824,1.6237949004191248,53.21443384487764
EURUSD,19,4,2411,0.6104413722485846,0.9547585728880722,1587,1.0928887485076824,824,-0.08164241068571705,50.725839900456236
EURUSD,20,4,2411,0.5897445659441464,0.8599002120062297,1587,0.6677673173790406,824,0.58878708005921,50.974699294898386
EURUSD,21,4,2411,-0.15276891393972103,-0.21452392448052343,1587,-0.5856281574524146,824,0.6519265305385763,50.020738282870184
EURUSD,22,4,2410,-0.7906749497265987,-1.2272025921813396,1587,-1.8863982296345434,823,0.7987446018380153,49.5850622406639
EURUSD,23,4,2410,-0.349513124000462,-0.6185554366600037,1587,-1.4362014821408022,823,1.219189864648907,49.70954356846473
EURUSD,0,6,2412,-0.8965122766435912,-1.5864856619007324,1587,-2.096280697131928,825,0.4405512199907328,49.70978441127695
EURUSD,1,6,2411,-0.5583113966250426,-1.0732705976941033,1586,-1.037443521013914,825,-0.3207929236097319,49.68892575694733
EURUSD,2,6,2407,-0.3572885090392958,-0.7477026099752611,1583,0.07939278667360201,824,-1.9071994058854433,48.77440797673452
EURUSD,3,6,2404,-0.43032318604554054,-1.005100387028651,1580,0.01748543574523039,824,-2.373757576705701,49.16805324459234
EURUSD,4,6,2398,-0.25229521903476215,-0.6777736931722743,1578,0.11194921415953289,820,-1.7874123306292706,49.24937447873228
EURUSD,5,6,2346,-0.3916302502877458,-1.1128244328197243,1525,0.14804120543418184,821,-2.63356072178975,48.38022165387894
EURUSD,6,6,2337,-1.8537334450846634,-5.011651776939466,1529,-2.9895154861339748,808,-4.944042244621218,44.28754813863928
EURUSD,7,6,2401,-2.150229253331711,-5.6217122244843445,1580,-4.138319465489126,821,-4.1958129052201665,43.815077051228656
EURUSD,8,6,2401,-1.090337541544968,-2.8962762684836014,1580,-2.527638374741856,821,-1.4159218676445717,46.93877551020408
EURUSD,9,6,2401,-1.3244899780297317,-3.5400574215729437,1580,-3.5887634421155563,821,-0.7819881781176183,47.56351520199917
EURUSD,10,6,2400,-0.8962923346866873,-2.2911911728133556,1579,-1.8494293373098254,821,-1.439147700156155,47.625
EURUSD,11,6,2400,-0.2527923346867219,-0.5720770150036114,1579,-0.871341919641055,821,0.454578440501432,49.041666666666664
EURUSD,12,6,2401,0.40537257923804576,0.8015760409485896,1580,0.9684578543556978,821,-0.1158036355778528,49.31278633902541
EURUSD,13,6,2407,1.1147098291410122,2.016795521736746,1583,2.069252984450267,824,0.40410799499325506,51.474864977149984
EURUSD,14,6,2407,1.372084154026809,2.353643110345051,1583,2.414547442740447,824,0.5055920321169962,52.056501869547155
EURUSD,15,6,2409,2.601830174653243,4.073709330497377,1585,3.736373654729107,824,1.663847386197979,52.718970527189704
EURUSD,16,6,2411,2.065910917767343,2.950704658153602,1587,2.970769594291159,824,0.7066825470692802,51.306511820821235
EURUSD,17,6,2411,1.5937831699448533,2.131061829185868,1587,2.340941060025184,824,0.07034062676683933,51.18208212360017
EURUSD,18,6,2411,1.7622609799821878,2.3124958551114876,1587,1.858145582818723,824,1.4449724104289343,52.758191621733715
EURUSD,19,6,2411,1.2176736718112984,1.5448009034533112,1587,0.9231102371145314,824,1.5732203555459423,51.26503525508088
EURUSD,20,6,2411,0.017507765548287032,0.02241342664312461,1587,-0.5940386439377652,824,1.1438988737781441,49.85483201990875
EURUSD,21,6,2411,-0.8822018984915114,-1.1233350608007577,1587,-1.3714694301067263,824,0.1956172216500665,49.813355454168395
EURUSD,22,6,2410,-0.9965103499010862,-1.3440133452168193,1587,-1.8362920959106692,823,0.5498116623005401,48.7551867219917
EURUSD,23,6,2410,-0.8931908478264186,-1.3509228238819115,1587,-2.025402788661673,823,0.8229903769553834,48.92116182572614
EURUSD,0,8,2411,-0.919225094573767,-1.54220939464817,1587,-1.4415028795199125,824,-0.5730799334111308,48.98382413936126
EURUSD,1,8,2410,-1.2101050861751668,-2.221758806014999,1586,-1.205613435921304,824,-2.546435229636515,47.42738589211618
EURUSD,2,8,2407,-0.4609297555782127,-0.8942306626559087,1583,-0.300076502655033,824,-1.4133314972399802,48.857498961362694
EURUSD,3,8,2404,-0.931307231976432,-2.0020535317848016,1580,-0.9944268824914485,824,-2.459008254084918,48.71048252911814
EURUSD,4,8,2398,-1.1808473368058592,-2.6535888107841883,1578,-1.307138624540161,820,-3.2796380258040974,47.706422018348626
EURUSD,5,8,2346,-0.8471239370133528,-1.916888333944696,1525,-1.1445055545124105,821,-1.9599208290623695,46.71781756180734
EURUSD,6,8,2337,-1.615133396755308,-3.843854415456665,1529,-2.401522595001668,808,-3.6870613003531716,45.10055626872058
EURUSD,7,8,2401,-2.258003852422297,-5.505139523261631,1580,-4.023892425231486,821,-4.2090975899000656,43.815077051228656
EURUSD,8,8,2401,-0.9536306745797211,-2.177873898001206,1580,-2.054825668722758,821,-0.7717138008189425,48.18825489379425
EURUSD,9,8,2401,-0.8584619948629474,-1.717264411833357,1580,-2.0589439400644256,821,0.18471806852856443,47.2719700124948
EURUSD,10,8,2400,-0.6469453351378102,-1.1741508800496943,1579,-0.4241001188025795,821,-1.6965961779462657,47.75
EURUSD,11,8,2400,0.6810546648621846,1.177902409968838,1579,1.114790451120433,821,0.416866160913345,50.416666666666664
EURUSD,12,8,2401,1.5740244691104166,2.6160172702446007,1580,2.4570408917149535,821,0.9667231237515738,52.26988754685548
EURUSD,13,8,2407,2.5105700366943053,3.7732351998231173,1583,3.4827682524488166,824,1.4904458095396869,53.427503115911925
EURUSD,14,8,2407,2.171932728842233,2.92535329476398,1583,2.836915704949148,824,0.8932388394912314,52.388865808059826
EURUSD,15,8,2409,2.0117663709642732,2.42851545843317,1585,2.455533421368488,824,0.5319887823238196,51.93026151930261
EURUSD,16,8,2411,2.03241322977304,2.330035249533921,1587,2.2281289466221095,824,0.7712323131637984,51.845707175445874
EURUSD,17,8,2411,2.2010154695075657,2.5108263199582215,1587,2.0494153257998144,824,1.490532119600663,52.55080879303193
EURUSD,18,8,2411,1.1900241795863276,1.4103201298807162,1587,0.5990193808029818,824,1.8351566734590794,50.559933637494815
EURUSD,19,8,2411,0.4882406872595069,0.570794316394244,1587,0.08061268579352605,824,1.0809770944598935,50.68436333471589
EURUSD,20,8,2411,-0.14017076027266004,-0.1616886352002676,1587,-0.7147077714988175,824,1.0184733151747127,50.06221484861053
EURUSD,21,8,2411,-1.4654299888085343,-1.7171568271765485,1587,-1.8784806003314862,824,-0.10217659696270874,49.60597262546661
EURUSD,22,8,2410,-0.9730511442664439,-1.2539125219294252,1587,-1.6734939037456704,823,0.45838244430254016,49.83402489626556
EURUSD,23,8,2410,0.05118122087875015,0.073353972877736,1587,-0.78602837346549,823,1.627217929067694,51.244813278008294
EURUSD,0,12,2411,-1.9466103502803624,-2.922998570129198,1587,-2.5154651830306958,824,-1.4974034212817406,47.53214433844878
EURUSD,1,12,2410,-2.1569626085158506,-3.4352042571663235,1586,-2.665000883471983,824,-2.3198234354331864,45.18672199170125
EURUSD,2,12,2407,-1.2331478531429698,-2.055927125946917,1583,-1.2561241261852512,824,-2.0667831274171737,47.86040714582468
EURUSD,3,12,2404,-1.5076513637716105,-2.7993829645030948,1580,-2.0723129492425807,824,-2.09168982988992,47.296173044925126
EURUSD,4,12,2398,-0.856133390529895,-1.6564871283652276,1578,-1.0406079162635868,820,-1.555208276565488,47.78982485404504
EURUSD,5,12,2346,-0.32533211182867766,-0.5822153122780661,1525,-0.2124206647012704,821,-0.8089066996193615,47.570332480818415
EURUSD,6,12,2337,-1.155733899155184,-1.907479873901896,1529,-0.7210971422629292,808,-2.6210665339182095,46.59820282413351
EURUSD,7,12,2401,-0.8577263117446452,-1.3516592350304477,1580,-0.4928064116110751,821,-1.88492606137444,49.27113702623907
EURUSD,8,12,2401,0.466138744481955,0.690313489469597,1580,0.8659415494256462,821,-0.12509881656940133,50.18742190753852
EURUSD,9,12,2401,1.4655973034157195,1.9970232703173147,1580,1.619940431635531,821,1.1977661228615608,52.103290295710124
EURUSD,10,12,2400,1.3024986639599274,1.6509220222946357,1579,1.8300991535066307,821,0.06783094045926193,51.583333333333336
EURUSD,11,12,2400,1.479456997293269,1.709445417007947,1579,1.7394562554443898,821,0.35134215431811094,51.29166666666667
EURUSD,12,12,2401,2.314493596626875,2.521360573184998,1580,2.2346316250502674,821,1.1674300916500224,52.1865889212828
EURUSD,13,12,2407,2.535028299744445,2.6151292723020836,1583,2.084417751838617,824,1.652574970440791,51.84877440797674
EURUSD,14,12,2407,1.5624067791794138,1.5865277677586551,1583,1.0757818344296244,824,1.3278800997241071,50.020772746157036
EURUSD,15,12,2409,1.8790858370607748,1.8576545501452433,1585,1.3812748051061963,824,1.3501401452329844,50.39435450394355
EURUSD,16,12,2411,1.3024979035562352,1.2724749605609216,1587,0.8439197203622829,824,1.1087720370570175,50.933222729158025
EURUSD,17,12,2411,0.8883543946387527,0.8913888930582595,1587,0.5963291750674696,824,0.7843706533796796,51.80423060970551
EURUSD,18,12,2411,1.054302134165923,1.103665239628034,1587,0.4057938922471589,824,1.6419695841248818,51.14060555785981
EURUSD,19,12,2411,0.839453523630859,0.8836630595101373,1587,0.3150548313726413,824,1.3881287247259955,50.974699294898386
EURUSD,20,12,2410,-0.17750202760304146,-0.19339023530414373,1587,-0.3064631237708598,823,0.1913146439082555,49.66804979253112
EURUSD,21,12,2410,-1.1957177952378888,-1.3348793149608873,1587,-1.0670716075621973,823,-0.8563487794920976,48.7551867219917
EURUSD,22,12,2409,-1.1021511907515675,-1.3397989141301083,1587,-1.4471718894730694,822,-0.1221466319805979,48.65089248650892
EURUSD,23,12,2409,-1.0998680857287664,-1.5068222139627376,1587,-1.5633370544782832,822,-0.27277329368667186,49.56413449564134
GBPUSD,0,1,2411,-0.19394200907830014,-0.4760637072805612,1586,-0.8629054091237831,825,0.3173088657984257,50.559933637494815
GBPUSD,1,1,2411,-0.8165052608410289,-2.5663672573296163,1586,-2.6575638408134235,825,-0.7750740262731795,47.11737868104521
GBPUSD,2,1,2408,-0.2043803757283762,-0.6925603337803399,1583,-0.32109774491981535,825,-0.8041860027553104,49.37707641196013
GBPUSD,3,1,2405,-0.39542690462363383,-1.452760469067495,1580,-2.8904589322050476,825,1.501090850195091,49.521829521829524
GBPUSD,4,1,2400,-0.4798713779431955,-1.9186809427132405,1578,-0.8185618341482243,822,-2.1233453899190433,50.29166666666667
GBPUSD,5,1,2344,0.6861796743889643,3.6515426825466166,1522,3.589577469561044,822,1.438352529677723,53.92491467576792
GBPUSD,6,1,2342,-0.5188004627709761,-2.632334902507,1532,-2.3981186535082046,810,-1.0956090480478522,45.98633646456021
GBPUSD,7,1,2401,-1.4070276496355587,-6.042071259116699,1580,-5.056545815379551,821,-3.6605136140829986,40.14993752603082
GBPUSD,8,1,2401,-0.6693766708766885,-2.6720845383388676,1580,-0.28971018032625667,821,-5.5088776658764385,44.648063306955436
GBPUSD,9,1,2401,-0.13530753301745344,-0.6645401166467431,1580,-2.889037931490901,821,2.490032844914547,49.64598084131612
GBPUSD,10,1,2400,-0.5153297112765187,-2.4771961612655984,1579,-1.0400537646620511,821,-2.798963960521391,48.083333333333336
GBPUSD,11,1,2400,-0.4131630446098738,-1.0848729343010903,1579,-0.6627943302972042,821,-1.6984612189509527,46.458333333333336
GBPUSD,12,1,2401,-0.2608385617555073,-1.8018525645125993,1580,-2.521377157064608,821,0.5198195529429521,47.93835901707622
GBPUSD,13,1,2407,0.0694366991929664,0.45945016976309466,1583,0.4908360878891214,824,0.08013616172062608,50.68550062318239
GBPUSD,14,1,2407,-0.525245477790844,-2.3235156733508506,1583,-1.105346945677164,824,-3.0368353779734916,46.4894058994599
GBPUSD,15,1,2409,0.5270111978143577,1.841899478915289,1585,2.157547683303526,824,0.07549341499588366,51.224574512245745
GBPUSD,16,1,2411,0.3384097121992433,0.8381099894769044,1587,0.4529233480898146,824,0.8249735437937751,50.559933637494815
GBPUSD,17,1,2411,0.23409614936222034,0.5258071470770265,1587,0.720123037899129,824,-0.18701019845784353,49.77187888842804
GBPUSD,18,1,2411,-0.4018640331346567,-1.0738705121316294,1587,-0.1985768700943607,824,-1.640438150148808,49.39858979676483
GBPUSD,19,1,2411,0.0895503177570292,0.24976682550680954,1587,0.35017535121884896,824,-0.07682044342538404,50.559933637494815
GBPUSD,20,1,2411,0.28262373127845825,0.7286784667728281,1587,0.5626152954854423,824,0.47006094792564523,50.601410203235176
GBPUSD,21,1,2411,0.01543169477902273,0.03732933775052964,1587,-0.39511828191873616,824,0.6661401305557904,50.06221484861053
GBPUSD,22,1,2409,-0.28760067433173986,-0.692026207550889,1586,0.8062668137718925,823,-2.5114133054535053,49.605645496056454
GBPUSD,23,1,2410,0.18692443810108697,0.43298795140393753,1587,0.35161238180805326,823,0.2532327459553982,50.45643153526971
GBPUSD,0,2,2411,-0.8157147937683467,-1.5828588846487788,1586,-2.0376975498447396,825,-0.0032293297601652285,50.145167980091244
GBPUSD,1,2,2411,-0.8220607083266186,-1.9298326542345623,1586,-1.7517664725105506,825,-0.8566913627621103,47.90543343011199
GBPUSD,2,2,2408,-0.3848404856759498,-0.9594722057298689,1583,-1.7143976422558205,825,0.9086058449374944,49.044850498338874
GBPUSD,3,2,2405,-0.6881095265030781,-1.8726109665938073,1580,-2.2598932406020067,825,-0.04465340906184892,50.97713097713098
GBPUSD,4,2,2400,0.3126739107802356,1.0164123250544717,1578,1.5948484238262104,822,-0.39104578715600985,53.25
GBPUSD,5,2,2344,1.5149788027029032,5.183216256910116,1522,3.541118897183456,822,4.272496541814833,56.78327645051194
GBPUSD,6,2,2341,-1.230413160272011,-4.228224752911221,1532,-3.3777686002579714,809,-2.584698789692375,43.101238786843226
GBPUSD,7,2,2401,-1.9084326420449105,-5.502746451976714,1580,-2.391174609297481,821,-6.3391645531212655,39.52519783423574
GBPUSD,8,2,2401,-0.6144717923989541,-1.9223389865008293,1580,-1.4214452461723117,821,-1.3691333585760184,46.52228238234069
GBPUSD,9,2,2401,-0.45757883113279985,-1.5610909569203986,1580,-2.1722912119176905,821,0.2705864969191714,48.39650145772595
GBPUSD,10,2,2400,-0.7283260892197417,-1.5389815366897854,1579,-0.6473934097194898,821,-2.767060888117579,46.0
GBPUSD,11,2,2400,-0.46561775588640636,-1.040550123546371,1579,-0.9481480120679265,821,-0.464707353400518,46.291666666666664
GBPUSD,12,2,2401,0.005186683236204891,0.024423538604030418,1580,-0.6348751591519682,821,1.101426609174305,49.22948771345273
GBPUSD,13,2,2407,-0.2529836851205273,-0.9984727273000593,1583,-0.1366069709441634,824,-1.7413453447294889,48.60822600747819
GBPUSD,14,2,2407,0.213447557089637,0.6094839361022275,1583,1.445278590236538,824,-1.1980470502450442,49.27295388450353
GBPUSD,15,2,2409,1.0695059987836095,2.220042268675178,1585,1.984267988781044,824,1.0268857050394364,52.09630552096306
GBPUSD,16,2,2411,0.779308018342847,1.277608536878941,1587,1.0899731888451358,824,0.6663631334151341,51.26503525508088
GBPUSD,17,2,2411,0.045255757870015595,0.07873145406300448,1587,0.7237562480710686,824,-1.0488257033242916,51.51389464952302
GBPUSD,18,2,2411,-0.10107356606198764,-0.19546713787416295,1587,0.4216873997730745,824,-0.9866355889218137,49.5230194939859
GBPUSD,19,2,2411,0.5747870726771469,1.0814405838892145,1587,0.9428613819420398,824,0.532617167413509,50.80879303193696
GBPUSD,20,2,2411,0.46777753306703806,0.8339133234864254,1587,0.335799852832558,824,1.0201384018464612,50.89174616341767
GBPUSD,21,2,2411,-0.06789231346971888,-0.11227292596441832,1587,0.5288248920147299,824,-1.01597672290688,50.228121111571966
GBPUSD,22,2,2409,0.07975921588613157,0.13363975488331387,1586,1.0347770914502454,823,-1.2073568247869333,50.76795350767953
GBPUSD,23,2,2410,0.1916911998535878,0.3262458214014398,1587,-0.024892420687868073,823,0.5852192533776911,49.95850622406639
GBPUSD,0,3,2411,-0.8212702412539362,-1.4058322185529217,1586,-1.646096040329185,825,-0.1541907470564285,48.900871007880546
GBPUSD,1,3,2411,-1.0026472632364438,-1.9554604154342017,1586,-2.7005705400449362,825,0.3697091300138049,49.066777270841975
GBPUSD,2,3,2408,-0.673855412899329,-1.473620647428612,1583,-1.5980822482952008,825,-0.22201000282395852,49.667774086378735
GBPUSD,3,3,2405,0.08906232147191215,0.2210200253771544,1580,-0.40273479513465316,825,0.8925953838393964,51.434511434511435
GBPUSD,4,3,2400,1.1022608661703925,2.87598857442559,1578,2.289248744285914,822,1.7725516002107884,55.041666666666664
GBPUSD,5,3,2343,0.7844480193927413,2.2137195213095398,1522,2.3618256080135396,821,0.7002320831041422,51.64319248826291
GBPUSD,6,3,2341,-1.6951498557432896,-4.575054246209287,1532,-2.118791898064656,809,-4.901786776706147,41.22170012815036
GBPUSD,7,3,2401,-1.853527763567176,-4.763111224885218,1580,-3.1124676477465374,821,-3.9394092983520017,43.06538942107455
GBPUSD,8,3,2401,-0.9367430905143005,-2.3182049833512033,1580,-1.2871976132077063,821,-2.317059390287735,46.730528946272386
GBPUSD,9,3,2401,-0.6703957352456749,-1.279040656252126,1580,-1.2845426221631215,821,-0.25036754586066823,47.43856726364015
GBPUSD,10,3,2400,-0.7807808004962741,-1.4696955438698551,1579,-0.8993532159240996,821,-1.9138624241746374,45.54166666666667
GBPUSD,11,3,2400,-0.19957246716291538,-0.40530599803617806,1579,-0.46597853452076454,821,0.14535286851158374,47.458333333333336
GBPUSD,12,3,2401,-0.30313209509570704,-1.1351469380413786,1580,-0.9266178512480788,821,-0.6565296069626692,47.85506039150354
GBPUSD,13,3,2407,0.4857093497599535,1.3030605118836962,1583,2.007256932094089,824,-0.6929293979348836,50.31159119235563
GBPUSD,14,3,2407,0.7568352326016765,1.4044502469994642,1583,1.5386158046745115,824,0.16552156953241548,51.35022850020773
GBPUSD,15,3,2409,1.5046948636797415,2.2695216389780524,1585,2.1543152810668693,824,0.8490040621189141,51.8472395184724
GBPUSD,16,3,2411,0.5904676268506425,0.8381516295152481,1587,1.0786163770079542,824,-0.1361177190436589,51.47241808378267
GBPUSD,17,3,2411,0.3460462249426848,0.5132353110905774,1587,1.0431520985405482,824,-0.7203746065446729,50.4769805060141
GBPUSD,18,3,2411,0.38416318885812994,0.5882470798255267,1587,0.9136582890335032,824,-0.32017025937012467,50.26959767731232
GBPUSD,19,3,2411,0.7599408744657266,1.1232709776155485,1587,0.6946941610010057,824,1.0071328271604447,50.559933637494815
GBPUSD,20,3,2411,0.3844535248182967,0.5335402702839205,1587,0.9236201591337997,824,-0.4629140614497665,49.56449605972625
GBPUSD,21,3,2411,0.2940760880700161,0.39307536335229676,1587,0.7938251189470659,824,-0.4403465723247246,51.306511820821235
GBPUSD,22,3,2409,0.0886716175195076,0.12362151307097213,1586,0.6375208112833198,823,-0.685941158890817,49.68866749688667
GBPUSD,23,3,2410,-0.4293926608005313,-0.6517631430609933,1587,-1.0718159478845282,823,0.32594980080707436,49.70954356846473
GBPUSD,0,4,2411,-1.0018567961637612,-1.5310406390136861,1586,-2.4875525663418987,825,0.6427092321555995,48.44462878473663
GBPUSD,1,4,2411,-1.295469405039731,-2.3214483393648413,1586,-2.5507730600642486,825,-0.42136217030414125,49.440066362505185
GBPUSD,2,4,2408,0.1179020851264301,0.24152814899821354,1583,-0.13842147310495398,825,0.6268303458268291,51.411960132890364
GBPUSD,3,4,2405,0.9022840654968568,1.9364150489628926,1580,0.5952701683940581,825,2.7313627661261632,53.305613305613306
GBPUSD,4,4,2399,0.3731400961193495,0.8645966764956067,1578,1.4387681296096972,821,-0.36782439582450754,51.06294289287203
GBPUSD,5,4,2343,0.3337383465285478,0.7598536797678295,1522,1.7787672879485714,821,-1.1975517413259187,48.82629107981221
GBPUSD,6,4,2341,-1.6759480633889026,-4.203549016563579,1532,-2.801598431027888,809,-3.343881658309606,42.716787697565145
GBPUSD,7,4,2401,-2.1757990616825222,-4.6505573729056255,1580,-2.720558905870297,821,-4.33311369727279,43.56518117451062
GBPUSD,8,4,2401,-1.1495599946271755,-1.723452658610169,1580,-0.8918825996850177,821,-2.4544598461130156,45.64764681382757
GBPUSD,9,4,2401,-0.7257782370261637,-1.2598152673236316,1580,-1.465828953945587,821,0.27958204394197933,46.8554768846314
GBPUSD,10,4,2400,-0.5147355117727831,-0.8997571424780543,1579,-0.4892605272206515,821,-1.3515692400777342,47.16666666666667
GBPUSD,11,4,2400,-0.5050688451061003,-1.1752600413608003,1579,-0.7861285440976659,821,-1.1201554604481183,46.791666666666664
GBPUSD,12,4,2401,0.4469414630987865,1.1589856651317378,1580,1.4223420076180089,821,-0.04104774636738911,51.52019991670137
GBPUSD,13,4,2407,1.029097025271993,1.8638670367292056,1583,1.931134366249883,824,0.42352672472823333,52.01495637723307
GBPUSD,14,4,2407,1.1970239052054716,1.6895046087418322,1583,1.8473986766189816,824,0.20867875148294818,51.26713751557956
GBPUSD,15,4,2409,1.2948442931255064,1.7427146250237233,1585,2.0179902955532105,824,0.09250517910226409,51.18306351183064
GBPUSD,16,4,2411,0.8912580939233115,1.13140699318615,1587,1.3365580478582682,824,0.014162323927959592,51.51389464952302
GBPUSD,17,4,2411,0.8312829798628024,1.0679360563939584,1587,1.389142802190255,824,-0.20802879287888432,50.228121111571966
GBPUSD,18,4,2411,0.5693169906467097,0.7363431686603676,1587,0.7288220467936346,824,0.226228615724971,50.4769805060141
GBPUSD,19,4,2411,0.6766168662169855,0.8311418647865391,1587,1.157574519461378,824,-0.2954218367877806,50.186644545831605
GBPUSD,20,4,2411,0.7464219263580314,0.8764478083619169,1587,1.112377526779763,824,-0.06812224826292608,50.26959767731232
GBPUSD,21,4,2411,0.2858246638113058,0.33824172706791156,1587,0.4860131290612845,824,-0.10652096553806864,49.979261717129816
GBPUSD,22,4,2409,-0.5166542539894794,-0.6655159778409104,1586,-0.24926370124626782,823,-0.7830553571814646,49.77168949771689
GBPUSD,23,4,2410,-0.4337960235293606,-0.6113846460827739,1587,-0.8861795297411229,823,0.17610136362200685,49.04564315352697
GBPUSD,0,6,2411,-0.505543385867422,-0.7156247432910545,1586,-1.34782136970223,825,0.554169804013476,49.5230194939859
GBPUSD,1,6,2411,0.3035814585954921,0.48790837315704666,1586,-0.448706318277556,825,1.5805927243747215,51.55537121526338
GBPUSD,2,6,2407,0.17033851671970465,0.29791125142831315,1583,0.013411551516148689,824,0.49912716170073396,50.14540922309929
GBPUSD,3,6,2404,-0.31519041408172055,-0.55959189250654,1580,-0.13310887316818334,824,-0.797767646139117,49.50083194675541
GBPUSD,4,6,2399,-0.06463333226945131,-0.12699375528978044,1578,0.45088120840128376,821,-0.9000465755092688,48.89537307211338
GBPUSD,5,6,2343,0.15088494190121052,0.2867761894506582,1522,0.9989102587334802,821,-0.9671372670374688,49.12505335040546
GBPUSD,6,6,2341,-2.1717606256258737,-2.990058609147583,1532,-1.6290769683558517,809,-3.7276840504044317,44.08372490388723
GBPUSD,7,6,2401,-2.443998467575886,-3.133021903004246,1580,-1.8448969686121794,821,-3.9250100779140844,43.31528529779259
GBPUSD,8,6,2401,-0.9375844734067891,-1.2462782339863379,1580,-0.7536662887864708,821,-1.5584737274955935,46.48063306955435
GBPUSD,9,6,2401,-0.7710705208869792,-1.4100193889348622,1580,-1.41775145094292,821,-0.32025357284766615,46.89712619741774
GBPUSD,10,6,2400,-0.07126993432586214,-0.11978509719353916,1579,0.5786493079584663,821,-1.429334533496403,48.75
GBPUSD,11,6,2400,0.7935633990075117,1.292388917857144,1579,1.219365238828449,821,0.4803070483700363,50.29166666666667
GBPUSD,12,6,2401,1.4052726694503619,1.9676683457007278,1580,1.890391100305286,821,0.6944728019142323,51.35360266555602
GBPUSD,13,6,2407,1.2621125092415542,1.5882348877634127,1583,2.0408340648131484,824,-0.27532014815152595,51.059410054009135
GBPUSD,14,6,2407,1.2724573368277046,1.4921378596497685,1583,1.953330119201584,824,-0.2972895419571441,52.056501869547155
GBPUSD,15,6,2409,2.067546638941079,2.2497919947051894,1585,2.34268320492628,824,0.5246294287563213,51.681195516811954
GBPUSD,16,6,2411,1.561648650632009,1.5993530284193989,1587,1.4325027975710718,824,0.7279106065257619,51.347988386561596
GBPUSD,17,6,2411,0.9331127734026413,0.94372788603662,1587,1.5406937993310335,824,-0.704357913801996,50.06221484861053
GBPUSD,18,6,2411,0.8479613839377035,0.8401258495667727,1587,1.3017257789597987,824,-0.44624272097648077,50.933222729158025
GBPUSD,19,6,2411,1.03033384349801,1.0010283527573576,1587,1.028076619667066,824,0.2713386151603598,50.43550394027374
GBPUSD,20,6,2411,0.12888216369712235,0.13130477387827214,1587,0.1250164922552884,824,0.05147955038995387,50.020738282870184
GBPUSD,21,6,2411,-0.27879100096491094,-0.29887875162146915,1587,-0.17937804221526826,824,-0.26389826928601123,49.77187888842804
GBPUSD,22,6,2409,-0.7369780601041496,-0.8432821721014405,1586,-0.846359216786025,823,-0.2704659088996661,49.85471149854712
GBPUSD,23,6,2410,-0.9123952801072699,-1.1377698702135188,1587,-1.6359334706263473,823,0.29461827398069895,48.83817427385892
GBPUSD,0,8,2410,-0.46365013834505175,-0.6247201152061349,1586,-1.169736247931093,824,0.5116387268255568,49.29460580912863
GBPUSD,1,8,2410,-0.9326127939466503,-1.3428254390467385,1586,-0.9687043178379384,824,-0.9632153862109949,49.1701244813278
GBPUSD,2,8,2407,-0.24488031588734047,-0.37485859923064896,1583,-0.4350458387300978,824,-0.007386126343824685,49.231408392189444
GBPUSD,3,8,2404,-0.481471300861086,-0.7591269204633143,1580,-0.45817707315962497,824,-0.6858325774821271,48.75207986688852
GBPUSD,4,8,2399,-0.5029069690784631,-0.6559148079241679,1578,0.09834185492389759,821,-1.6961611257768796,48.27011254689454
GBPUSD,5,8,2343,-0.08655659759595927,-0.1070538465174177,1522,0.14342117704831672,821,-0.602615562338854,47.28979940247546
GBPUSD,6,8,2341,-1.939593691920914,-2.4136079738598375,1532,-1.3917867178439431,809,-3.0017683936801767,43.78470739000427
GBPUSD,7,8,2401,-2.4892907514367018,-3.422211272117201,1580,-1.8947934931556416,821,-4.046978965042065,43.60683048729696
GBPUSD,8,8,2401,-0.5057838793001432,-0.673188431397633,1580,0.04304677995560716,821,-1.6568936368028475,47.60516451478551
GBPUSD,9,8,2401,0.5252865080385164,0.7480065453506644,1580,0.4319532603875107,821,0.7117000300393489,49.979175343606826
GBPUSD,10,8,2400,0.898945643121091,1.1391699014484313,1579,1.5011047520427587,821,-0.24736094161354816,50.5
GBPUSD,11,8,2400,0.9818206431210975,1.2031137146773643,1579,1.5973892859488352,821,-0.2734313844552093,51.125
GBPUSD,12,8,2401,1.4403219099543327,1.6635740283377651,1580,1.9421564152271678,821,0.05346966878696199,51.770095793419415
GBPUSD,13,8,2407,2.0340561195094478,2.13254944405077,1583,2.397990772835002,824,0.2138618309306866,51.017864561695056
GBPUSD,14,8,2407,1.9510482258658763,1.8829000897008266,1583,1.957978311813323,824,0.43315325099529794,51.724137931034484
GBPUSD,15,8,2409,2.159011956944258,1.9361736588760818,1585,2.3130586660761816,824,-0.026805043216548034,51.47364051473641
GBPUSD,16,8,2411,1.8402930439230034,1.5726843394838312,1587,1.8484266460636634,824,0.062280238491896144,51.14060555785981
GBPUSD,17,8,2411,1.2868297506836666,1.1027045946787555,1587,1.416652917645831,824,-0.12220833309296729,51.09912899211946
GBPUSD,18,8,2411,0.23042162127679428,0.20494490802848975,1587,0.4582860854046229,824,-0.2790841138081032,49.979261717129816
GBPUSD,19,8,2411,0.4657181787217935,0.42486582421458463,1587,0.4427877570494119,824,0.10768269487505618,50.64288676897553
GBPUSD,20,8,2411,-0.04083511866511237,-0.03835399278223164,1587,-0.3883792962646913,824,0.47452875891463897,49.025300705101614
GBPUSD,21,8,2411,-0.7903996147248905,-0.7923991633220346,1587,-0.8438330633701167,824,-0.17920623899617752,49.813355454168395
GBPUSD,22,8,2409,-0.2526526341724009,-0.2764014268655556,1586,-0.11114996539767057,823,-0.32036550415739873,50.6434205064342
GBPUSD,23,8,2410,0.6824909404931775,0.8063616438336954,1587,-0.17163007766371222,823,1.7010740712305519,50.4149377593361
GBPUSD,0,12,2410,-1.3138776971441084,-1.3366607055833863,1586,-1.2456220085835505,824,-0.5165993600154688,47.42738589211618
GBPUSD,1,12,2410,-1.2966577801316548,-1.376536576512978,1586,-1.2498097238735049,824,-0.579807800745808,48.13278008298755
GBPUSD,2,12,2407,-0.4575365103910455,-0.4952752879275324,1583,-0.3769452270093952,824,-0.36658165941369064,48.35895305359369
GBPUSD,3,12,2404,-0.7213542058673557,-0.879463746989209,1580,-0.627710547552714,824,-0.6858551865078956,47.87853577371048
GBPUSD,4,12,2399,0.20637318539858043,0.24709354612639847,1578,0.8883122595177501,821,-1.1151502952363508,49.39558149228846
GBPUSD,5,12,2343,1.4598578052706341,1.6648522454492574,1522,1.8711286769915865,821,0.11933036424942221,50.44814340588989
GBPUSD,6,12,2341,-0.6641534597096538,-0.7076509413318355,1532,0.11257869294898455,809,-1.5177355063610758,49.08158906450235
GBPUSD,7,12,2401,-0.9979927702204724,-1.0184355183783518,1580,0.1952585564931957,821,-2.307795841003685,48.771345272802996
GBPUSD,8,12,2401,0.5075049390672745,0.4781147288345447,1580,1.1037836427824554,821,-0.9288055352648268,50.478967097042904
GBPUSD,9,12,2401,1.4544020652647518,1.3583143820927188,1580,1.377110228846571,821,0.35540162956626825,51.10370678883799
GBPUSD,10,12,2400,1.5889184646816468,1.4018942944921104,1579,1.6260072148828102,821,0.03013544737964752,50.79166666666667
GBPUSD,11,12,2400,1.815168464681652,1.5371404932977746,1579,2.025135104753838,821,-0.35604905587167024,50.625
GBPUSD,12,12,2401,2.340158000291822,1.8998922132094052,1580,2.268537288256973,821,0.020910130181936767,50.97875885047897
GBPUSD,13,12,2407,2.4752844285370887,1.910055377433019,1583,2.2074530998720645,824,0.15816370446539096,51.55795596177815
GBPUSD,14,12,2407,1.573581063352188,1.1893930064207254,1583,1.4903257691225738,824,-0.04987011634303921,50.68550062318239
GBPUSD,15,12,2409,1.921021048741395,1.4483660954638768,1585,1.598587656751597,824,0.23529543628553,50.93399750933998
GBPUSD,16,12,2411,1.0530359988998597,0.7829003487556614,1587,0.6222793522787377,824,0.4758338968281047,50.51845707175446
GBPUSD,17,12,2411,0.21060547214746952,0.16445502889729202,1587,0.32520896953269235,824,-0.18144859473962704,50.89174616341767
GBPUSD,18,12,2411,0.5481832407082033,0.4454496094184581,1587,0.49143943469252915,824,0.07625927358643492,51.05765242637909
GBPUSD,19,12,2411,1.5381044352332862,1.2786240872261443,1587,0.7800207753955156,824,1.1427187722377043,52.218996267109084
GBPUSD,20,12,2410,0.4571596472542658,0.4061505906327964,1587,0.25094478531313513,823,0.35163058808462927,50.08298755186722
GBPUSD,21,12,2410,-0.46329678428101523,-0.42898761900156346,1587,-0.09580619949008796,823,-0.6206710016049728,49.33609958506224
GBPUSD,22,12,2408,-0.6660196582419394,-0.6660043082664447,1586,-0.36502994046615245,822,-0.6488546649780679,48.671096345514954
GBPUSD,23,12,2409,-0.7081196735499595,-0.755702691478764,1587,-0.7805795774820116,822,-0.19715704574942924,49.68866749688667
