pair,hour,hold,side,dow,n_tr,mean_tr,t_tr,n_te,mean_te,t_te,n,mean
USDJPY,0,1,1,,1586,0.0001891551071946393,0.0005168623626782304,825,0.00896969696970235,0.02158099912202686,2411,0.0031936955620137444
USDJPY,0,1,-1,,1586,-0.4001891551071953,-1.0935084719339354,825,-0.4089696969697029,-0.9839769059145406,2411,-0.4031936955620144
USDJPY,1,1,1,,1586,-0.19930643127364298,-0.6349070757491749,825,-0.0578181818181765,-0.1912963662938498,2411,-0.1508917461634149
USDJPY,1,1,-1,,1586,-0.20069356872635752,-0.6393259165168166,825,-0.3421818181818239,-1.1321376143555488,2411,-0.24910825383658555
USDJPY,2,1,1,,1583,-0.1438408085912847,-0.43035749660302425,825,-0.2282424242424195,-0.8865697129001948,2408,-0.1727574750830564
USDJPY,2,1,-1,,1583,-0.25615919140871596,-0.7664030077844638,825,-0.17175757575758052,-0.6671637191607207,2408,-0.22724252491694405
USDJPY,3,1,1,,1579,-0.0723875870804343,-0.23510634275261794,825,-0.13151515151515533,-0.4057257283403037,2404,-0.09267886855241633
USDJPY,3,1,-1,,1579,-0.32761241291956616,-1.064046466368521,825,-0.268484848484845,-0.8282787910357005,2404,-0.30732113144758405
USDJPY,4,1,1,,1578,-0.012991128010145306,-0.04192796862414078,821,-0.2693057247259495,-1.112894962920084,2399,-0.10070862859525377
USDJPY,4,1,-1,,1578,-0.387008871989855,-1.2490444116463804,821,-0.13069427527405061,-0.5400887811909435,2399,-0.29929137140474643
USDJPY,5,1,1,,1524,0.24960629921260713,1.1082136943594532,822,-0.3663017031630243,-1.6303473406296352,2346,0.033802216538792534
USDJPY,5,1,-1,,1524,-0.6496062992126074,-2.8841523591373175,822,-0.033698296836975415,-0.14998545777293215,2346,-0.4338022165387926
USDJPY,6,1,1,,1536,0.8372395833333686,3.7206875038129614,810,-0.143950617283974,-0.7737345157178012,2346,0.49846547314579503
USDJPY,6,1,-1,,1536,-1.2372395833333687,-5.4982850172986435,810,-0.2560493827160256,-1.3762653392781392,2346,-0.8984654731457951
USDJPY,7,1,1,,1580,0.04126582278479643,0.16585261897584436,821,0.81595615103531,2.2823823958233884,2401,0.3061640982923648
USDJPY,7,1,-1,,1580,-0.44126582278479676,-1.773503772239165,821,-1.2159561510353099,-3.401257420138081,2401,-0.7061640982923649
USDJPY,8,1,1,,1580,-0.39158227848100197,-1.3764124213491888,821,0.2512789281364257,0.8956156439268799,2401,-0.1717617659308528
USDJPY,8,1,-1,,1580,-0.008417721518998287,-0.029588306455420262,821,-0.6512789281364258,-2.3213072457959036,2401,-0.22823823406914742
USDJPY,9,1,1,,1580,-0.48481012658230754,-1.3876276941373638,821,0.17624847746648334,0.48608954312267555,2401,-0.25876718034155066
USDJPY,9,1,-1,,1580,0.08481012658230683,0.2427442702538613,821,-0.5762484774664838,-1.589281014867705,2401,-0.14123281965844997
USDJPY,10,1,1,,1579,-0.5134895503483069,-1.501718813652327,821,-1.5277710109622407,-3.7699001369767853,2400,-0.8604583333333232
USDJPY,10,1,-1,,1579,0.1134895503483062,0.3319043061253921,821,1.1277710109622405,2.7828673657233556,2400,0.46045833333332287
USDJPY,11,1,1,,1580,-1.1967721518987446,-3.438004951397237,821,-0.16358099878193944,-0.6122208084596195,2401,-0.8434818825489332
USDJPY,11,1,-1,,1580,0.7967721518987443,2.2889123873890727,821,-0.23641900121806061,-0.8848254573496177,2401,0.4434818825489331
USDJPY,12,1,1,,1581,-0.4337760910815812,-1.2643837139662588,821,-0.13203410475030877,-0.6237118198475564,2402,-0.33064113238966836
USDJPY,12,1,-1,,1581,0.03377609108158102,0.0984515752781779,821,-0.26796589524969117,-1.2658357967385219,2402,-0.06935886761033175
USDJPY,13,1,1,,1583,-0.4683512318382606,-1.6330076580179294,824,-0.20934466019412457,-0.8739932716544528,2407,-0.37968425425838187
USDJPY,13,1,-1,,1583,0.06835123183826029,0.2383213226294746,824,-0.19065533980587557,-0.7959672056636737,2407,-0.020315745741618367
USDJPY,14,1,1,,1583,-0.018572331017086784,-0.06970394506819517,824,-0.5928398058252645,-2.5909739478897698,2407,-0.2151641046946682
USDJPY,14,1,-1,,1583,-0.3814276689829136,-1.431538844629376,824,0.19283980582526442,0.8427958246053544,2407,-0.1848358953053321
USDJPY,15,1,1,,1585,0.26447949526814646,0.8494094370388164,824,0.4696601941747281,1.9930054857649757,2409,0.3346616853466119
USDJPY,15,1,-1,,1585,-0.664479495268147,-2.1340601600411895,824,-0.8696601941747282,-3.6904075738997997,2409,-0.7346616853466124
USDJPY,16,1,1,,1587,0.4705103969754209,1.4082550868910975,824,-0.28774271844658644,-0.8101532601932329,2411,0.21136457901286013
USDJPY,16,1,-1,,1587,-0.8705103969754217,-2.6054699377796458,824,-0.11225728155341413,-0.316065696195229,2411,-0.6113645790128608
USDJPY,17,1,1,,1587,-0.4528670447384953,-1.4442971479192652,824,-0.2256067961165202,-0.710973470172619,2411,-0.37519701368726865
USDJPY,17,1,-1,,1587,0.05286704473849489,0.1686051630867055,824,-0.1743932038834802,-0.5495798152974161,2411,-0.024802986312731767
USDJPY,18,1,1,,1587,-0.04877126654062537,-0.17411289414839598,824,-0.05194174757281046,-0.17617742983484944,2411,-0.049854832019895594
USDJPY,18,1,-1,,1587,-0.35122873345937494,-1.2538827803405082,824,-0.3480582524271898,-1.1805534316972088,2411,-0.3501451679801047
USDJPY,19,1,1,,1587,0.30592312539382377,1.2261534559012002,824,0.061529126213578714,0.2503918137228766,2411,0.22239734549978732
USDJPY,19,1,-1,,1587,-0.705923125393824,-2.8293711980352576,824,-0.46152912621357867,-1.8781855376494696,2411,-0.6223973454997874
USDJPY,20,1,1,,1587,0.20283553875236995,0.6576803810914492,824,0.02803398058251633,0.09746103335612583,2411,0.1430941518042325
USDJPY,20,1,-1,,1587,-0.6028355387523706,-1.9546530617899214,824,-0.4280339805825164,-1.4880738729313716,2411,-0.5430941518042329
USDJPY,21,1,1,,1587,0.10611216131063389,0.25704186178545174,824,-0.01808252427181621,-0.044446369371171204,2411,0.06366652841144729
USDJPY,21,1,-1,,1587,-0.5061121613106343,-1.2259858870908449,824,-0.3819174757281845,-0.9387431168544063,2411,-0.46366652841144773
USDJPY,22,1,1,,1586,-0.6708070617906452,-1.5864571562489538,823,0.015066828675571603,0.033616994911554454,2409,-0.4364881693648683
USDJPY,22,1,-1,,1586,0.2708070617906447,0.640458077459244,823,-0.4150668286755719,-0.92609398885412,2409,0.03648816936486793
USDJPY,23,1,1,,1587,-0.6042848141146998,-1.4706324915505808,823,-0.10340218712032452,-0.22609744969851303,2410,-0.43323651452284473
USDJPY,23,1,-1,,1587,0.2042848141146991,0.4971627255064906,823,-0.29659781287967646,-0.6485356929657289,2410,0.033236514522843874
USDJPY,0,2,1,,1586,0.00977301387137148,0.020112026278248513,825,0.1612121212121334,0.34142698150274203,2411,0.06159270012443187
USDJPY,0,2,-1,,1586,-0.4097730138713719,-0.8432777985959806,825,-0.5612121212121343,-1.188576634855348,2411,-0.4615927001244324
USDJPY,1,2,1,,1586,-0.10151324085750445,-0.21862042908455337,825,-0.09078787878787242,-0.23870105637210606,2411,-0.09784321858150012
USDJPY,1,2,-1,,1586,-0.298486759142496,-0.6428255349604096,825,-0.309212121212128,-0.8129858408615469,2411,-0.30215678141850033
USDJPY,2,2,1,,1583,0.05660138976625439,0.12267299867684087,825,-0.15769696969695549,-0.3971063813682783,2408,-0.016818936877079565
USDJPY,2,2,-1,,1583,-0.4566013897662549,-0.9895986991477391,825,-0.24230303030304493,-0.6101580755997754,2408,-0.38318106312292094
USDJPY,3,2,1,,1579,0.11690943635212811,0.2688304327420681,825,-0.17284848484849308,-0.4420464953475249,2404,0.017470881863562188
USDJPY,3,2,-1,,1579,-0.5169094363521284,-1.1886207974218126,825,-0.2271515151515072,-0.5809222526516081,2404,-0.4174708818635625
USDJPY,4,2,1,,1578,0.7798479087452419,1.9929907926601782,821,-0.42484774665044245,-1.3920661120662012,2399,0.3675698207586405
USDJPY,4,2,-1,,1578,-1.1798479087452423,-3.0152366794853966,821,0.024847746650442155,0.08141671068281975,2399,-0.7675698207586409
USDJPY,5,2,1,,1524,0.9270997375328365,2.5590964612663134,822,-1.2173965936739866,-3.444062488759161,2346,0.1757033248081952
USDJPY,5,2,-1,,1524,-1.3270997375328373,-3.663226408741648,822,0.8173965936739866,2.31244687338593,2346,-0.5757033248081957
USDJPY,6,2,1,,1536,1.165234375000008,3.5205850098072298,809,0.2202719406674846,0.47296364805204505,2345,0.8392324093816663
USDJPY,6,2,-1,,1536,-1.5652343750000088,-4.72912642785704,809,-0.6202719406674845,-1.3318359068042673,2345,-1.2392324093816667
USDJPY,7,2,1,,1580,-0.1311392405063295,-0.36185383900795287,821,1.2611449451887815,3.3751264246683688,2401,0.3449396084964552
USDJPY,7,2,-1,,1580,-0.2688607594936708,-0.7418702259197774,821,-1.6611449451887819,-4.4456223855154855,2401,-0.7449396084964556
USDJPY,8,2,1,,1580,-0.6509493670886277,-1.4731298586121322,821,0.6300852618757606,1.334523112923287,2401,-0.21291128696377856
USDJPY,8,2,-1,,1580,0.2509493670886271,0.5679105385899248,821,-1.0300852618757617,-2.181724717957134,2401,-0.18708871303622218
USDJPY,9,2,1,,1580,-0.7863291139240488,-1.5976798054977974,821,-1.1545676004872372,-2.151287122753207,2401,-0.9122448979591915
USDJPY,9,2,-1,,1580,0.3863291139240484,0.784951507788033,821,0.7545676004872366,1.4059735969465417,2401,0.5122448979591911
USDJPY,10,2,1,,1579,-1.5061431285623796,-2.9794206687886495,821,-1.4730816077953488,-3.0685100734525137,2400,-1.4948333333333246
USDJPY,10,2,-1,,1579,1.1061431285623788,2.1881490791801568,821,1.0730816077953484,2.235288055822431,2400,1.0948333333333238
USDJPY,11,2,1,,1580,-1.4218987341772193,-2.776437836390994,821,-0.10060901339827709,-0.3048101321601805,2401,-0.9700957934194053
USDJPY,11,2,-1,,1580,1.0218987341772192,1.9953870429257112,821,-0.29939098660172303,-0.9070500058715493,2401,0.5700957934194052
USDJPY,12,2,1,,1581,-0.7136622390891586,-1.5677565833604186,821,-0.13788063337389392,-0.41686114108384914,2402,-0.516860949208962
USDJPY,12,2,-1,,1581,0.31366223908915836,0.6890459006367061,821,-0.26211936662610663,-0.7924780703293686,2402,0.11686094920896165
USDJPY,13,2,1,,1583,-0.27909033480732875,-0.6871277133956604,824,-0.599271844660176,-1.7553450712494116,2407,-0.3886996260905636
USDJPY,13,2,-1,,1583,-0.1209096651926719,-0.2976827622089831,824,0.19927184466017567,0.5836931160371311,2407,-0.011300373909437009
USDJPY,14,2,1,,1583,0.4547062539481782,1.0922370900421154,824,0.07560679611647735,0.23415184070808076,2407,0.32492729538842685
USDJPY,14,2,-1,,1583,-0.8547062539481787,-2.0530658277674574,824,-0.47560679611647766,-1.472939107119181,2407,-0.7249272953884273
USDJPY,15,2,1,,1585,0.9448580441640404,2.089304541203579,824,0.38567961165046905,0.9052921390987299,2409,0.7535907015359031
USDJPY,15,2,-1,,1585,-1.344858044164041,-2.9737991186094734,824,-0.7856796116504695,-1.8441980203037467,2409,-1.1535907015359037
USDJPY,16,2,1,,1587,0.22041587901701892,0.4784395860975016,824,-0.3168689320388138,-0.6888139382762889,2411,0.03678971381170738
USDJPY,16,2,-1,,1587,-0.6204158790170194,-1.3466884404562396,824,-0.08313106796118694,-0.18071143152792557,2411,-0.43678971381170795
USDJPY,17,2,1,,1587,-0.28582230623817445,-0.6682426014980928,824,-0.08264563106797847,-0.19169402862431031,2411,-0.2163832434674397
USDJPY,17,2,-1,,1587,-0.11417769376182624,-0.2669434730852539,824,-0.3173543689320217,-0.736093810356005,2411,-0.1836167565325608
USDJPY,18,2,1,,1587,0.4636420919974925,1.2330980081611846,824,0.21007281553397233,0.5451496001880201,2411,0.37698050601410776
USDJPY,18,2,-1,,1587,-0.8636420919974931,-2.2969341261017924,824,-0.6100728155339729,-1.5831698672127381,2411,-0.7769805060141083
USDJPY,19,2,1,,1587,0.7182104599873947,1.8991616426018503,824,0.28349514563105677,0.7569230591941507,2411,0.5696391538780532
USDJPY,19,2,-1,,1587,-1.1182104599873954,-2.9568803745931307,824,-0.6834951456310573,-1.824910389290051,2411,-0.9696391538780539
USDJPY,20,2,1,,1587,0.5160680529300522,1.0095266540527585,824,0.21080097087379357,0.3991217038291655,2411,0.4117378681045204
USDJPY,20,2,-1,,1587,-0.9160680529300526,-1.7920022584394462,824,-0.6108009708737943,-1.1564649023443567,2411,-0.8117378681045209
USDJPY,21,2,1,,1587,-0.37397605545053203,-0.6134904410722688,824,0.19963592233010427,0.3282599531377405,2411,-0.17793446702612542
USDJPY,21,2,-1,,1587,-0.02602394454946804,-0.04269107871320722,824,-0.5996359223301052,-0.9859771601541273,2411,-0.22206553297387494
USDJPY,22,2,1,,1586,-1.0547288776797075,-1.8065374112869836,823,0.08663426488453986,0.1286993709395868,2409,-0.6647986716480031
USDJPY,22,2,-1,,1586,0.6547288776797071,1.1214182495698313,823,-0.4866342648845405,-0.722918626385956,2409,0.2647986716480028
USDJPY,23,2,1,,1587,-0.4054190296156135,-0.7376403989506803,823,0.13523693803157247,0.2148078718748202,2410,-0.2207883817427363
USDJPY,23,2,-1,,1587,0.005419029615612799,0.009859663399066635,823,-0.5352369380315731,-0.8501605351380817,2410,-0.1792116182572644
USDJPY,0,3,1,,1586,0.10756620428751004,0.18042929879389705,825,0.1282424242424375,0.24767455513772427,2411,0.1146412277063467
USDJPY,0,3,-1,,1586,-0.5075662042875102,-0.851380923382727,825,-0.5282424242424384,-1.0201944341116442,2411,-0.5146412277063471
USDJPY,1,3,1,,1586,0.09546027742747988,0.16905453448307858,825,-0.02024242424240845,-0.039486112846410126,2411,0.055868934052258866
USDJPY,1,3,-1,,1586,-0.4954602774274803,-0.8774309986579607,825,-0.3797575757575921,-0.7407783925024237,2411,-0.4558689340522593
USDJPY,2,3,1,,1583,0.23259633607074953,0.42010339171714584,825,-0.19903030303029343,-0.432562722179951,2408,0.08471760797342377
USDJPY,2,3,-1,,1583,-0.63259633607075,-1.1425625650884104,825,-0.20096969696970726,-0.4367777060745616,2408,-0.4847176079734243
USDJPY,3,3,1,,1579,0.9084230525649221,1.871686999222522,825,-0.3318787878788045,-0.7846003960408033,2404,0.4827787021630608
USDJPY,3,3,-1,,1579,-1.3084230525649225,-2.695834732566733,825,-0.06812121212119605,-0.16104653855909623,2404,-0.8827787021630613
USDJPY,4,3,1,,1578,1.4234474017744088,2.9944052944132373,821,-1.2772228989038046,-3.3204516938690336,2399,0.4992080033347201
USDJPY,4,3,-1,,1578,-1.8234474017744096,-3.8358569112922436,821,0.8772228989038044,2.2805543676564013,2399,-0.8992080033347206
USDJPY,5,3,1,,1524,1.172440944881892,2.776085926204384,821,-0.9160779537149841,-1.7212432642241575,2345,0.4412366737739878
USDJPY,5,3,-1,,1524,-1.5724409448818928,-3.7231991904836494,821,0.5160779537149841,0.9696726114237164,2345,-0.8412366737739883
USDJPY,6,3,1,,1536,1.0910807291666886,2.6609605901077686,809,0.7153275648949231,1.5388739557615398,2345,0.9614498933902033
USDJPY,6,3,-1,,1536,-1.4910807291666897,-3.6364926544088516,809,-1.1153275648949237,-2.399388232734827,2345,-1.3614498933902042
USDJPY,7,3,1,,1580,-0.39050632911395544,-0.797767050801946,821,1.6399512789281163,3.163298867985259,2401,0.3037900874635293
USDJPY,7,3,-1,,1580,-0.009493670886045334,-0.01939466087842729,821,-2.0399512789281173,-3.934858098708948,2401,-0.7037900874635301
USDJPY,8,3,1,,1580,-0.9524683544303691,-1.685377791588163,821,-0.7007308160779596,-1.1719041491922948,2401,-0.8663890045814194
USDJPY,8,3,-1,,1580,0.5524683544303686,0.9775840748736089,821,0.30073081607795926,0.5029430461247707,2401,0.46638900458141896
USDJPY,9,3,1,,1580,-1.7801898734177328,-2.9678620933109565,821,-1.0998781973203453,-1.8368565290383596,2401,-1.5475635152020082
USDJPY,9,3,-1,,1580,1.3801898734177322,2.3009979261503934,821,0.6998781973203448,1.1688347304379214,2401,1.1475635152020076
USDJPY,10,3,1,,1579,-1.729575680810632,-2.7315149633293903,821,-1.4101096224116867,-2.645640106543949,2400,-1.6202916666666594
USDJPY,10,3,-1,,1579,1.3295756808106314,2.099795867452842,821,1.0101096224116861,1.895162253050783,2400,1.2202916666666588
USDJPY,11,3,1,,1580,-1.7001265822784728,-2.892479264171138,821,-0.10645554202186226,-0.25738469787390833,2401,-1.1551853394418725
USDJPY,11,3,-1,,1580,1.3001265822784724,2.21194658047068,821,-0.2935444579781382,-0.7097221074103137,2401,0.7551853394418723
USDJPY,12,3,1,,1581,-0.5207463630613499,-0.9782861638762356,821,-0.519244823386107,-1.2464269928566463,2402,-0.520233139050786
USDJPY,12,3,-1,,1581,0.12074636306134967,0.22683691082712093,821,0.11924482338610665,0.28624255829382916,2402,0.12023313905078575
USDJPY,13,3,1,,1583,0.19418825015793661,0.3737786163865054,824,0.06917475728156569,0.1721278924485583,2407,0.1513917739925317
USDJPY,13,3,-1,,1583,-0.5941882501579366,-1.1437090649744193,824,-0.4691747572815665,-1.1674498810632048,2407,-0.551391773992532
USDJPY,14,3,1,,1583,1.1370183196462142,2.142268732934208,824,-0.008373786407781709,-0.01853537589885593,2407,0.7449106771915018
USDJPY,14,3,-1,,1583,-1.537018319646215,-2.8959131363421613,824,-0.39162621359221894,-0.866864609065229,2407,-1.1449106771915027
USDJPY,15,3,1,,1585,0.6967823343848709,1.2800286770988363,824,0.35655339805824166,0.6956169007217047,2409,0.5804068078040728
USDJPY,15,3,-1,,1585,-1.0967823343848715,-2.01485136931239,824,-0.7565533980582423,-1.4759958335940024,2409,-0.9804068078040734
USDJPY,16,3,1,,1587,0.3874606175173399,0.7081755004450946,824,-0.1739077669902721,-0.32240005857930715,2411,0.19560348403153638
USDJPY,16,3,-1,,1587,-0.7874606175173406,-1.4392696745913516,824,-0.2260922330097287,-0.41914257441267855,2411,-0.5956034840315371
USDJPY,17,3,1,,1587,0.22659105229994345,0.46363981437537316,824,0.1793689320388043,0.35965616699436187,2411,0.21045209456656366
USDJPY,17,3,-1,,1587,-0.6265910522999442,-1.2821007547688075,824,-0.5793689320388048,-1.1617040197775965,2411,-0.6104520945665644
USDJPY,18,3,1,,1587,0.8759294265910637,1.8468031999235768,824,0.4320388349514507,0.8819699458878623,2411,0.724222314392374
USDJPY,18,3,-1,,1587,-1.2759294265910643,-2.690160275897589,824,-0.8320388349514517,-1.6985353789346147,2411,-1.1242223143923746
USDJPY,19,3,1,,1587,1.031442974165077,1.851375910443717,824,0.46626213592233406,0.8080772115299825,2411,0.8382828701783411
USDJPY,19,3,-1,,1587,-1.4314429741650776,-2.5693510023550674,824,-0.866262135922335,-1.501315756351119,2411,-1.2382828701783417
USDJPY,20,3,1,,1587,0.03597983616888636,0.05250454725033017,824,0.4285194174757141,0.6193300875956707,2411,0.17013687266694777
USDJPY,20,3,-1,,1587,-0.4359798361688863,-0.6362153457528935,824,-0.828519417475715,-1.197441661856617,2411,-0.570136872666948
USDJPY,21,3,1,,1587,-0.7454316320101111,-1.016423879681049,824,0.26262135922328633,0.32527564697078415,2411,-0.4009124844463121
USDJPY,21,3,-1,,1587,0.3454316320101117,0.4710089356222969,824,-0.6626213592232868,-0.8207047284937812,2411,0.0009124844463122917
USDJPY,22,3,1,,1586,-0.8679697351828287,-1.2552765918657942,823,0.3357229647630448,0.4161802470604116,2409,-0.45674553756744724
USDJPY,22,3,-1,,1586,0.46796973518282853,0.6767879460139276,823,-0.7357229647630458,-0.912041764730679,2409,0.056745537567446803
USDJPY,23,3,1,,1587,-0.4007561436672931,-0.6234975956931467,823,0.2953827460510218,0.43498654351579336,2410,-0.16302904564315487
USDJPY,23,3,-1,,1587,0.0007561436672929467,0.0011764105579056346,823,-0.6953827460510226,-1.0240345489678901,2410,-0.23697095435684548
USDJPY,0,4,1,,1586,0.3045397225724945,0.44636762842188715,825,0.19878787878790166,0.31857754358158075,2411,0.26835338034010586
USDJPY,0,4,-1,,1586,-0.7045397225724946,-1.032652563144163,825,-0.5987878787879025,-0.9596177227395674,2411,-0.6683533803401062
USDJPY,1,4,1,,1586,0.2825977301387134,0.44340844332800605,825,-0.061575757575746085,-0.10951745848521496,2411,0.16482787225218123
USDJPY,1,4,-1,,1586,-0.6825977301387134,-1.0710262845758585,825,-0.3384242424242542,-0.601914850572417,2411,-0.5648278722521813
USDJPY,2,4,1,,1583,1.031585596967782,1.7646932930275439,825,-0.3580606060606051,-0.74072914627882,2408,0.5554817275747508
USDJPY,2,4,-1,,1583,-1.431585596967782,-2.4489577101402453,825,-0.04193939393939596,-0.08676109837931104,2408,-0.9554817275747511
USDJPY,3,4,1,,1579,1.563584547181784,2.8618303154777482,825,-1.172606060606092,-2.6006753797478153,2404,0.6245840266223007
USDJPY,3,4,-1,,1579,-1.9635845471817848,-3.5939507040134218,825,0.7726060606060916,1.7135316177912752,2404,-1.0245840266223014
USDJPY,4,4,1,,1578,1.5404309252217874,2.995293512315841,820,-0.9634146341463523,-1.6636887401332594,2398,0.684236864053366
USDJPY,4,4,-1,,1578,-1.9404309252217882,-3.7730741873914453,820,0.5634146341463525,0.972942022710851,2398,-1.0842368640533664
USDJPY,5,4,1,,1524,1.1411417322834778,2.3303740828654416,821,-0.3788063337393442,-0.7291619874017614,2345,0.6089978678038459
USDJPY,5,4,-1,,1524,-1.5411417322834782,-3.1472311013892518,821,-0.02119366626065563,-0.04079555813758626,2345,-1.008997867803846
USDJPY,6,4,1,,1536,0.8832031249999917,1.7018480465777734,809,1.0245982694684628,1.7679303712580836,2345,0.9319829424306924
USDJPY,6,4,-1,,1536,-1.2832031249999922,-2.47260983326316,809,-1.4245982694684638,-2.4581249280672606,2345,-1.3319829424306933
USDJPY,7,4,1,,1580,-0.6920253164556969,-1.1499118365648973,821,0.3091352009743962,0.46831170593994587,2401,-0.34968763015411153
USDJPY,7,4,-1,,1580,0.29202531645569646,0.4852472300997288,821,-0.7091352009743965,-1.0742753159899494,2401,-0.05031236984588888
USDJPY,8,4,1,,1580,-1.946329113924053,-2.8732318089813753,821,-0.6460414129110675,-0.993602037401,2401,-1.5017076218242358
USDJPY,8,4,-1,,1580,1.5463291139240525,2.28273931962256,821,0.2460414129110673,0.37840801575225,2401,1.1017076218242354
USDJPY,9,4,1,,1580,-2.006265822784815,-2.8369061219624383,821,-1.036906211936683,-1.6208188221593423,2401,-1.674802165764275
USDJPY,9,4,-1,,1580,1.6062658227848148,2.271296901141511,821,0.6369062119366824,0.9955669706415244,2401,1.2748021657642747
USDJPY,10,4,1,,1579,-2.0051931602279724,-2.877812982082537,821,-1.4159561510352716,-2.5370978164273894,2400,-1.8036249999999692
USDJPY,10,4,-1,,1579,1.605193160227972,2.303741009533946,821,1.0159561510352708,1.8203813235974655,2400,1.4036249999999688
USDJPY,11,4,1,,1580,-1.51082278481014,-2.377488125262212,821,-0.4878197320340754,-1.0023085864063803,2401,-1.1610162432319855
USDJPY,11,4,-1,,1580,1.11082278481014,1.74803293060522,821,0.08781973203407493,0.18044057198471872,2401,0.7610162432319854
USDJPY,12,4,1,,1581,-0.04952561669827882,-0.07795262923128173,821,0.16211936662606719,0.349139608477849,2402,0.02281432139884361
USDJPY,12,4,-1,,1581,-0.35047438330172165,-0.5516417861694329,821,-0.562119366626068,-1.2105779813112438,2402,-0.42281432139884423
USDJPY,13,4,1,,1583,0.8765003158559729,1.4159014475484282,824,-0.014805825242693287,-0.030070621906555125,2407,0.5713751557956068
USDJPY,13,4,-1,,1583,-1.276500315855973,-2.0620627423863827,824,-0.38519417475730733,-0.7823291305866766,2407,-0.9713751557956073
USDJPY,14,4,1,,1583,0.8890082122551952,1.4438306721617173,824,-0.037500000000009144,-0.06723936861124277,2407,0.5718321562110371
USDJPY,14,4,-1,,1583,-1.2890082122551956,-2.0934672682057855,824,-0.3624999999999918,-0.6499805632418402,2407,-0.9718321562110378
USDJPY,15,4,1,,1585,0.8625867507886616,1.382698301482652,824,0.4995145631067831,0.8570391822074149,2409,0.7383976753839842
USDJPY,15,4,-1,,1585,-1.2625867507886621,-2.023885196699141,824,-0.8995145631067839,-1.543336836375471,2409,-1.1383976753839846
USDJPY,16,4,1,,1587,0.899873976055458,1.5068759940918572,824,0.08810679611651095,0.14776651656104522,2411,0.62243882206554
USDJPY,16,4,-1,,1587,-1.2998739760554583,-2.176692450257044,824,-0.48810679611651153,-0.8186183603422739,2411,-1.0224388220655403
USDJPY,17,4,1,,1587,0.6388783868935148,1.1096315556439988,824,0.4013349514562828,0.6914148539231513,2411,0.55769390294483
USDJPY,17,4,-1,,1587,-1.0388783868935152,-1.8043688192033294,824,-0.8013349514562833,-1.3805298701102902,2411,-0.9576939029448305
USDJPY,18,4,1,,1587,1.189161940768746,1.9275410025847999,824,0.6148058252427282,0.940776462875001,2411,0.9928660306926619
USDJPY,18,4,-1,,1587,-1.5891619407687463,-2.575910559834075,824,-1.0148058252427292,-1.552856846143055,2411,-1.3928660306926626
USDJPY,19,4,1,,1587,0.5513547574039114,0.7655406593292706,824,0.6839805825242549,0.9440520847408024,2411,0.5966818747407687
USDJPY,19,4,-1,,1587,-0.9513547574039111,-1.3209294713775181,824,-1.0839805825242554,-1.4961450001605623,2411,-0.9966818747407686
USDJPY,20,4,1,,1587,-0.3354757403906925,-0.42487345024331036,824,0.49150485436889624,0.5628876831760772,2411,-0.052841144753238686
USDJPY,20,4,-1,,1587,-0.06452425960930652,-0.08171871018951847,824,-0.8915048543688965,-1.0209809680522468,2411,-0.34715885524676077
USDJPY,21,4,1,,1587,-0.5582860743541251,-0.6858532830891375,824,0.5128640776699002,0.5525563692964465,2411,-0.19220240564081248
USDJPY,21,4,-1,,1587,0.15828607435412603,0.19445411367041834,824,-0.9128640776699005,-0.9835137268925418,2411,-0.20779759435918707
USDJPY,22,4,1,,1586,-0.8638083228247045,-1.1319920067065512,823,0.4855407047387525,0.5755572012708574,2409,-0.4028227480282225
USDJPY,22,4,-1,,1586,0.4638083228247043,0.6078053431630137,823,-0.8855407047387533,-1.0497149356511624,2409,0.0028227480282220813
USDJPY,23,4,1,,1587,-0.305860113421549,-0.42901395118516655,823,0.27667071688941813,0.38327403640819124,2410,-0.10692946058091583
USDJPY,23,4,-1,,1587,-0.09413988657845053,-0.13204508509902046,823,-0.676670716889419,-0.9373970613778081,2410,-0.2930705394190842
USDJPY,0,6,1,,1586,1.2900378310214342,1.6947770817249008,825,-0.0015757575757473232,-0.0023699570202069488,2411,0.8480713396930747
USDJPY,0,6,-1,,1586,-1.690037831021434,-2.220273944210863,825,-0.39842424242425295,-0.5992345173439332,2411,-1.2480713396930747
USDJPY,1,6,1,,1586,1.7354350567465486,2.440083694146054,825,-1.061333333333345,-1.9015002589319823,2411,0.7784321858150213
USDJPY,1,6,-1,,1586,-2.135435056746549,-3.002497985515856,825,0.6613333333333444,1.1848544327013424,2411,-1.1784321858150217
USDJPY,2,6,1,,1583,1.8096651926721345,2.6977936545276817,824,-0.9004854368931975,-1.4186770024009228,2407,0.881886165351057
USDJPY,2,6,-1,,1583,-2.2096651926721345,-3.2941014501247547,824,0.5004854368931975,0.788493794865414,2407,-1.281886165351057
USDJPY,3,6,1,,1579,1.5390753641545356,2.4518938285335237,824,-0.3501213592233125,-0.5686154538027094,2403,0.8912609238451944
USDJPY,3,6,-1,,1579,-1.9390753641545364,-3.0891319744070196,824,-0.04987864077668781,-0.08100552912057307,2403,-1.291260923845195
USDJPY,4,6,1,,1578,1.2634347275031421,1.962151073076902,820,-0.040365853658555884,-0.062106428402094814,2398,0.8175979983319193
USDJPY,4,6,-1,,1578,-1.6634347275031425,-2.583362768580823,820,-0.3596341463414447,-0.5533288741923882,2398,-1.2175979983319196
USDJPY,5,6,1,,1524,0.692519685039387,1.0174908320868303,821,-1.5119366626065902,-1.99737638447259,2345,-0.07927505330489759
USDJPY,5,6,-1,,1524,-1.0925196850393863,-1.605194462217696,821,1.1119366626065914,1.4689477977805807,2345,-0.3207249466951016
USDJPY,6,6,1,,1536,-0.3852213541666574,-0.5176669966606354,809,-0.2349814585908514,-0.2993677282675589,2345,-0.333390191897648
USDJPY,6,6,-1,,1536,-0.014778645833343282,-0.019859795207376397,809,-0.16501854140914893,-0.21023456982493327,2345,-0.06660980810235256
USDJPY,7,6,1,,1580,-1.9119620253164629,-2.348892321074939,821,0.42679658952495025,0.5573273146120156,2401,-1.112244897959195
USDJPY,7,6,-1,,1580,1.5119620253164627,1.857482493897821,821,-0.8267965895249509,-1.0796626174618855,2401,0.7122448979591947
USDJPY,8,6,1,,1580,-2.4481012658227685,-2.9440101032364896,821,-0.5889159561509901,-0.8210341739080073,2401,-1.8123698458975166
USDJPY,8,6,-1,,1580,2.048101265822769,2.4629825992950543,821,0.18891595615099013,0.26337621586993015,2401,1.412369845897517
USDJPY,9,6,1,,1580,-2.0931645569620394,-2.63644981229725,821,-1.424116930572481,-1.9865441260344603,2401,-1.8643898375676922
USDJPY,9,6,-1,,1580,1.6931645569620395,2.132628972501698,821,1.0241169305724809,1.4285719305249553,2401,1.4643898375676923
USDJPY,10,6,1,,1579,-1.3419252691576862,-1.6628060227510466,821,-1.1159561510353104,-1.72061237862353,2400,-1.2646249999999901
USDJPY,10,6,-1,,1579,0.9419252691576868,1.1671581469808046,821,0.7159561510353099,1.1038812007802923,2400,0.8646249999999903
USDJPY,11,6,1,,1580,-0.3539873417721624,-0.4613135222320689,821,0.09317904993913267,0.15906939754671248,2401,-0.20108288213244008
USDJPY,11,6,-1,,1580,-0.04601265822783745,-0.059963334643773736,821,-0.49317904993913325,-0.8419241708058156,2401,-0.19891711786756
USDJPY,12,6,1,,1581,0.3941176470588413,0.4996866392589777,821,0.07734470158345366,0.12000210116651654,2402,0.28584512905913556
USDJPY,12,6,-1,,1581,-0.794117647058841,-1.006831288059111,821,-0.47734470158345427,-0.740611392868477,2402,-0.6858451290591356
USDJPY,13,6,1,,1583,0.7938092229943341,1.05141490144286,824,0.09902912621362098,0.14525543402330918,2407,0.5559617781470937
USDJPY,13,6,-1,,1583,-1.193809222994334,-1.5812222511114917,824,-0.49902912621362155,-0.7319734616467022,2407,-0.9559617781470937
USDJPY,14,6,1,,1583,1.5644346178142619,2.1900538418300823,824,0.3674757281553155,0.5380916720463335,2407,1.1546738678853163
USDJPY,14,6,-1,,1583,-1.964434617814262,-2.7500143072638887,824,-0.7674757281553162,-1.1238083665855791,2407,-1.5546738678853167
USDJPY,15,6,1,,1585,1.7857413249211491,2.4197069079592604,824,0.9834951456310448,1.3896802137973068,2409,1.511332503113326
USDJPY,15,6,-1,,1585,-2.185741324921149,-2.9617130483090897,824,-1.3834951456310451,-1.9548808535648332,2409,-1.9113325031133257
USDJPY,16,6,1,,1587,1.625393824826712,2.114308786200443,824,0.49283980582526676,0.6069711383748899,2411,1.2383243467440945
USDJPY,16,6,-1,,1587,-2.0253938248267116,-2.634627924591621,824,-0.892839805825267,-1.0996027247042524,2411,-1.6383243467440942
USDJPY,17,6,1,,1587,0.47202268431003175,0.5792519126273886,824,0.8018203883494807,0.9285495968276227,2411,0.5847366238075457
USDJPY,17,6,-1,,1587,-0.8720226843100308,-1.0701197729075322,824,-1.2018203883494811,-1.3917703431790647,2411,-0.9847366238075452
USDJPY,18,6,1,,1587,0.33761814744800167,0.3883855880360399,824,0.8955097087378311,0.9402108347833775,2411,0.5282870178349032
USDJPY,18,6,-1,,1587,-0.7376181474480001,-0.8485333507932011,824,-1.2955097087378307,-1.3601776204516418,2411,-0.9282870178349019
USDJPY,19,6,1,,1587,0.36704473850031855,0.4114132604214026,824,0.9972087378640508,0.9812062981516808,2411,0.5824139361260819
USDJPY,19,6,-1,,1587,-0.7670447385003168,-0.8597654281733387,824,-1.3972087378640508,-1.3747874054545925,2411,-0.9824139361260809
USDJPY,20,6,1,,1587,-0.14700693131694698,-0.16015834125205336,824,0.8885922330096927,0.8556131623848383,2411,0.2069265864786362
USDJPY,20,6,-1,,1587,-0.25299306868305177,-0.2756261209288528,824,-1.288592233009693,-1.2407676260860785,2411,-0.6069265864786355
USDJPY,21,6,1,,1587,-0.4584120982986864,-0.48481417599839416,824,0.7202669902912703,0.7199861692413047,2411,-0.05557859809208156
USDJPY,21,6,-1,,1587,0.05841209829868795,0.06177632180764098,824,-1.12026699029127,-1.1198302153776674,2411,-0.34442140190791737
USDJPY,22,6,1,,1586,-0.568032786885246,-0.6294718982670289,823,0.46038882138517945,0.4877700638090632,2409,-0.21668742216687323
USDJPY,22,6,-1,,1586,0.16803278688524712,0.18620741579327824,823,-0.8603888213851799,-0.9115597312831795,2409,-0.18331257783312627
USDJPY,23,6,1,,1587,0.0746691871455598,0.08853311700037533,823,0.3122721749696171,0.373702575854907,2410,0.15580912863070467
USDJPY,23,6,-1,,1587,-0.474669187145559,-0.5628016627542702,823,-0.7122721749696176,-0.8523908558994129,2410,-0.5558091286307043
USDJPY,0,8,1,,1586,2.0584489281210496,2.5036785413529623,824,-0.48118932038833484,-0.6422224064003434,2410,1.1901244813277996
USDJPY,0,8,-1,,1586,-2.458448928121049,-2.9901960365697744,824,0.08118932038833472,0.10835984612402637,2410,-1.590124481327799
USDJPY,1,8,1,,1586,1.7581336696090792,2.250465955621865,824,-0.23228155339805043,-0.33751474263177506,2410,1.077593360995853
USDJPY,1,8,-1,,1586,-2.1581336696090787,-2.7624784367029545,824,-0.16771844660195,-0.24370186745932695,2410,-1.477593360995853
USDJPY,2,8,1,,1583,1.5267845862286593,1.9347246185151683,824,-0.0012135922330109505,-0.0016828155854660138,2407,1.0036975488159396
USDJPY,2,8,-1,,1583,-1.926784586228659,-2.44160021471022,824,-0.3987864077669897,-0.5529732013835655,2407,-1.4036975488159396
USDJPY,3,8,1,,1579,1.112032932235608,1.417251219850333,824,-1.4643203883495395,-1.7813414275533368,2403,0.22858926342072589
USDJPY,3,8,-1,,1579,-1.5120329322356074,-1.9270387193989729,824,1.0643203883495393,1.294742608954323,2403,-0.6285892634207256
USDJPY,4,8,1,,1578,0.0006337135614595528,0.0007835782735196626,820,-1.386951219512197,-1.6501132223905406,2398,-0.473853211009182
USDJPY,4,8,-1,,1578,-0.4006337135614596,-0.4953781845274525,820,0.9869512195121974,1.1742166806301468,2398,0.0738532110091821
USDJPY,5,8,1,,1524,-0.6185695538057704,-0.7055413410063106,821,-1.3086479902557941,-1.5371468048562025,2345,-0.8601705756929642
USDJPY,5,8,-1,,1524,0.21856955380577034,0.24930075388691977,821,0.9086479902557953,1.06730409197946,2345,0.4601705756929646
USDJPY,6,8,1,,1536,-0.8257812499999706,-0.9320024908122967,809,-0.17725587144620022,-0.20787486103275027,2345,-0.6020469083155355
USDJPY,6,8,-1,,1536,0.42578124999997086,0.480550007088633,809,-0.2227441285537998,-0.2612207110049712,2345,0.20204690831553568
USDJPY,7,8,1,,1580,-1.9988607594936871,-2.2600718044394723,821,0.03958587088915236,0.046873034262879684,2401,-1.301832569762612
USDJPY,7,8,-1,,1580,1.5988607594936874,1.8077998202694596,821,-0.43958587088915246,-0.5205070173992641,2401,0.9018325697626123
USDJPY,8,8,1,,1580,-1.78683544303797,-1.913189533312641,821,-0.2889159561510289,-0.36826840328784394,2401,-1.2746355685131143
USDJPY,8,8,-1,,1580,1.38683544303797,1.4849039761244882,821,-0.11108404384897104,-0.14159392234339815,2401,0.8746355685131142
USDJPY,9,8,1,,1580,-0.9320253164557074,-1.015117404514073,821,-0.8431181485992728,-1.0481587353672652,2401,-0.9016243231986758
USDJPY,9,8,-1,,1580,0.5320253164557078,0.5794565328225846,821,0.4431181485992727,0.5508814618991802,2401,0.5016243231986761
USDJPY,10,8,1,,1579,-0.9051298290056873,-0.9855732528230855,821,-1.200730816077924,-1.5527095785251834,2400,-1.0062499999999817
USDJPY,10,8,-1,,1579,0.5051298290056879,0.5500232482869335,821,0.8007308160779235,1.0354547341473344,2400,0.6062499999999819
USDJPY,11,8,1,,1580,-0.4385443037974615,-0.48867183012883575,821,0.24555420219248814,0.3246814682347359,2401,-0.20462307371926547
USDJPY,11,8,-1,,1580,0.03854430379746231,0.04295008580580444,821,-0.6455542021924884,-0.8535772726408374,2401,-0.19537692628073408
USDJPY,12,8,1,,1581,1.0684376976597287,1.228029362233379,821,0.46857490864799556,0.60347316779683,2402,0.8634054954204975
USDJPY,12,8,-1,,1581,-1.4684376976597286,-1.687777034904688,821,-0.8685749086479961,-1.1186293630255202,2402,-1.2634054954204978
USDJPY,13,8,1,,1583,1.7166140240050678,2.0160459472149403,824,0.5830097087378828,0.7323462315781619,2407,1.3285417532197914
USDJPY,13,8,-1,,1583,-2.116614024005068,-2.4858186320520974,824,-0.9830097087378825,-1.2348052614036285,2407,-1.7285417532197913
USDJPY,14,8,1,,1583,2.2792166771951714,2.596634721551894,824,0.7722087378640717,0.8846937344240932,2407,1.7633153302866436
USDJPY,14,8,-1,,1583,-2.679216677195171,-3.0523412364317934,824,-1.1722087378640715,-1.3429603615908121,2407,-2.1633153302866432
USDJPY,15,8,1,,1585,1.6043533123028602,1.6845351345385162,824,1.383980582524243,1.4531316864826183,2409,1.5289746782897506
USDJPY,15,8,-1,,1585,-2.004353312302859,-2.1045261980083354,824,-1.7839805825242425,-1.8731178350837059,2409,-1.9289746782897497
USDJPY,16,8,1,,1587,0.7738500315059672,0.7877123041173919,824,0.7735436893203699,0.7088123499111973,2411,0.7737453338863354
USDJPY,16,8,-1,,1587,-1.1738500315059657,-1.194877657633987,824,-1.173543689320369,-1.0753397275872811,2411,-1.1737453338863342
USDJPY,17,8,1,,1587,0.28771266540643864,0.2919245785305432,824,1.1150485436892765,0.9901897857833196,2411,0.5704686851928585
USDJPY,17,8,-1,,1587,-0.6877126654064372,-0.6977803000618196,824,-1.5150485436892769,-1.3453993563037758,2411,-0.9704686851928578
USDJPY,18,8,1,,1587,0.5260869565217474,0.5323580943843562,824,1.2925970873786274,1.1621365907237733,2411,0.7880547490667782
USDJPY,18,8,-1,,1587,-0.926086956521745,-0.9371262322633622,824,-1.6925970873786271,-1.5217650014857294,2411,-1.1880547490667763
USDJPY,19,8,1,,1587,0.466918714555757,0.46333175721718584,824,1.2046116504854207,1.1099051372515976,2411,0.7190377436748125
USDJPY,19,8,-1,,1587,-0.8669187145557549,-0.8602588820234927,824,-1.6046116504854206,-1.4784571554242063,2411,-1.1190377436748111
USDJPY,20,8,1,,1587,0.15028355387522713,0.14388195468000964,824,0.9565533980582486,0.8615603047576526,2411,0.4258399004562349
USDJPY,20,8,-1,,1587,-0.5502835538752258,-0.5268432327968875,824,-1.3565533980582487,-1.2218372350394637,2411,-0.8258399004562341
USDJPY,21,8,1,,1587,-0.07473219911784078,-0.0716103059623509,824,0.6953883495145731,0.6449349409820411,2411,0.1884695147241787
USDJPY,21,8,-1,,1587,-0.32526780088215745,-0.3116799320215872,824,-1.0953883495145733,-1.015913224660362,2411,-0.5884695147241776
USDJPY,22,8,1,,1586,0.40769230769231896,0.4280667915141001,823,0.24617253948966256,0.26002469259408634,2409,0.3525114155251184
USDJPY,22,8,-1,,1586,-0.8076923076923177,-0.8480568511128268,823,-0.6461725394896629,-0.6825327320905156,2409,-0.7525114155251176
USDJPY,23,8,1,,1587,1.5132325141777123,1.6972407132546488,823,-0.6739975698663704,-0.8351765965461341,2410,0.7663070539419116
USDJPY,23,8,-1,,1587,-1.913232514177712,-2.1458804820549973,823,0.2739975698663695,0.3395210429442292,2410,-1.1663070539419114
USDJPY,0,12,1,,1586,0.5206809583858678,0.49226506832889666,824,-0.9451456310679368,-0.9870711263346207,2410,0.01950207468879932
USDJPY,0,12,-1,,1586,-0.9206809583858672,-0.870435278243957,824,0.5451456310679373,0.5693276193496453,2410,-0.4195020746887987
USDJPY,1,12,1,,1586,-0.011412358133676146,-0.010792387638431749,824,-1.1336165048543705,-1.1812092460967651,2410,-0.39510373443983887
USDJPY,1,12,-1,,1586,-0.3885876418663229,-0.36747781776583144,824,0.7336165048543707,0.764416003924093,2410,-0.004896265560160437
USDJPY,2,12,1,,1583,-0.25622236260264897,-0.2446698635252499,824,-1.3509708737863688,-1.4396712541790375,2407,-0.6309929372662906
USDJPY,2,12,-1,,1583,-0.1437776373973505,-0.13729502203735017,824,0.9509708737863694,1.0134085472284233,2407,0.23099293726629103
USDJPY,3,12,1,,1579,-0.13514882837238404,-0.13339148951727875,824,-1.5618932038835012,-1.6326399826692009,2403,-0.6243861839367455
USDJPY,3,12,-1,,1579,-0.2648511716276149,-0.2614073145085659,824,1.1618932038835013,1.2145217711013947,2403,0.22438618393674623
USDJPY,4,12,1,,1578,0.2659062103928976,0.25966327772949244,820,-0.9498780487804979,-0.9780353121681407,2398,-0.14983319432861378
USDJPY,4,12,-1,,1578,-0.6659062103928958,-0.6502720978030335,820,0.5498780487804993,0.5661781002139161,2398,-0.2501668056713845
USDJPY,5,12,1,,1524,0.5528871391076164,0.529142994283548,821,-1.162241169305718,-1.206163118440779,2345,-0.04759061833688143
USDJPY,5,12,-1,,1524,-0.9528871391076151,-0.9119647000932407,821,0.7622411693057192,0.7910468240622914,2345,-0.3524093816631173
USDJPY,6,12,1,,1536,0.14420572916668503,0.1347704312893802,809,0.0794808405438914,0.08053751437928969,2345,0.12187633262261677
USDJPY,6,12,-1,,1536,-0.5442057291666844,-0.5085986614662855,809,-0.47948084054389084,-0.4858553938992711,2345,-0.5218763326226162
USDJPY,7,12,1,,1580,-0.9230379746835404,-0.8411955525679169,821,0.772959805115716,0.7846347884460199,2401,-0.3431070387338572
USDJPY,7,12,-1,,1580,0.5230379746835412,0.4766620986300914,821,-1.1729598051157155,-1.1906764911338095,2401,-0.05689296126614215
USDJPY,8,12,1,,1580,-0.6751898734177108,-0.6046094658517963,821,0.017539585870899793,0.017778459643808038,2401,-0.4383173677634212
USDJPY,8,12,-1,,1580,0.2751898734177118,0.2464231306265054,821,-0.41753958587089934,-0.42322610874262856,2401,0.038317367763422004
USDJPY,9,12,1,,1580,-0.10107594936708626,-0.08985340684725543,821,-0.22082825822168872,-0.21719323149395095,2401,-0.1420241566014172
USDJPY,9,12,-1,,1580,-0.2989240506329118,-0.2657342771068239,821,-0.17917174177831077,-0.17622241783098488,2401,-0.2579758433985813
USDJPY,10,12,1,,1579,0.4769474350854997,0.4214046245439894,821,-0.4180267965894911,-0.40149472377732803,2400,0.17079166666667991
USDJPY,10,12,-1,,1579,-0.8769474350854979,-0.7748227109362096,821,0.018026796589491887,0.017313875034656267,2400,-0.5707916666666785
USDJPY,11,12,1,,1580,0.3131645569620338,0.2660624741165052,821,1.1144945188794395,1.0313074236342168,2401,0.5871720116618215
USDJPY,11,12,-1,,1580,-0.713164556962032,-0.6058997490591607,821,-1.514494518879439,-1.4014509842041283,2401,-0.98717201166182
USDJPY,12,12,1,,1581,0.9111954459202972,0.756419200061362,821,1.1293544457977884,0.9522213151232254,2402,0.9857618651123956
USDJPY,12,12,-1,,1581,-1.3111954459202955,-1.0884749421957551,821,-1.5293544457977877,-1.2894834806608353,2402,-1.3857618651123944
USDJPY,13,12,1,,1583,1.3595072646873243,1.1425340955378274,824,1.2967233009708772,1.0281951827868367,2407,1.3380141254674023
USDJPY,13,12,-1,,1583,-1.7595072646873222,-1.478695328424095,824,-1.696723300970876,-1.3453623631766725,2407,-1.7380141254674002
USDJPY,14,12,1,,1583,1.6294377763739545,1.375226448953245,824,1.4499999999999715,1.1400991110403158,2407,1.5680099709181332
USDJPY,14,12,-1,,1583,-2.0294377763739524,-1.7128217763461273,824,-1.8499999999999697,-1.454609210637649,2407,-1.9680099709181311
USDJPY,15,12,1,,1585,1.542397476340702,1.281615503096949,824,1.9046116504854094,1.4870623510162695,2409,1.6662930676629264
USDJPY,15,12,-1,,1585,-1.9423974763407006,-1.613985212657819,824,-2.3046116504854077,-1.7993700806549642,2409,-2.066293067662925
USDJPY,16,12,1,,1587,1.2596093257718874,1.05101009077245,824,1.2385922330097228,0.9405633057180637,2411,1.2524263790958094
USDJPY,16,12,-1,,1587,-1.6596093257718854,-1.3847675723244022,824,-1.6385922330097211,-1.2443156725264795,2411,-1.6524263790958076
USDJPY,17,12,1,,1587,0.7712665406427229,0.6529417749135678,824,1.2975728155339503,1.0061216367515735,2411,0.95114060555785
USDJPY,17,12,-1,,1587,-1.1712665406427198,-0.9915753032756015,824,-1.697572815533949,-1.3162766044595096,2411,-1.3511406055578474
USDJPY,18,12,1,,1587,1.801512287334601,1.5617883130744825,824,1.147087378640762,0.9727771664131779,2411,1.5778515138946494
USDJPY,18,12,-1,,1587,-2.201512287334599,-1.9085610382020348,824,-1.5470873786407608,-1.3119935799233204,2411,-1.9778515138946473
USDJPY,19,12,1,,1587,2.2829867674858315,1.9818618985476453,824,0.18798543689317068,0.16767086890330726,2411,1.566984653670671
USDJPY,19,12,-1,,1587,-2.6829867674858296,-2.329102088770944,824,-0.5879854368931712,-0.5244450354013053,2411,-1.9669846536706694
USDJPY,20,12,1,,1587,1.8855072463768083,1.6311884766354912,823,0.3398541919805445,0.3004513990432437,2410,1.3576763485477106
USDJPY,20,12,-1,,1587,-2.2855072463768056,-1.9772361473129647,823,-0.739854191980544,-0.6540752837949059,2410,-1.7576763485477087
USDJPY,21,12,1,,1587,1.3783238815374825,1.1920501237352084,823,0.6201701093560232,0.5611803042223737,2410,1.119419087136926
USDJPY,21,12,-1,,1587,-1.7783238815374809,-1.5379920724172567,823,-1.0201701093560225,-0.9231328045162657,2410,-1.5194190871369246
USDJPY,22,12,1,,1586,0.8702395964690978,0.785334452914482,822,0.7139902676398909,0.6559559753461605,2408,0.8169019933554732
USDJPY,22,12,-1,,1586,-1.2702395964690962,-1.1463083530224008,822,-1.1139902676398907,-1.0234433236062064,2408,-1.2169019933554721
USDJPY,23,12,1,,1587,1.0835538752363056,1.0093771713837603,822,-0.8192214111922358,-0.7788200030604193,2409,0.4342880863428806
USDJPY,23,12,-1,,1587,-1.4835538752363047,-1.3819944244626179,822,0.41922141119223544,0.3985467375328587,2409,-0.83428808634288
USDJPY,0,24,1,,1586,1.6639974779318827,1.028154244055195,824,0.3811893203883472,0.2503959020348462,2410,1.2253941908713544
USDJPY,0,24,-1,,1586,-2.063997477931879,-1.275307081169597,824,-0.7811893203883447,-0.5131481761853883,2410,-1.6253941908713512
USDJPY,1,24,1,,1586,1.6795712484237235,1.0434427396552817,824,0.09769417475727907,0.06263306950123633,2410,1.138713692946068
USDJPY,1,24,-1,,1586,-2.0795712484237203,-1.2919449072494325,824,-0.4976941747572769,-0.31907853170754574,2410,-1.5387136929460652
USDJPY,2,24,1,,1583,1.6656348704990551,1.0382764956080206,824,0.18737864077670205,0.11746311420650281,2407,1.1595762359783992
USDJPY,2,24,-1,,1583,-2.065634870499052,-1.2876172158336785,824,-0.5873786407767001,-0.368213389092918,2407,-1.5595762359783967
USDJPY,3,24,1,,1579,1.4664977834072264,0.9167059316439738,824,0.335922330097072,0.2130373076026223,2403,1.0788181439866824
USDJPY,3,24,-1,,1579,-1.8664977834072225,-1.1667454317417134,824,-0.7359223300970699,-0.466711789487836,2403,-1.4788181439866792
USDJPY,4,24,1,,1578,1.7346007604562559,1.082245305616597,820,-0.003170731707321676,-0.0019000168822083535,2398,1.1403669724770507
USDJPY,4,24,-1,,1578,-2.134600760456253,-1.3318117373370404,820,-0.3968292682926761,-0.2377944205652654,2398,-1.540366972477048
USDJPY,5,24,1,,1524,1.628083989501326,0.9951714739397974,821,0.00779537149817584,0.0046994582528542455,2345,1.0608102345415877
USDJPY,5,24,-1,,1524,-2.0280839895013227,-1.2396727356332082,821,-0.40779537149817247,-0.24584040985234656,2345,-1.4608102345415845
USDJPY,6,24,1,,1536,2.0205729166666853,1.23148798683774,809,1.2239802224968974,0.7412304034806984,2345,1.7457569296375346
USDJPY,6,24,-1,,1536,-2.420572916666682,-1.47527784993643,809,-1.6239802224968949,-0.9834664755533654,2345,-2.145756929637532
USDJPY,7,24,1,,1580,1.510759493670899,0.91382830862494,821,1.1940316686966832,0.7642135680941698,2401,1.4024573094543928
USDJPY,7,24,-1,,1580,-1.910759493670895,-1.1557803367149908,821,-1.594031668696681,-1.0202247236201618,2401,-1.8024573094543894
USDJPY,8,24,1,,1580,1.3517088607594936,0.8230909485259774,820,0.8859756097561048,0.5723040427962636,2400,1.1925833333333358
USDJPY,8,24,-1,,1580,-1.7517088607594906,-1.0666614310227764,820,-1.2859756097561028,-0.8306876987318066,2400,-1.5925833333333332
USDJPY,9,24,1,,1580,1.4186075949367045,0.875208209218402,820,0.8545121951219382,0.5533055879972977,2400,1.2258749999999927
USDJPY,9,24,-1,,1580,-1.8186075949367015,-1.1219877167699446,820,-1.254512195121936,-0.8123097736161295,2400,-1.62587499999999
USDJPY,10,24,1,,1579,1.502469917669403,0.9281949826418662,820,0.8240243902439105,0.5323964632928446,2399,1.2705710712796974
USDJPY,10,24,-1,,1579,-1.9024699176694007,-1.1753067475367416,820,-1.224024390243908,-0.7908336986932447,2399,-1.6705710712796948
USDJPY,11,24,1,,1580,1.5329746835443094,0.9532843607927368,820,0.7258536585365997,0.46811779829296324,2400,1.257208333333342
USDJPY,11,24,-1,,1580,-1.9329746835443067,-1.2020254185612036,820,-1.1258536585365972,-0.7260859398253691,2400,-1.6572083333333394
USDJPY,12,24,1,,1581,1.5606578115117116,0.9656689347712144,820,0.8895121951219651,0.578217855059562,2401,1.3314452311536975
USDJPY,12,24,-1,,1581,-1.9606578115117084,-1.2131719883293348,820,-1.289512195121963,-0.8382335617493514,2401,-1.7314452311536945
USDJPY,13,24,1,,1583,1.4718888186986772,0.9215472926016408,823,0.5177399756986686,0.32844563176805824,2406,1.1455112219451415
USDJPY,13,24,-1,,1583,-1.8718888186986746,-1.171986668427973,823,-0.9177399756986667,-0.5821989806956414,2406,-1.545511221945139
USDJPY,14,24,1,,1583,1.5579911560328337,0.9751698840888923,823,0.47800729040097906,0.31294406960690524,2406,1.1885702410639991
USDJPY,14,24,-1,,1583,-1.9579911560328307,-1.2255358454906229,823,-0.8780072904009776,-0.5748179580527396,2406,-1.5885702410639964
USDJPY,15,24,1,,1585,1.6874447949526876,1.061927614906283,823,0.6191980558930527,0.40043575997677944,2408,1.3223421926910266
USDJPY,15,24,-1,,1585,-2.087444794952685,-1.3136520252295378,823,-1.0191980558930502,-0.659116003666653,2408,-1.722342192691024
USDJPY,16,24,1,,1587,1.6412098298676785,1.0323220052992728,823,0.6523693803159232,0.42375013412903556,2410,1.303526970954361
USDJPY,16,24,-1,,1587,-2.0412098298676757,-1.283922254459978,823,-1.052369380315921,-0.6835723433957083,2410,-1.7035269709543588
USDJPY,17,24,1,,1587,1.637366099558915,1.04430105323466,823,0.4899149453219687,0.32057432548403175,2410,1.2455186721991611
USDJPY,17,24,-1,,1587,-2.037366099558912,-1.299418354983114,823,-0.8899149453219661,-0.582313085279041,2410,-1.6455186721991581
USDJPY,18,24,1,,1587,1.6804032766225696,1.0671640298636924,823,0.6459295261239432,0.42549382207697434,2410,1.3271369294605906
USDJPY,18,24,-1,,1587,-2.080403276622566,-1.3211897258879393,823,-1.0459295261239405,-0.6889862340930346,2410,-1.7271369294605876
USDJPY,19,24,1,,1587,1.6488342785129189,1.0406574800842359,823,0.5843256379100868,0.38322220441338467,2410,1.2853112033195035
USDJPY,19,24,-1,,1587,-2.0488342785129157,-1.293116443036606,823,-0.9843256379100846,-0.6455568887404488,2410,-1.6853112033195008
USDJPY,20,24,1,,1587,1.5405166981726606,0.9612952776361814,823,0.5602673147022991,0.36040696798111105,2410,1.2057676348547737
USDJPY,20,24,-1,,1587,-1.9405166981726576,-1.2108986162501538,823,-0.9602673147022972,-0.6177176898622285,2410,-1.6057676348547711
USDJPY,21,24,1,,1587,1.5519848771266558,0.9567839298894721,823,0.41968408262455786,0.2669705672166372,2410,1.1653112033195079
USDJPY,21,24,-1,,1587,-1.9519848771266524,-1.2033801291155506,823,-0.8196840826245559,-0.5214196428614366,2410,-1.565311203319505
USDJPY,22,24,1,,1586,1.6045397225725173,1.0095163895793635,822,0.6214111922141259,0.3996427365143581,2408,1.268936877076422
USDJPY,22,24,-1,,1586,-2.0045397225725137,-1.261181431055762,822,-1.0214111922141234,-0.656891232532207,2408,-1.6689368770764186
USDJPY,23,24,1,,1587,1.5931947069943435,0.988155172206353,822,0.6888077858880692,0.4533514312056676,2409,1.284599418846001
USDJPY,23,24,-1,,1587,-1.9931947069943385,-1.2362491855414974,822,-1.0888077858880676,-0.7166187406023908,2409,-1.684599418845997
EURJPY,0,1,1,,1587,0.3072463768115858,0.669480616351216,825,-0.8496969696969733,-1.8076111876097978,2412,-0.08847429519071988
EURJPY,0,1,-1,,1587,-0.7072463768115862,-1.5410685885820692,825,0.4496969696969726,0.9566672619161719,2412,-0.31152570480928066
EURJPY,1,1,1,,1587,0.8347195967233652,2.1263767427772313,825,0.14096969696969727,0.3862640280605474,2412,0.5974295190713022
EURJPY,1,1,-1,,1587,-1.2347195967233657,-3.145342513378128,825,-0.5409696969696977,-1.482284056091334,2412,-0.9974295190713026
EURJPY,2,1,1,,1583,-0.13120656980415693,-0.35432627486695084,825,0.18000000000001257,0.5618706127010943,2408,-0.024584717607960976
EURJPY,2,1,-1,,1583,-0.2687934301958434,-0.7258826670963358,825,-0.5800000000000131,-1.810471974258996,2408,-0.3754152823920394
EURJPY,3,1,1,,1580,0.37088607594938205,1.1334588644309416,825,-0.4277575757575611,-1.2244367168319505,2405,0.09692307692309178
EURJPY,3,1,-1,,1580,-0.7708860759493826,-2.35589231548952,825,0.027757575757560434,0.07945480537103188,2405,-0.4969230769230924
EURJPY,4,1,1,,1578,0.43396704689481447,1.307177283001205,822,0.3472019464720443,1.2164192588554275,2400,0.40425000000001565
EURJPY,4,1,-1,,1578,-0.8339670468948153,-2.5120404562347645,822,-0.7472019464720444,-2.6178160784477056,2400,-0.8042500000000162
EURJPY,5,1,1,,1520,-0.018486842105248213,-0.06470216394347927,822,-0.8765206812652628,-3.451623610433959,2342,-0.31964133219471536
EURJPY,5,1,-1,,1520,-0.3815131578947523,-1.3352592480731489,822,0.47652068126526287,1.8764760141666263,2342,-0.08035866780528499
EURJPY,6,1,1,,1531,0.590006531678643,1.9533047640766623,810,0.19617283950619618,0.7926703585375139,2341,0.4537377189235461
EURJPY,6,1,-1,,1531,-0.9900065316786434,-3.277564519994459,810,-0.5961728395061962,-2.4089396862034924,2341,-0.8537377189235462
EURJPY,7,1,1,,1579,0.652311589613673,2.0250462559852864,821,2.6152253349573584,5.631029106703573,2400,1.3237916666666587
EURJPY,7,1,-1,,1579,-1.0523115896136737,-3.2668124844127835,821,-3.0152253349573592,-6.492297775438828,2400,-1.7237916666666593
EURJPY,8,1,1,,1579,-0.5929069031032592,-1.6823630310954538,821,1.015834348355648,3.3436065338956036,2400,-0.04258333333335803
EURJPY,8,1,-1,,1579,0.1929069031032589,0.5473699842680271,821,-1.4158343483556484,-4.660201720623822,2400,-0.3574166666666423
EURJPY,9,1,1,,1580,-0.21848101265822925,-0.5413514271684519,821,-0.7971985383678449,-1.7977992128144173,2401,-0.41636817992503244
EURJPY,9,1,-1,,1580,-0.18151898734177146,-0.44976706057911475,821,0.3971985383678444,0.8957407537032565,2401,0.016368179925031787
EURJPY,10,1,1,,1579,-0.10854971500944563,-0.2927462839121482,821,-0.618026796589501,-1.5193025996347995,2400,-0.2828333333332895
EURJPY,10,1,-1,,1579,-0.29145028499055486,-0.7860084005627941,821,0.2180267965895006,0.5359778583654105,2400,-0.11716666666671088
EURJPY,11,1,1,,1580,-0.7194936708860806,-1.4444709013264843,821,0.10864799025579337,0.35098438588358327,2401,-0.4363182007496881
EURJPY,11,1,-1,,1580,0.31949367088607983,0.6414223354940302,821,-0.5086479902557934,-1.643173537499733,2401,0.03631820074968751
EURJPY,12,1,1,,1581,-0.2963946869070289,-0.7704259132365197,821,-0.4308160779537196,-1.524617045465325,2402,-0.3423397169025881
EURJPY,12,1,-1,,1581,-0.10360531309297127,-0.26930380834001055,821,0.03081607795371967,0.10905516327474746,2402,-0.05766028309741205
EURJPY,13,1,1,,1583,-0.8349968414403145,-2.529217904301802,824,-0.3929611650485079,-1.4577815183194363,2407,-0.6836726215205603
EURJPY,13,1,-1,,1583,0.43499684144031414,1.3176119298700568,824,-0.007038834951492343,-0.02611220755496227,2407,0.28367262152055983
EURJPY,14,1,1,,1583,0.4388502842703456,1.2542576368318863,824,-0.31407766990294345,-1.1255594014108896,2407,0.1810968009970634
EURJPY,14,1,-1,,1583,-0.838850284270346,-2.3974790786657714,824,-0.08592233009705671,-0.3079196507722362,2407,-0.5810968009970637
EURJPY,15,1,1,,1585,-0.08447949526808345,-0.18762734591205443,824,-0.014927184466011774,-0.045217176065200634,2409,-0.060689082606851796
EURJPY,15,1,-1,,1585,-0.3155205047319174,-0.7007650163606917,824,-0.3850728155339885,-1.1664560947557563,2409,-0.33931091739314884
EURJPY,16,1,1,,1587,0.4431001890359267,0.8138302046259845,824,-0.2714805825242736,-0.5815597584508292,2411,0.19888013272501626
EURJPY,16,1,-1,,1587,-0.8431001890359269,-1.5484994507815075,824,-0.1285194174757272,-0.2753114815375144,2411,-0.5988801327250166
EURJPY,17,1,1,,1587,-1.2902961562696709,-2.537118556900692,824,0.30861650485435016,0.6205616759401689,2411,-0.74384072998755
EURJPY,17,1,-1,,1587,0.8902961562696703,1.7505956971455587,824,-0.7086165048543506,-1.4248759834112357,2411,0.3438407299875495
EURJPY,18,1,1,,1587,-0.7446124763705564,-1.7065958772337446,824,-0.6923543689320774,-1.6209803812226635,2411,-0.7267523849025735
EURJPY,18,1,-1,,1587,0.34461247637055575,0.7898259162724889,824,0.29235436893207645,0.6844770794681301,2411,0.32675238490257275
EURJPY,19,1,1,,1587,-0.22640201638306798,-0.575014951143168,824,-0.20133495145625158,-0.5272556026426487,2411,-0.2178349232683037
EURJPY,19,1,-1,,1587,-0.17359798361693254,-0.4409034763151002,824,-0.19866504854374895,-0.5202636657784981,2411,-0.18216507673169685
EURJPY,20,1,1,,1587,-0.8213610586011124,-1.8747130218446515,824,-0.7966019417475673,-2.0235029181533997,2411,-0.8128992119452347
EURJPY,20,1,-1,,1587,0.4213610586011117,0.9617342521729841,824,0.39660194174756674,1.0074356393243835,2411,0.41289921194523405
EURJPY,21,1,1,,1588,0.13589420654913603,0.25880053097774325,824,0.23580097087379737,0.49269293335603737,2412,0.17002487562190594
EURJPY,21,1,-1,,1588,-0.5358942065491367,-1.0205711393050902,824,-0.6358009708737983,-1.3284705495894018,2412,-0.5700248756219066
EURJPY,22,1,1,,1587,-0.30945179584120813,-0.5657081380053967,823,0.720048602673163,1.2822384083057294,2410,0.04211618257262067
EURJPY,22,1,-1,,1587,-0.09054820415879254,-0.16553097013108956,823,-1.1200486026731629,-1.9945449962474044,2410,-0.4421161825726211
EURJPY,23,1,1,,1588,-0.8957178841309936,-1.6985604380689743,823,-1.037302551640312,-1.712663197688818,2411,-0.9440481128162567
EURJPY,23,1,-1,,1588,0.4957178841309932,0.9400356980089348,823,0.6373025516403109,1.0522336267866559,2411,0.5440481128162559
EURJPY,0,2,1,,1587,1.3450535601764109,2.2474976515039264,825,-0.5111515151515473,-0.8605588714542425,2412,0.7101575456052808
EURJPY,0,2,-1,,1587,-1.745053560176411,-2.915871824264498,825,0.1111515151515467,0.18713125091859487,2412,-1.110157545605281
EURJPY,1,2,1,,1587,0.9637051039697755,1.8524373609452196,825,0.515151515151519,1.0675735520674032,2412,0.8102819237147748
EURJPY,1,2,-1,,1587,-1.3637051039697758,-2.621318776355185,825,-0.9151515151515197,-1.8965130160256174,2412,-1.2102819237147753
EURJPY,2,2,1,,1583,0.484838913455479,1.0121327955718358,825,-0.06145454545450934,-0.12901199708515532,2408,0.29767441860467325
EURJPY,2,2,-1,,1583,-0.8848389134554796,-1.8471588361660611,825,-0.3385454545454911,-0.7107110608660543,2408,-0.6976744186046737
EURJPY,3,2,1,,1580,1.042278481012673,2.284847595047514,825,0.11672727272729334,0.25512395447169417,2405,0.7247817047817215
EURJPY,3,2,-1,,1580,-1.4422784810126739,-3.1617140512474236,825,-0.5167272727272936,-1.1293804962748537,2405,-1.1247817047817223
EURJPY,4,2,1,,1578,0.9308618504436171,2.127964083152815,822,-0.33661800486619986,-0.9399138342757597,2400,0.49675000000000485
EURJPY,4,2,-1,,1578,-1.3308618504436176,-3.0423700531208406,822,-0.06338199513380059,-0.1769769091642546,2400,-0.8967500000000053
EURJPY,5,2,1,,1520,0.22243421052630766,0.39541943542680746,822,-2.2989051094890565,-5.790772892063271,2342,-0.6625106746370696
EURJPY,5,2,-1,,1520,-0.6224342105263079,-1.106496089492196,822,1.898905109489056,4.783202311066074,2342,0.2625106746370693
EURJPY,6,2,1,,1531,1.2238406270411515,2.7899516566070104,809,1.8962917181705568,3.3899276853804796,2340,1.4563247863247792
EURJPY,6,2,-1,,1531,-1.6238406270411523,-3.7018192952397335,809,-2.2962917181705573,-4.104992282857267,2340,-1.8563247863247798
EURJPY,7,2,1,,1579,0.2566814439518492,0.5664436015906434,821,3.8395858708891493,7.907435808539307,2400,1.4823333333333173
EURJPY,7,2,-1,,1579,-0.6566814439518495,-1.4491620293347274,821,-4.23958587088915,-8.731215880082091,2400,-1.8823333333333179
EURJPY,8,2,1,,1579,-0.5925269157694861,-1.110023189344826,821,0.4303288672350892,0.8155521231549648,2400,-0.24262500000000434
EURJPY,8,2,-1,,1579,0.19252691576948547,0.36067448649085065,821,-0.8303288672350895,-1.573625480766299,2400,-0.1573749999999962
EURJPY,9,2,1,,1580,-0.11101265822782758,-0.19803861806580125,821,-1.2152253349573443,-2.068830833887053,2401,-0.4885880882965211
EURJPY,9,2,-1,,1580,-0.28898734177217295,-0.5155326853413237,821,0.8152253349573435,1.38786055640031,2401,0.08858808829652051
EURJPY,10,2,1,,1579,-0.6089297023432159,-0.9402712409687514,821,-0.3003654080389889,-0.6074487082574191,2400,-0.5033749999999783
EURJPY,10,2,-1,,1579,0.20892970234321467,0.32261620633962657,821,-0.09963459196101174,-0.20149758449087266,2400,0.10337499999997722
EURJPY,11,2,1,,1580,-0.8139240506329108,-1.2143116178095081,821,-0.13045066991473167,-0.31324188114844725,2401,-0.5802165764264864
EURJPY,11,2,-1,,1580,0.4139240506329104,0.6175426112343833,821,-0.26954933008526893,-0.6472495639417052,2401,0.1802165764264859
EURJPY,12,2,1,,1581,-0.9349146110057135,-1.8587851714063666,821,-0.6102314250913237,-1.6129481607176277,2402,-0.8239383846794379
EURJPY,12,2,-1,,1581,0.534914611005713,1.0635103304636961,821,0.2102314250913235,0.5556783483829097,2402,0.4239383846794375
EURJPY,13,2,1,,1583,-0.18085912823756176,-0.3691712376872673,824,-0.5118932038834704,-1.3501619872813215,2407,-0.29418363107604484
EURJPY,13,2,-1,,1583,-0.21914087176243882,-0.44731226808824365,824,0.11189320388346972,0.2951278691970498,2407,-0.10581636892395578
EURJPY,14,2,1,,1583,0.5337334175616127,0.9519505627466117,824,-0.14259708737867546,-0.3473443430318517,2407,0.30220191109264827
EURJPY,14,2,-1,,1583,-0.9337334175616134,-1.6653783013323995,824,-0.257402912621325,-0.6269934906981108,2407,-0.7022019110926488
EURJPY,15,2,1,,1585,0.570347003154609,0.815466146959792,824,-0.10133495145632113,-0.17851313917630549,2409,0.34059775840599693
EURJPY,15,2,-1,,1585,-0.9703470031546093,-1.387374927017842,824,-0.2986650485436797,-0.5261327371411119,2409,-0.7405977584059974
EURJPY,16,2,1,,1587,-0.6399495904221492,-0.8484155401487593,824,0.2317961165048273,0.341756990162113,2411,-0.34201576109497017
EURJPY,16,2,-1,,1587,0.23994959042214978,0.31811405837792656,824,-0.6317961165048279,-0.9315114611435045,2411,-0.057984238905029656
EURJPY,17,2,1,,1587,-1.8394454946440189,-2.6957484529804794,824,-0.18640776699032,-0.28009018179886686,2411,-1.2744919120697145
EURJPY,17,2,-1,,1587,1.4394454946440185,2.1095395197275417,824,-0.21359223300968086,-0.3209366666444436,2411,0.8744919120697141
EURJPY,18,2,1,,1587,-0.7778827977315744,-1.305719202337247,824,-0.6980582524271607,-1.2197569645522595,2411,-0.7506014102032306
EURJPY,18,2,-1,,1587,0.37788279773157374,0.6342971289118277,824,0.2980582524271598,0.520814169843568,2411,0.3506014102032299
EURJPY,19,2,1,,1587,-0.833396345305549,-1.4657971049193026,824,-0.7979368932038363,-1.4338788107490703,2411,-0.821277478224748
EURJPY,19,2,-1,,1587,0.43339634530554844,0.7622676914890587,824,0.3979368932038354,0.715085721740823,2411,0.42127747822474726
EURJPY,20,2,1,,1587,-0.4732199117832301,-0.7059174178337213,824,-0.3425970873786636,-0.5406797106646734,2411,-0.4285773537951078
EURJPY,20,2,-1,,1587,0.07321991178322992,0.10922450592845534,824,-0.05740291262133763,-0.09059210171600328,2411,0.028577353795107296
EURJPY,21,2,1,,1588,0.03079345088160107,0.03915759508143003,824,1.1682038834951607,1.5479022985963615,2412,0.41936152570480717
EURJPY,21,2,-1,,1588,-0.43079345088160165,-0.5478059467324177,824,-1.5682038834951615,-2.077913307964069,2412,-0.8193615257048078
EURJPY,22,2,1,,1587,-0.9711405166981615,-1.28818204430938,823,-0.12114216281891259,-0.14504288131868376,2410,-0.6808713692945839
EURJPY,22,2,-1,,1587,0.5711405166981612,0.7575968109019027,823,-0.27885783718108853,-0.33387503773976723,2410,0.28087136929458345
EURJPY,23,2,1,,1588,-0.408501259445858,-0.5789799030193592,823,-1.6626974483596326,-2.2269971978998533,2411,-0.836623807548735
EURJPY,23,2,-1,,1588,0.008501259445858004,0.012049065347270094,823,1.2626974483596314,1.691241952687455,2411,0.4366238075487346
EURJPY,0,3,1,,1587,1.474039067422821,2.090824382340034,825,-0.13696969696972539,-0.20558936509376347,2412,0.9230099502487534
EURJPY,0,3,-1,,1587,-1.8740390674228216,-2.6581972365739697,825,-0.2630303030302752,-0.3948043559763955,2412,-1.323009950248754
EURJPY,1,3,1,,1587,1.5627599243856574,2.5913856521022494,825,0.2736969696969971,0.445324396975734,2412,1.1218490878938892
EURJPY,1,3,-1,,1587,-1.9627599243856582,-3.254670040616618,825,-0.6736969696969978,-1.0961527893671323,2412,-1.52184908789389
EURJPY,2,3,1,,1583,1.1346809854706388,1.8916549600811976,825,0.4830303030303445,0.8594993539684039,2408,0.9114202657807539
EURJPY,2,3,-1,,1583,-1.534680985470639,-2.5585049326473928,825,-0.8830303030303455,-1.5712554061881014,2408,-1.3114202657807543
EURJPY,3,3,1,,1580,1.5213291139240739,2.8531706814278603,825,-0.5487272727272983,-1.0845988284178572,2405,0.8112266112266177
EURJPY,3,3,-1,,1580,-1.9213291139240745,-3.603349102471411,825,0.14872727272729752,0.29397012645656523,2405,-1.2112266112266183
EURJPY,4,3,1,,1578,1.132636248415722,1.7818022676207501,822,-1.741605839416027,-4.1719512793294955,2400,0.14820833333334793
EURJPY,4,3,-1,,1578,-1.532636248415722,-2.4110606972756554,822,1.3416058394160266,3.2137663249822164,2400,-0.5482083333333482
EURJPY,5,3,1,,1520,0.7504605263157642,1.2481691006570603,821,-0.6248477466504778,-1.0316112645206845,2341,0.26813327637758194
EURJPY,5,3,-1,,1520,-1.1504605263157643,-1.9134507813790014,821,0.22484774665047813,0.37121918017650407,2341,-0.668133276377582
EURJPY,6,3,1,,1531,0.9866753755715167,1.8970753359770307,809,3.1028430160692015,5.812717839529517,2340,1.718290598290588
EURJPY,6,3,-1,,1531,-1.3866753755715169,-2.6661531433067944,809,-3.5028430160692023,-6.562058725861987,2340,-2.1182905982905886
EURJPY,7,3,1,,1579,0.25706143128562237,0.42914375781459724,821,3.254080389768591,5.342377986194483,2400,1.2822916666666713
EURJPY,7,3,-1,,1579,-0.657061431285623,-1.096912167363012,821,-3.6540803897685916,-5.99907694212586,2400,-1.6822916666666718
EURJPY,8,3,1,,1579,-0.4921469284357085,-0.7433509201438259,821,0.012302070645589505,0.019299925444274862,2400,-0.31958333333331446
EURJPY,8,3,-1,,1579,0.0921469284357084,0.13918100486541848,821,-0.4123020706455903,-0.6468341349375114,2400,-0.08041666666668587
EURJPY,9,3,1,,1580,-0.6116455696202473,-0.7891543293576975,821,-0.8975639464068322,-1.3784940221448687,2401,-0.7094127446897126
EURJPY,9,3,-1,,1580,0.21164556962024753,0.27306830270820526,821,0.49756394640683155,0.7641671977828521,2401,0.3094127446897126
EURJPY,10,3,1,,1579,-0.7028499050031206,-0.8904901593195956,821,-0.5394640682095138,-0.9346529496963013,2400,-0.6469583333333075
EURJPY,10,3,-1,,1579,0.3028499050031204,0.38370192303711803,821,0.13946406820951301,0.24162962912674055,2400,0.24695833333330722
EURJPY,11,3,1,,1580,-1.4444936708860885,-1.9709913682215332,821,-0.3098660170523357,-0.6414483120668271,2401,-1.0565181174510567
EURJPY,11,3,-1,,1580,1.0444936708860884,1.4251969745327113,821,-0.09013398294766493,-0.18658480775539452,2401,0.6565181174510565
EURJPY,12,3,1,,1581,-0.27874762808353976,-0.4621234718862956,821,-0.7677222898903624,-1.6896297271425162,2402,-0.44587843463782845
EURJPY,12,3,-1,,1581,-0.12125237191646075,-0.2010189915147552,821,0.36772228989036176,0.8092959140477769,2402,0.04587843463782788
EURJPY,13,3,1,,1583,-0.08597599494629445,-0.1312953770090451,824,-0.3404126213592023,-0.7197374804237829,2407,-0.17307852098045984
EURJPY,13,3,-1,,1583,-0.31402400505370553,-0.4795512998619105,824,-0.059587378640798355,-0.12598613293697955,2407,-0.22692147901954038
EURJPY,14,3,1,,1583,1.1913455464308282,1.5085876775606621,824,-0.22900485436898474,-0.37912889199327443,2407,0.7051100955546148
EURJPY,14,3,-1,,1583,-1.5913455464308282,-2.015103249664915,824,-0.17099514563101634,-0.2830909426699732,2407,-1.105110095554615
EURJPY,15,3,1,,1585,-0.4945741324920551,-0.5707870587690052,824,0.40194174757277984,0.534727673224796,2409,-0.18792029887917672
EURJPY,15,3,-1,,1585,0.09457413249205604,0.1091478251172751,824,-0.8019417475727801,-1.0668721209751237,2409,-0.21207970112082278
EURJPY,16,3,1,,1587,-1.1890989287964968,-1.3719058001357194,824,-0.263228155339843,-0.3239428497322293,2411,-0.8726669431771343
EURJPY,16,3,-1,,1587,0.7890989287964978,0.9104115486778559,824,-0.13677184466015802,-0.16831885276536393,2411,0.4726669431771347
EURJPY,17,3,1,,1587,-1.8727158160050363,-2.359518893931909,824,-0.19211165048540338,-0.24757651490210805,2411,-1.2983409373703714
EURJPY,17,3,-1,,1587,1.4727158160050369,1.8555409013787534,824,-0.2078883495145974,-0.2679081301500032,2411,0.8983409373703712
EURJPY,18,3,1,,1587,-1.3848771266540552,-1.9050597687182584,824,-1.294660194174745,-1.8259100844893534,2411,-1.3540439651596747
EURJPY,18,3,-1,,1587,0.9848771266540548,1.3548131852337015,824,0.8946601941747445,1.2617743853445302,2411,0.9540439651596742
EURJPY,19,3,1,,1587,-0.48525519848766663,-0.6263638060658884,824,-0.3439320388349321,-0.4598588100830174,2411,-0.43695562007462085
EURJPY,19,3,-1,,1587,0.08525519848766679,0.11004677699088057,824,-0.056067961165068465,-0.07496639740947122,2411,0.03695562007462081
EURJPY,20,3,1,,1587,-0.5817895400126227,-0.6517399035645608,824,0.5898058252426999,0.7055392864139666,2411,-0.18137702198259958
EURJPY,20,3,-1,,1587,0.18178954001262249,0.20364666108349394,824,-0.9898058252427008,-1.1840284814799156,2411,-0.21862297801740088
EURJPY,21,3,1,,1588,-0.6114609571788419,-0.6600551356501398,824,0.3166262135922759,0.32548616025998905,2412,-0.2944029850746126
EURJPY,21,3,-1,,1588,0.21146095717884253,0.22826623537725854,824,-0.7166262135922769,-0.7366791016999205,2412,-0.10559701492538731
EURJPY,22,3,1,,1587,-0.5026465028355311,-0.5576609890067605,823,-0.7307411907654506,-0.7703861296884931,2410,-0.5805394190871177
EURJPY,22,3,-1,,1587,0.10264650283553121,0.11388112712698506,823,0.3307411907654501,0.34868490938010155,2410,0.18053941908711763
EURJPY,23,3,1,,1588,0.6373425692694932,0.8017434476923894,823,-1.3444714459295284,-1.6166942213319215,2411,-0.0391538780589161
EURJPY,23,3,-1,,1588,-1.0373425692694926,-1.304922420100479,823,0.9444714459295271,1.135703947800544,2411,-0.36084612194108406
EURJPY,0,4,1,,1587,2.0730938878387035,2.7241952303391144,825,-0.3784242424242476,-0.49928853721358946,2412,1.2345771144278683
EURJPY,0,4,-1,,1587,-2.4730938878387025,-3.2498241459072768,825,-0.02157575757575311,-0.02846680321076211,2412,-1.634577114427868
EURJPY,1,4,1,,1587,2.2451165721487314,3.219793940062502,825,0.8181818181818516,1.1825301080391442,2412,1.757048092869015
EURJPY,1,4,-1,,1587,-2.6451165721487313,-3.7934468149296525,825,-1.2181818181818516,-1.7606559386360354,2412,-2.1570480928690148
EURJPY,2,4,1,,1583,1.6298168035376084,2.5102310514725454,825,-0.18242424242424685,-0.30479230564150744,2408,1.008928571428584
EURJPY,2,4,-1,,1583,-2.0298168035376087,-3.126307912632389,825,-0.21757575757575406,-0.36352304892125165,2408,-1.4089285714285846
EURJPY,3,4,1,,1580,1.723354430379758,2.4876169931937473,825,-1.937939393939366,-3.7106902660059222,2405,0.4674012474012644
EURJPY,3,4,-1,,1580,-2.123354430379759,-3.0650065189561477,825,1.5379393939393649,2.9447859704204986,2405,-0.8674012474012651
EURJPY,4,4,1,,1578,1.4663498098859156,2.23527476965872,821,-0.05286236297200128,-0.08311824934606757,2399,0.9464360150062366
EURJPY,4,4,-1,,1578,-1.866349809885915,-2.8450268914481653,821,-0.34713763702799927,-0.5458226051525596,2399,-1.3464360150062364
EURJPY,5,4,1,,1520,0.5811842105262875,0.8691792984416803,821,0.5349573690620717,0.8884265746164164,2341,0.5649722340879616
EURJPY,5,4,-1,,1520,-0.9811842105262875,-1.4673919013990804,821,-0.934957369062072,-1.5527236764016112,2341,-0.9649722340879616
EURJPY,6,4,1,,1531,1.0719790986283604,1.7160216864691935,809,2.5427688504326356,4.043551710392238,2340,1.5804700854700948
EURJPY,6,4,-1,,1531,-1.4719790986283605,-2.356340770550184,809,-2.942768850432636,-4.679638110413107,2340,-1.9804700854700952
EURJPY,7,4,1,,1579,0.3574414186194001,0.4969278767135329,821,2.836053593179092,3.9993765590342485,2400,1.2053333333333613
EURJPY,7,4,-1,,1579,-0.7574414186194,-1.053022219258269,821,-3.236053593179092,-4.563452861210348,2400,-1.6053333333333615
EURJPY,8,4,1,,1579,-0.9925269157694782,-1.1177271557175694,821,0.3299634591961018,0.4775950986839712,2400,-0.5401250000000026
EURJPY,8,4,-1,,1579,0.5925269157694781,0.6672699890820322,821,-0.7299634591961023,-1.0565623574798981,2400,0.1401250000000025
EURJPY,9,4,1,,1580,-0.7115189873417602,-0.7927167042289346,821,-1.136662606577357,-1.59060374610872,2401,-0.8568929612661356
EURJPY,9,4,-1,,1580,0.31151898734176087,0.3470691708072176,821,0.7366626065773563,1.0308584929774522,2401,0.4568929612661357
EURJPY,10,4,1,,1579,-1.3278024065864145,-1.5697949637437991,821,-0.7188794153471181,-1.1677472980156527,2400,-1.1194999999999717
EURJPY,10,4,-1,,1579,0.9278024065864146,1.0968947924662031,821,0.31887941534711717,0.5179875340909633,2400,0.7194999999999716
EURJPY,11,4,1,,1580,-0.7899367088607993,-1.0476927367147706,821,-0.4673568818513742,-0.8550997644657259,2401,-0.6796334860474973
EURJPY,11,4,-1,,1580,0.38993670886079906,0.5171728988782976,821,0.06735688185137344,0.12323955427401137,2401,0.27963348604749694
EURJPY,12,4,1,,1581,-0.18602150537634327,-0.24557687946865467,821,-0.5904993909865884,-1.1357607009543147,2402,-0.32427144046627304
EURJPY,12,4,-1,,1581,-0.21397849462365662,-0.2824843873656801,821,0.1904993909865878,0.3664046485751771,2402,-0.0757285595337271
EURJPY,13,4,1,,1583,0.571636133922921,0.6616858843559489,824,-0.42682038834951164,-0.6610355161823013,2407,0.2298296634815066
EURJPY,13,4,-1,,1583,-0.9716361339229205,-1.1246978215580636,824,0.026820388349510744,0.04153791557471391,2407,-0.6298296634815065
EURJPY,14,4,1,,1583,0.11276058117500891,0.11979090570346292,824,0.2742718446601163,0.3511406713718491,2407,0.16805151641045904
EURJPY,14,4,-1,,1583,-0.5127605811750077,-0.5447298496329636,824,-0.6742718446601165,-0.8632467124523553,2407,-0.5680515164104583
EURJPY,15,4,1,,1585,-1.0547003154574126,-1.0881005465858926,824,-0.09308252427189011,-0.10672580731986604,2409,-0.7257783312577984
EURJPY,15,4,-1,,1585,0.6547003154574135,0.6754333535874748,824,-0.3069174757281103,-0.3519029552956582,2409,0.32577833125779887
EURJPY,16,4,1,,1587,-1.2223692501575143,-1.2951500777294682,824,-0.2689320388349258,-0.2982371208443001,2411,-0.896515968477791
EURJPY,16,4,-1,,1587,0.8223692501575155,0.87133376279433,824,-0.1310679611650743,-0.14535022135015258,2411,0.4965159684777918
EURJPY,17,4,1,,1587,-2.479710144927517,-2.709758835443492,824,-0.7887135922329874,-0.893550726982838,2411,-1.9017834923268153
EURJPY,17,4,-1,,1587,2.0797101449275175,2.272649870754767,824,0.3887135922329873,0.44038205547406456,2411,1.5017834923268152
EURJPY,18,4,1,,1587,-1.0367359798361726,-1.1608177826320314,824,-0.8406553398058408,-0.9566311384916397,2411,-0.9697221070095473
EURJPY,18,4,-1,,1587,0.636735979836173,0.7129437606209635,824,0.44065533980584026,0.5014476200177851,2411,0.5697221070095475
EURJPY,19,4,1,,1587,-0.5938248267170587,-0.6074700640775219,824,0.5884708737864314,0.6289943285379312,2411,-0.18975528826211227
EURJPY,19,4,-1,,1587,0.19382482671705942,0.19827864145822902,824,-0.9884708737864321,-1.0565392464304744,2411,-0.21024471173788747
EURJPY,20,4,1,,1587,-1.2129804662886041,-1.1916012552863018,824,-0.2617718446601845,-0.25063256835140996,2411,-0.8878888428038186
EURJPY,20,4,-1,,1587,0.8129804662886058,0.7986513971794263,824,-0.1382281553398158,-0.13234608036730974,2411,0.4878888428038196
EURJPY,21,4,1,,1588,-0.14118387909320287,-0.134191053593862,824,-0.29065533980578295,-0.27133678062247096,2412,-0.19224709784410088
EURJPY,21,4,-1,,1588,-0.2588161209067961,-0.24599698049542695,824,-0.10934466019421765,-0.10207701016324752,2412,-0.2077529021558987
EURJPY,22,4,1,,1587,0.5417769376181413,0.5582830963152404,823,-0.42029161603886955,-0.4121885463993685,2410,0.2132365145228218
EURJPY,22,4,-1,,1587,-0.9417769376181405,-0.9704697787308231,823,0.020291616038868865,0.01990040105482844,2410,-0.6132365145228216
EURJPY,23,4,1,,1588,0.7608942065491233,0.8789693563067826,823,-0.9528554070473862,-1.0968778239015309,2411,0.1759021153048565
EURJPY,23,4,-1,,1588,-1.1608942065491228,-1.341041139080981,823,0.5528554070473857,0.6364185282774746,2411,-0.5759021153048564
EURJPY,0,6,1,,1587,3.3030875866414844,3.7470374361012886,825,-0.4993939393939847,-0.6080972229765531,2412,2.002487562189054
EURJPY,0,6,-1,,1587,-3.7030875866414834,-4.20079923778711,825,0.09939393939398383,0.12102905894197846,2412,-2.402487562189054
EURJPY,1,6,1,,1587,3.0151228733459545,3.4737281902667894,825,-1.236484848484808,-1.7970900787408786,2412,1.5609038142620495
EURJPY,1,6,-1,,1587,-3.415122873345954,-3.934568870555471,825,0.8364848484848069,1.2157355782168993,2412,-1.9609038142620496
EURJPY,2,6,1,,1583,2.157485786481351,2.6845002782784397,824,0.0923543689320376,0.11845413118262364,2407,1.450519318653917
EURJPY,2,6,-1,,1583,-2.5574857864813505,-3.182209286624973,824,-0.49235436893203816,-0.6314959398264255,2407,-1.8505193186539168
EURJPY,3,6,1,,1580,1.793354430379736,2.3725022869129733,824,0.8709951456310525,1.2427911068098578,2404,1.4772046589018177
EURJPY,3,6,-1,,1580,-2.193354430379736,-2.9016787278266873,824,-1.2709951456310526,-1.8135364722892178,2404,-1.8772046589018179
EURJPY,4,6,1,,1578,1.334727503168567,1.763248895798587,821,0.6800243605359412,0.9651599734782422,2399,1.1106711129637374
EURJPY,4,6,-1,,1578,-1.7347275031685667,-2.2916710318863607,821,-1.0800243605359414,-1.5328807961367599,2399,-1.5106711129637376
EURJPY,5,6,1,,1520,0.69960526315791,0.8368258262919613,821,-0.5647990255785615,-0.7094013030748902,2341,0.2561725758223085
EURJPY,5,6,-1,,1520,-1.0996052631579094,-1.3152818187552873,821,0.16479902557856171,0.2069915814234036,2341,-0.656172575822308
EURJPY,6,6,1,,1531,0.6897452645330034,0.7162296344189939,809,2.3772558714462253,2.868793667748935,2340,1.2731623931624036
EURJPY,6,6,-1,,1531,-1.0897452645330028,-1.1315885625612092,809,-2.7772558714462257,-3.3515004225760765,2340,-1.6731623931624033
EURJPY,7,6,1,,1579,-0.2292590246991659,-0.21368837417366943,821,2.914616321559079,3.4526494393493237,2400,0.846208333333342
EURJPY,7,6,-1,,1579,-0.17074097530083418,-0.15914471181554607,821,-3.314616321559079,-3.9264887455812243,2400,-1.246208333333342
EURJPY,8,6,1,,1579,-1.6726409119696122,-1.5987510674071075,821,-0.08855054811202667,-0.11230782716067302,2400,-1.1307499999999964
EURJPY,8,6,-1,,1579,1.2726409119696125,1.2164212903542426,821,-0.31144945188797346,-0.3950084099724531,2400,0.7307499999999967
EURJPY,9,6,1,,1580,-0.6834810126582568,-0.7187483611450408,821,-1.4735688185139995,-1.8600946718910358,2401,-0.9536443148688211
EURJPY,9,6,-1,,1580,0.28348101265825704,0.2981085201934284,821,1.0735688185139989,1.3551722960859274,2401,0.553644314868821
EURJPY,10,6,1,,1579,-0.5892336922102053,-0.603504531858903,821,-0.6991473812423826,-0.9668407109754192,2400,-0.6268333333332959
EURJPY,10,6,-1,,1579,0.1892336922102057,0.19381680365370318,821,0.2991473812423818,0.4136865481107321,2400,0.22683333333329594
EURJPY,11,6,1,,1580,-0.034240506329124946,-0.03525207678285558,821,-0.39269183922045564,-0.531718654547427,2401,-0.15680966264057122
EURJPY,11,6,-1,,1580,-0.36575949367087396,-0.37656516031062864,821,-0.007308160779544887,-0.009895508459330016,2401,-0.24319033735942824
EURJPY,12,6,1,,1581,-0.5907653383934174,-0.5528769530996106,821,-0.10621193666263673,-0.12774299792982108,2402,-0.4251457119067517
EURJPY,12,6,-1,,1581,0.19076533839341844,0.17853071633280598,821,-0.2937880633373632,-0.3533441639984051,2402,0.025145711906752452
EURJPY,13,6,1,,1583,-1.0668982943778067,-0.9717656861703959,824,-0.41856796116508027,-0.44260282357787484,2407,-0.844952222683878
EURJPY,13,6,-1,,1583,0.6668982943778081,0.6074326691279022,824,0.018567961165080565,0.019634164107720065,2407,0.44495222268387896
EURJPY,14,6,1,,1583,-0.48332280480100176,-0.44297818512177217,824,-0.22645631067963673,-0.2270228568442763,2407,-0.39538845035313935
EURJPY,14,6,-1,,1583,0.08332280480100282,0.07636756321730137,824,-0.17354368932036346,-0.1739778592107356,2407,-0.004611549646859995
EURJPY,15,6,1,,1585,-1.6940063091482087,-1.5030778494713446,824,-0.6953883495145576,-0.6628815727386194,2409,-1.3524283935242452
EURJPY,15,6,-1,,1585,1.2940063091482101,1.1481611431157166,824,0.2953883495145577,0.28158006074097436,2409,0.952428393524246
EURJPY,16,6,1,,1587,-1.4812224322621128,-1.2944578926743904,824,-0.41152912621360577,-0.37038020638325747,2411,-1.1156366652841079
EURJPY,16,6,-1,,1587,1.081222432262114,0.9448931373803461,824,0.011529126213606099,0.010376325451622124,2411,0.7156366652841089
EURJPY,17,6,1,,1587,-2.240138626339026,-1.8755133159717299,824,0.5976941747572803,0.5080936636335277,2411,-1.270261302364179
EURJPY,17,6,-1,,1587,1.840138626339028,1.540620949236944,824,-0.9976941747572801,-0.8481295449200476,2411,0.8702613023641804
EURJPY,18,6,1,,1587,-1.7764965343415462,-1.5124826547411474,824,-0.7598300970873623,-0.6214784778439671,2411,-1.4290335960182583
EURJPY,18,6,-1,,1587,1.3764965343415487,1.1719286203249228,824,0.35983009708736197,0.294311401821964,2411,1.0290335960182597
EURJPY,19,6,1,,1587,-0.7587271581600252,-0.6337316075734704,824,-0.8703883495145125,-0.728642069995716,2411,-0.7968892575694394
EURJPY,19,6,-1,,1587,0.3587271581600275,0.2996291040541198,824,0.47038834951451153,0.3937836953852829,2411,0.3968892575694405
EURJPY,20,6,1,,1587,0.3053560176433251,0.25881559586286296,824,-0.5658980582524487,-0.47152722527589674,2411,0.007590211530460077
EURJPY,20,6,-1,,1587,-0.7053560176433235,-0.5978501403402863,824,0.1658980582524481,0.1382324076672116,2411,-0.4075902115304592
EURJPY,21,6,1,,1588,1.0277078085642477,0.8834360601814396,824,0.36565533980584203,0.3118194019801921,2412,0.8015339966832666
EURJPY,21,6,-1,,1588,-1.4277078085642463,-1.2272832326246013,824,-0.7656553398058418,-0.6529268526694272,2412,-1.2015339966832657
EURJPY,22,6,1,,1587,1.255009451795872,1.1658634385248243,823,-0.22721749696229065,-0.20283614504937605,2410,0.7488381742738937
EURJPY,22,6,-1,,1587,-1.6550094517958707,-1.537450580552006,823,-0.17278250303770912,-0.15424224505900352,2410,-1.148838174273893
EURJPY,23,6,1,,1588,2.0392947103274635,2.0447285932260657,823,-0.6325637910084753,-0.632167523384313,2411,1.1272501036914295
EURJPY,23,6,-1,,1588,-2.439294710327462,-2.445794428952717,823,0.23256379100847485,0.23241810214319508,2411,-1.5272501036914288
EURJPY,0,8,1,,1587,3.8592312539382334,3.8957570971925155,824,-0.15594660194178944,-0.16654786003433888,2411,2.486976358357504
EURJPY,0,8,-1,,1587,-4.259231253938232,-4.29954291264133,824,-0.24405339805821089,-0.26064416072288604,2411,-2.886976358357503
EURJPY,1,8,1,,1587,3.0600504095778183,3.3258025457600184,824,1.5709951456310647,1.8678479594940198,2411,2.551140605557858
EURJPY,1,8,-1,,1587,-3.4600504095778164,-3.760540814822566,824,-1.970995145631065,-2.3434313410693237,2411,-2.951140605557857
EURJPY,2,8,1,,1583,1.9878711307643733,2.2444787311879133,824,0.8098300970874037,0.9372581471942818,2407,1.5845866223514846
EURJPY,2,8,-1,,1583,-2.3878711307643723,-2.696113386262332,824,-1.2098300970874045,-1.4001987815644696,2407,-1.984586622351484
EURJPY,3,8,1,,1580,1.8744936708861093,2.095016846583328,824,-0.18859223300967717,-0.21218697990197347,2404,1.167346089850282
EURJPY,3,8,-1,,1580,-2.274493670886108,-2.54207449828358,824,-0.21140776699032354,-0.23785696202661272,2404,-1.5673460898502818
EURJPY,4,8,1,,1578,0.8499366286438623,0.830487627866943,821,0.3775883069427547,0.42460682622129836,2399,0.6882867861609072
EURJPY,4,8,-1,,1578,-1.2499366286438618,-1.2213344745039905,821,-0.7775883069427554,-0.8744161221279885,2399,-1.088286786160907
EURJPY,5,8,1,,1520,0.21118421052631176,0.18490318951042758,821,-0.44799025578565893,-0.48843219101265134,2341,-0.01999145664247421
EURJPY,5,8,-1,,1520,-0.6111842105263113,-0.5351248070255117,821,0.047990255785658825,0.05232253487196779,2341,-0.3800085433575256
EURJPY,6,8,1,,1531,0.04095362508165834,0.036800240132223,809,1.8943139678615815,2.064484106859277,2340,0.6817094017094181
EURJPY,6,8,-1,,1531,-0.44095362508165753,-0.3962335265272233,809,-2.2943139678615823,-2.5004169335996718,2340,-1.0817094017094178
EURJPY,7,8,1,,1579,-0.17105763141231572,-0.15661735438279617,821,2.577710109622436,2.801400810651542,2400,0.769249999999989
EURJPY,7,8,-1,,1579,-0.22894236858768358,-0.20961560018276046,821,-2.977710109622437,-3.2361123478711984,2400,-1.1692499999999888
EURJPY,8,8,1,,1579,-1.0172260924635728,-0.8882738190974716,821,-0.06881851400729154,-0.07915099550873049,2400,-0.6927916666666533
EURJPY,8,8,-1,,1579,0.6172260924635737,0.5389812377614187,821,-0.3311814859927086,-0.3809054102447806,2400,0.2927916666666538
EURJPY,9,8,1,,1580,0.07594936708860724,0.06628429398844145,821,-1.3989037758830805,-1.4793590592013453,2401,-0.42836318200750084
EURJPY,9,8,-1,,1580,-0.47594936708860647,-0.4153815756609007,821,0.9989037758830808,1.0563538218990225,2401,0.028363182007501524
EURJPY,10,8,1,,1579,-0.9915769474350268,-0.827955346715563,821,-0.2148599269184309,-0.21598596245515053,2400,-0.7258749999999746
EURJPY,10,8,-1,,1579,0.5915769474350281,0.4939599472229534,821,-0.18514007308156913,-0.186110353135885,2400,0.32587499999997543
EURJPY,11,8,1,,1580,-1.652405063291183,-1.3543643329213564,821,-0.27649208282585036,-0.27020504802545253,2401,-1.1819241982507673
EURJPY,11,8,-1,,1580,1.252405063291184,1.0265114685095775,821,-0.12350791717414934,-0.1206995236553823,2401,0.7819241982507681
EURJPY,12,8,1,,1581,-1.17710309930425,-0.9709353937167431,821,-0.5817295980511333,-0.5587257110201505,2402,-0.9736053288925893
EURJPY,12,8,-1,,1581,0.7771030993042513,0.6409947472973665,821,0.18172959805113348,0.17454329163358254,2402,0.5736053288925902
EURJPY,13,8,1,,1583,-1.7044219835754777,-1.3812867313767196,824,-1.0208737864077475,-0.9163498829378419,2407,-1.4704196094723578
EURJPY,13,8,-1,,1583,1.3044219835754791,1.0571212970682278,824,0.6208737864077487,0.5573045650392238,2407,1.070419609472359
EURJPY,14,8,1,,1583,-0.7300063171193834,-0.5734452693950448,824,-0.36905339805831683,-0.3105257203543302,2407,-0.6064395513086983
EURJPY,14,8,-1,,1583,0.3300063171193852,0.2592314025025683,824,-0.030946601941683003,-0.02603882232495073,2407,0.20643955130869962
EURJPY,15,8,1,,1585,-1.4447318611987212,-1.0647490919691407,824,0.6910194174757107,0.5329799157751299,2409,-0.7141967621419625
EURJPY,15,8,-1,,1585,1.0447318611987235,0.7699541558110381,824,-1.0910194174757093,-0.8414979702877513,2409,0.31419676214196446
EURJPY,16,8,1,,1587,-2.2209829867674866,-1.6035751542098697,824,-0.3307038834951271,-0.23247137973978418,2411,-1.5749481542928185
EURJPY,16,8,-1,,1587,1.8209829867674887,1.314770572857579,824,-0.06929611650487247,-0.04871235149778308,2411,1.1749481542928204
EURJPY,17,8,1,,1587,-2.4050409577819933,-1.733622169875117,824,-0.8611650485436634,-0.6176383126628341,2411,-1.8773952716715065
EURJPY,17,8,-1,,1587,2.0050409577819956,1.4452907526049663,824,0.4611650485436633,0.3307533241429972,2411,1.477395271671508
EURJPY,18,8,1,,1587,-0.258160050409617,-0.19653462403708075,824,-1.0639563106796261,-0.7961368068676924,2411,-0.5335545416839793
EURJPY,18,8,-1,,1587,-0.14183994959038115,-0.1079813128404378,824,0.6639563106796261,0.49682496525301484,2411,0.13355454168398054
EURJPY,19,8,1,,1587,0.4065532451166167,0.3141460319893417,824,-0.21407766990288762,-0.1657176108500614,2411,0.1944421401908301
EURJPY,19,8,-1,,1587,-0.8065532451166145,-0.6232283337667923,824,-0.18592233009711262,-0.14392255091970418,2411,-0.5944421401908287
EURJPY,20,8,1,,1587,1.0164461247637149,0.7993435446008803,824,-0.4077669902912546,-0.3168259351406436,2411,0.5296972210701043
EURJPY,20,8,-1,,1587,-1.4164461247637126,-1.113907602695624,824,0.007766990291254451,0.006034779716958781,2411,-0.9296972210701029
EURJPY,21,8,1,,1588,2.313098236775837,1.8321842114275297,824,0.708859223301017,0.5610377044291496,2412,1.7650497512438088
EURJPY,21,8,-1,,1588,-2.7130982367758345,-2.1490205968949017,824,-1.1088592233010175,-0.8776239522973841,2412,-2.165049751243808
EURJPY,22,8,1,,1587,2.481033396345344,2.1172563891624483,823,-0.3337788578371796,-0.2926342974471707,2410,1.519792531120358
EURJPY,22,8,-1,,1587,-2.8810333963453427,-2.4586071170133894,823,-0.06622114216282034,-0.05805813327583256,2410,-1.9197925311203567
EURJPY,23,8,1,,1588,2.787216624685141,2.4791216965403517,823,-2.65783718104492,-2.714141131051545,2411,0.9285358772293798
EURJPY,23,8,-1,,1588,-3.18721662468514,-2.8349062702378345,823,2.257837181044919,2.3056674818140097,2411,-1.3285358772293794
EURJPY,0,12,1,,1587,3.1884688090737368,2.5268690733228816,824,0.23240291262133853,0.20287353362693333,2411,2.1781833264205734
EURJPY,0,12,-1,,1587,-3.5884688090737353,-2.8438700194989166,824,-0.6324029126213379,-0.5520490776658006,2411,-2.5781833264205725
EURJPY,1,12,1,,1587,2.6234404536862184,2.071175783934954,824,0.6476941747572932,0.5795076887322396,2411,1.9481957693903105
EURJPY,1,12,-1,,1587,-3.0234404536862174,-2.3869711405285785,824,-1.047694174757293,-0.9373973911983116,2411,-2.3481957693903097
EURJPY,2,12,1,,1583,0.9538218572331001,0.7652373884331686,824,0.07342233009713892,0.06783303542017069,2407,0.6524304113003905
EURJPY,2,12,-1,,1583,-1.3538218572330984,-1.086151564442097,824,-0.47342233009713874,-0.43738292756021296,2407,-1.0524304113003893
EURJPY,3,12,1,,1580,1.6461392405063184,1.3881478015920101,824,-0.36577669902911614,-0.35149266518308275,2404,0.9565307820299467
EURJPY,3,12,-1,,1580,-2.046139240506317,-1.7254577368475568,824,-0.034223300970883774,-0.03288683861368978,2404,-1.3565307820299453
EURJPY,4,12,1,,1578,1.1340937896071184,0.9251217951102829,821,-0.0528623629719632,-0.05092029153181818,2399,0.7278866194247815
EURJPY,4,12,-1,,1578,-1.534093789607116,-1.2514164291478314,821,-0.34713763702803635,-0.33438440291647886,2399,-1.1278866194247799
EURJPY,5,12,1,,1520,0.8865789473684086,0.6866229040718722,821,-0.8395858708892001,-0.7933969607263484,2341,0.28120461341304903
EURJPY,5,12,-1,,1520,-1.2865789473684068,-0.9964082451788048,821,0.43958587088920054,0.41540252883527057,2341,-0.6812046134130477
EURJPY,6,12,1,,1531,0.09412148922277006,0.06812865505472576,809,2.240914709517894,1.9098290759395427,2340,0.8363247863248021
EURJPY,6,12,-1,,1531,-0.49412148922276894,-0.35766361935379787,809,-2.640914709517892,-2.250730774309029,2340,-1.2363247863248008
EURJPY,7,12,1,,1579,-1.1246358454718477,-0.7769225524638069,821,2.7685749086479605,2.244273370656727,2400,0.20716666666663666
EURJPY,7,12,-1,,1579,0.7246358454718493,0.500593977097141,821,-3.1685749086479595,-2.568522985669342,2400,-0.6071666666666352
EURJPY,8,12,1,,1579,-2.025965801139964,-1.3602533378138233,821,-0.06004872107183597,-0.0475792122285227,2400,-1.353458333333325
EURJPY,8,12,-1,,1579,1.6259658011399658,1.0916894090350782,821,-0.33995127892816296,-0.2693581771397126,2400,0.9534583333333267
EURJPY,9,12,1,,1580,-2.1834177215189645,-1.447023375094236,821,-1.873081607795367,-1.4139789905572955,2401,-2.0773011245314286
EURJPY,9,12,-1,,1580,1.7834177215189673,1.1819301021336122,821,1.473081607795368,1.112021193380149,2401,1.6773011245314307
EURJPY,10,12,1,,1579,-1.8179227359087615,-1.1944503556141177,821,-0.8109622411693292,-0.6056480230288108,2400,-1.473458333333314
EURJPY,10,12,-1,,1579,1.4179227359087636,0.9316338272720553,821,0.4109622411693298,0.30691745714918417,2400,1.0734583333333156
EURJPY,11,12,1,,1580,-2.0534810126582554,-1.2943049144125431,821,0.571498172959805,0.4081225838745094,2401,-1.1558933777592852
EURJPY,11,12,-1,,1580,1.6534810126582589,1.0421857262760938,821,-0.9714981729598042,-0.6937735995275116,2401,0.7558933777592878
EURJPY,12,12,1,,1581,-2.20044275774829,-1.3677760473973497,821,-0.5488428745432234,-0.36229770519219207,2402,-1.6359283930058426
EURJPY,12,12,-1,,1581,1.800442757748294,1.1191395322994555,821,0.14884287454322415,0.09825295067572681,2402,1.2359283930058451
EURJPY,13,12,1,,1583,-1.6175615919141086,-0.9845257090302869,824,-1.093325242718423,-0.708486108923545,2407,-1.438097216452021
EURJPY,13,12,-1,,1583,1.2175615919141114,0.74106648894204,824,0.6933252427184244,0.4492819558530547,2407,1.0380972164520232
EURJPY,14,12,1,,1583,0.07852179406188432,0.04821729295135665,824,-0.5923543689321018,-0.3726851995427674,2407,-0.1511425010386743
EURJPY,14,12,-1,,1583,-0.47852179406188133,-0.2938423122338017,824,0.19235436893210273,0.12102152044159385,2407,-0.24885749896132345
EURJPY,15,12,1,,1585,-0.39709779179806454,-0.24459410050197664,824,-0.111529126213608,-0.07056701088872021,2409,-0.2994188459941658
EURJPY,15,12,-1,,1585,-0.002902208201932854,-0.001787627680846462,824,-0.2884708737863911,-0.18252207277742605,2409,-0.10058115400583222
EURJPY,16,12,1,,1587,0.008443604284832654,0.005276722128542129,824,-0.4766990291261965,-0.3000130115087502,2411,-0.15736209041889526
EURJPY,16,12,-1,,1587,-0.4084436042848298,-0.25525158833683803,824,0.07669902912619717,0.04827093260526893,2411,-0.24263790958110262
EURJPY,17,12,1,,1587,0.05192186515438655,0.033521432668287894,824,0.13834951456313715,0.08981427406761051,2411,0.08145997511407568
EURJPY,17,12,-1,,1587,-0.4519218651543848,-0.29176664453510953,824,-0.5383495145631365,-0.3494878243542586,2411,-0.4814599751140743
EURJPY,18,12,1,,1587,1.6839949590422245,1.1336693135467761,824,-1.0304611650485676,-0.7340309543585023,2411,0.7562836997096603
EURJPY,18,12,-1,,1587,-2.0839949590422218,-1.4029502416064528,824,0.6304611650485674,0.44909796347809144,2411,-1.1562836997096582
EURJPY,19,12,1,,1587,2.440516698172695,1.6220703445967495,824,-1.8589805825242118,-1.391496871373179,2411,0.9710908336790196
EURJPY,19,12,-1,,1587,-2.8405166981726926,-1.8879272175796296,824,1.4589805825242126,1.0920861331536897,2411,-1.371090833679018
EURJPY,20,12,1,,1587,2.809325771896642,1.933183369662182,823,-0.011907654921048436,-0.008783894582211998,2410,1.8458921161825508
EURJPY,20,12,-1,,1587,-3.20932577189664,-2.2084356581651328,823,-0.388092345078951,-0.28628325811752675,2410,-2.24589211618255
EURJPY,21,12,1,,1588,3.1188287153652317,2.1866304733856254,823,1.6269744835966078,1.2220493063202718,2411,2.609581086686021
EURJPY,21,12,-1,,1588,-3.5188287153652293,-2.467072994978806,823,-2.0269744835966073,-1.522496379987658,2411,-3.009581086686019
EURJPY,22,12,1,,1587,2.8357908002520653,2.129165250843398,822,0.7801703163017324,0.598879112911119,2409,2.1343711083437324
EURJPY,22,12,-1,,1587,-3.2357908002520626,-2.429492799780242,822,-1.1801703163017319,-0.9059295609466225,2409,-2.5343711083437306
EURJPY,23,12,1,,1588,2.901700251889196,2.304701675915007,822,-0.7625304136252613,-0.6210481886988791,2410,1.6519087136929786
EURJPY,23,12,-1,,1588,-3.301700251889193,-2.6224052946005663,822,0.36253041362526134,0.2952654119850902,2410,-2.051908713692977
EURJPY,0,24,1,,1587,1.3265910522999231,0.676403992637945,824,-0.2805825242718475,-0.14759254359816054,2411,0.7773123185400148
EURJPY,0,24,-1,,1587,-1.72659105229992,-0.8803565193688474,824,-0.11941747572815034,-0.06281620367672251,2411,-1.177312318540012
EURJPY,1,24,1,,1587,1.4419659735349732,0.7311561961048527,824,-0.6343446601941445,-0.328771226060253,2411,0.7323517212774896
EURJPY,1,24,-1,,1587,-1.8419659735349698,-0.9339782347726365,824,0.23434466019414582,0.12145728668878909,2411,-1.132351721277487
EURJPY,2,24,1,,1583,1.3190777005685224,0.6779998517182846,824,-0.5768203883495031,-0.3018384475831601,2407,0.6700457000415373
EURJPY,2,24,-1,,1583,-1.7190777005685196,-0.883598006072971,824,0.17682038834950414,0.09252653442639323,2407,-1.070045700041535
EURJPY,3,24,1,,1580,1.3337341772152096,0.6784580637181505,824,-0.41759708737864687,-0.2233229720731235,2404,0.7334442595673986
EURJPY,3,24,-1,,1580,-1.7337341772152057,-0.8819343111769181,824,0.01759708737864809,0.009410587314913075,2404,-1.1334442595673957
EURJPY,4,24,1,,1578,1.3845373891001407,0.6916624665802603,821,-0.6872107186357941,-0.3592525382922327,2399,0.6755314714464505
EURJPY,4,24,-1,,1578,-1.7845373891001375,-0.8914873241898594,821,0.28721071863579595,0.1501448928204649,2399,-1.075531471446448
EURJPY,5,24,1,,1520,1.5664473684210598,0.7659148055627487,821,-0.7717417783191303,-0.402044071383758,2341,0.7464331482272555
EURJPY,5,24,-1,,1520,-1.9664473684210568,-0.9614948987093869,821,0.3717417783191317,0.19366138034457805,2341,-1.146433148227253
EURJPY,6,24,1,,1531,1.8672109732201474,0.9046511758978476,809,1.3065512978986134,0.6935190811542968,2340,1.6733760683760786
EURJPY,6,24,-1,,1531,-2.2672109732201444,-1.0984484894039268,809,-1.7065512978986106,-0.9058395869835623,2340,-2.0733760683760756
EURJPY,7,24,1,,1579,1.4364787840405375,0.6723974423024571,821,1.285870889159594,0.706448123377178,2400,1.3849583333333482
EURJPY,7,24,-1,,1579,-1.8364787840405339,-0.8596323530502864,821,-1.685870889159593,-0.9262052169805302,2400,-1.7849583333333454
EURJPY,8,24,1,,1579,0.9580747308422795,0.45569751518801843,820,0.7528048780487618,0.418061064936094,2399,0.8879116298457457
EURJPY,8,24,-1,,1579,-1.358074730842276,-0.6459530351462136,820,-1.1528048780487603,-0.6401962168865908,2399,-1.287911629845743
EURJPY,9,24,1,,1580,1.1616455696202395,0.5556439775922253,820,0.5363414634146095,0.3005319901320867,2400,0.9479999999999826
EURJPY,9,24,-1,,1580,-1.5616455696202367,-0.7469739295581662,820,-0.9363414634146083,-0.5246668076930886,2400,-1.3479999999999803
EURJPY,10,24,1,,1579,1.236098796706808,0.5964439855413521,820,0.5885365853658494,0.32758207058703726,2399,1.014756148395184
EURJPY,10,24,-1,,1579,-1.636098796706805,-0.7894525014076835,820,-0.9885365853658474,-0.5502238425566777,2399,-1.4147561483951814
EURJPY,11,24,1,,1580,1.0473417721519167,0.5023484518397701,820,0.5220731707317477,0.2954140401883674,2400,0.8678750000000256
EURJPY,11,24,-1,,1580,-1.4473417721519137,-0.6942050034246907,820,-0.9220731707317463,-0.5217532253828937,2400,-1.2678750000000234
EURJPY,12,24,1,,1581,1.095192915876019,0.5271991617883643,820,0.5618292682926812,0.3141744499824787,2401,0.9130362349021176
EURJPY,12,24,-1,,1581,-1.4951929158760164,-0.7197494071911724,820,-0.9618292682926797,-0.5378541104866091,2401,-1.3130362349021156
EURJPY,13,24,1,,1583,1.087681617182562,0.5247559609039122,823,0.07982989064399569,0.0428859007311519,2406,0.7429343308395695
EURJPY,13,24,-1,,1583,-1.4876816171825584,-0.7177374189387332,823,-0.47982989064399356,-0.257772331791933,2406,-1.1429343308395665
EURJPY,14,24,1,,1583,1.1931775110549527,0.5802899071773838,823,0.08967193195624021,0.04910620531772478,2406,0.8157107231920099
EURJPY,14,24,-1,,1583,-1.5931775110549498,-0.7748258925780184,823,-0.48967193195623865,-0.2681544816130915,2406,-1.2157107231920075
EURJPY,15,24,1,,1585,1.444984227129354,0.7133387923941676,823,0.11980558930741407,0.06399231254952206,2408,0.9920681063123039
EURJPY,15,24,-1,,1585,-1.8449842271293497,-0.9108049734088349,823,-0.5198055893074128,-0.277646159317293,2408,-1.3920681063123006
EURJPY,16,24,1,,1587,1.2266540642722379,0.6041050572760298,823,0.09550425273391697,0.049902079988293886,2410,0.8403734439834254
EURJPY,16,24,-1,,1587,-1.626654064272235,-0.8010978606657728,823,-0.4955042527339149,-0.25890672034635254,2410,-1.2403734439834229
EURJPY,17,24,1,,1587,0.9775047258979173,0.48861602017178113,823,0.05771567436209461,0.03101183426391896,2410,0.6634024896265555
EURJPY,17,24,-1,,1587,-1.3775047258979132,-0.6885602280007277,823,-0.4577156743620929,-0.2459401677308926,2410,-1.0634024896265521
EURJPY,18,24,1,,1587,1.1775677378702039,0.58925427298946,823,0.019562575941653337,0.010583040736852638,2410,0.7821161825726117
EURJPY,18,24,-1,,1587,-1.577567737870199,-0.7894140613529563,823,-0.41956257594165125,-0.22697664387822206,2410,-1.1821161825726076
EURJPY,19,24,1,,1587,1.0434782608695745,0.51249334804483,823,0.08080194410692408,0.043420860209488925,2410,0.714730290456437
EURJPY,19,24,-1,,1587,-1.4434782608695704,-0.7089491314620111,823,-0.4808019441069211,-0.25837044187811997,2410,-1.1147302904564333
EURJPY,20,24,1,,1587,0.9412098298676833,0.45678395519111586,823,0.07278250303768562,0.03906752119229807,2410,0.6446473029045763
EURJPY,20,24,-1,,1587,-1.3412098298676807,-0.6509102554892452,823,-0.4727825030376831,-0.2537758346564244,2410,-1.0446473029045735
EURJPY,21,24,1,,1588,0.9941435768262452,0.482724790777663,823,-0.03693803159169822,-0.019129999500066733,2411,0.6421816673579883
EURJPY,21,24,-1,,1588,-1.3941435768262416,-0.6769521849006462,823,-0.3630619684082979,-0.18802775824429552,2411,-1.0421816673579845
EURJPY,22,24,1,,1587,1.0536862003781078,0.5189146928068901,822,0.28698296836984605,0.15174545377051568,2409,0.7920713989207433
EURJPY,22,24,-1,,1587,-1.453686200378105,-0.7159049134705668,822,-0.6869829683698432,-0.36324992685123775,2409,-1.1920713989207405
EURJPY,23,24,1,,1588,1.0974181360201278,0.5514600438286024,822,0.026642335766422363,0.0143546421823422,2410,0.7321991701244657
EURJPY,23,24,-1,,1588,-1.497418136020125,-0.7524627521776773,822,-0.4266423357664198,-0.22987091385148647,2410,-1.132199170124463
GBPJPY,0,1,1,,1587,0.4247637051039994,0.6488356333481802,825,-0.3370909090909748,-0.43729389444749955,2412,0.164179104477609
GBPJPY,0,1,-1,,1587,-0.8247637051039993,-1.2598441781477587,825,-0.06290909090902543,-0.08160932442214017,2412,-0.564179104477609
GBPJPY,1,1,1,,1587,0.6918084436043035,1.3235235014656506,825,0.2235151515152822,0.3589120224243271,2412,0.5316334991708697
GBPJPY,1,1,-1,,1587,-1.0918084436043043,-2.088777822196476,825,-0.6235151515152828,-1.0012166178687896,2412,-0.9316334991708705
GBPJPY,2,1,1,,1584,-0.06742424242423016,-0.14128724462145387,825,-0.10351515151509409,-0.19823105164867708,2409,-0.07978414279781369
GBPJPY,2,1,-1,,1584,-0.3325757575757697,-0.6969112403239528,825,-0.29648484848490664,-0.5677671572986279,2409,-0.3202158572021864
GBPJPY,3,1,1,,1580,0.8212025316455633,1.9108570780115868,825,-1.0368484848485828,-1.9939672732947302,2405,0.18382536382532608
GBPJPY,3,1,-1,,1580,-1.221202531645564,-2.841617519863867,825,0.6368484848485823,1.2247257486428718,2405,-0.5838253638253267
GBPJPY,4,1,1,,1578,0.2640684410646218,0.6096071041448737,821,0.4950060901340245,0.9857918955300388,2399,0.34310129220508856
GBPJPY,4,1,-1,,1578,-0.6640684410646226,-1.5330148414529368,821,-0.8950060901340255,-1.7823816063864324,2399,-0.7431012922050894
GBPJPY,5,1,1,,1520,-0.5073026315789491,-1.3571348243175367,822,-1.5951338199513543,-3.525345029549997,2342,-0.88911187019642
GBPJPY,5,1,-1,,1520,0.1073026315789482,0.2870557513243304,822,1.1951338199513537,2.641320131963032,2342,0.48911187019641933
GBPJPY,6,1,1,,1533,1.5461839530332238,3.712499574031398,810,-0.02209876543211972,-0.05892034291053726,2343,1.0040119504907874
GBPJPY,6,1,-1,,1533,-1.9461839530332241,-4.672928523445447,810,-0.377901234567881,-1.007570780161865,2343,-1.404011950490788
GBPJPY,7,1,1,,1580,1.0393037974683095,2.4908412804274356,821,3.7381242387332367,4.579946725901176,2401,1.962140774677183
GBPJPY,7,1,-1,,1580,-1.43930379746831,-3.449498907386944,821,-4.138124238733238,-5.0700263951048115,2401,-2.362140774677184
GBPJPY,8,1,1,,1579,-0.5089930335655537,-0.8953433429055034,821,1.9768574908648946,4.206047210360767,2400,0.3413750000000288
GBPJPY,8,1,-1,,1579,0.10899303356555301,0.1917240130820489,821,-2.376857490864894,-5.057104452432489,2400,-0.7413750000000291
GBPJPY,9,1,1,,1579,-0.14344521849269307,-0.2784671937477232,821,-0.959805115712539,-1.7950284638116456,2400,-0.42270833333331537
GBPJPY,9,1,-1,,1579,-0.2565547815073076,-0.49804441583766973,821,0.5598051157125383,1.0469480735632324,2400,0.022708333333314717
GBPJPY,10,1,1,,1578,-0.5312420785804782,-1.0145836390703236,821,-1.0412911084044263,-1.7961987252790252,2399,-0.7057940808670399
GBPJPY,10,1,-1,,1578,0.1312420785804781,0.2506504493039004,821,0.6412911084044255,1.106209648917334,2399,0.3057940808670395
GBPJPY,11,1,1,,1580,-1.348354430379726,-1.468663957401275,821,0.24141291108406046,0.6045988012140305,2401,-0.8047480216576232
GBPJPY,11,1,-1,,1580,0.9483544303797251,1.032973185209376,821,-0.6414129110840612,-1.6063659370297438,2401,0.40474802165762247
GBPJPY,12,1,1,,1580,-0.1937341772151977,-0.3766287328131392,821,-0.4563946406820556,-1.313087955247072,2401,-0.28354852144938775
GBPJPY,12,1,-1,,1580,-0.2062658227848024,-0.40099086580788146,821,0.05639464068205542,0.1622523947902376,2401,-0.11645147855061237
GBPJPY,13,1,1,,1583,-0.9268477574225966,-2.165061758682205,824,-0.43410194174762495,-1.202026691885609,2407,-0.7581636892397231
GBPJPY,13,1,-1,,1583,0.5268477574225962,1.230685323569336,824,0.03410194174762441,0.09442815220025905,2407,0.3581636892397226
GBPJPY,14,1,1,,1583,0.23139608338596998,0.45844220555873705,824,0.009466019417506492,0.02487459187661348,2407,0.15542168674699453
GBPJPY,14,1,-1,,1583,-0.6313960833859704,-1.2509226984874846,824,-0.40946601941750704,-1.075985551172148,2407,-0.555421686746995
GBPJPY,15,1,1,,1585,-0.5939432176656023,-1.07657226066669,824,0.4974514563106601,0.940179994162899,2409,-0.22063096720630793
GBPJPY,15,1,-1,,1585,0.19394321766560146,0.3515384671010456,824,-0.8974514563106611,-1.6961773741973083,2409,-0.179369032793693
GBPJPY,16,1,1,,1587,0.1908632640201519,0.2670820619345055,824,-1.1858009708737494,-1.6071491436217202,2411,-0.27963500622148
GBPJPY,16,1,-1,,1587,-0.5908632640201518,-0.8268169345526455,824,0.7858009708737491,1.065017982289476,2411,-0.12036499377851992
GBPJPY,17,1,1,,1587,-1.2356647763075348,-1.5838566067873951,824,-0.2673543689320349,-0.34858142371582457,2411,-0.9047283284944234
GBPJPY,17,1,-1,,1587,0.8356647763075354,1.0711425965943266,824,-0.1326456310679654,-0.17294575402696963,2411,0.5047283284944235
GBPJPY,18,1,1,,1587,-0.010964083175779677,-0.01689333961275317,824,0.9089805825242666,1.3062134538940449,2411,0.30344255495646344
GBPJPY,18,1,-1,,1587,-0.38903591682422073,-0.59942229177799,824,-1.3089805825242675,-1.8810171313352737,2411,-0.703442554956464
GBPJPY,19,1,1,,1587,0.21965973534971647,0.3611215084478803,824,-0.006067961165087158,-0.009539556817865944,2411,0.14251347988385243
GBPJPY,19,1,-1,,1587,-0.6196597353497174,-1.0187231537798223,824,-0.39393203883491384,-0.619308028611857,2411,-0.5425134798838533
GBPJPY,20,1,1,,1587,-0.19256458727158404,-0.3075660076671726,824,-0.40970873786409645,-0.5866638579201047,2411,-0.26677727084198233
GBPJPY,20,1,-1,,1587,-0.2074354127284162,-0.33131783286659316,824,0.009708737864095571,0.013901987154529847,2411,-0.13322272915801814
GBPJPY,21,1,1,,1588,0.351133501259463,0.5357552119261108,824,-0.66432038834948,-0.9297788729978284,2412,0.004228855721416149
GBPJPY,21,1,-1,,1588,-0.7511335012594631,-1.1460703313942762,824,0.2643203883494787,0.3699412468741506,2412,-0.4042288557214167
GBPJPY,22,1,1,,1587,-1.558790170132284,-2.133111959450612,823,1.5238153098420146,1.9937599660005425,2410,-0.5060995850622226
GBPJPY,22,1,-1,,1587,1.1587901701322838,1.5857356671637315,823,-1.9238153098420152,-2.5171199698338818,2410,0.10609958506222228
GBPJPY,23,1,1,,1588,-1.1328715365239526,-1.698757765218223,823,-0.4455650060753776,-0.49758239972751933,2411,-0.8982579842389351
GBPJPY,23,1,-1,,1588,0.7328715365239529,1.098951799422452,823,0.04556500607537779,0.05088448320097636,2411,0.49825798423893536
GBPJPY,0,2,1,,1587,1.3273471959673029,1.5609352891091162,825,0.10569696969702666,0.1097864043725224,2412,0.9094941956882905
GBPJPY,0,2,-1,,1587,-1.7273471959673021,-2.0313277512626478,825,-0.5056969696970267,-0.52526247596556,2412,-1.30949419568829
GBPJPY,1,2,1,,1587,0.8732199117832465,1.2438356356584161,825,0.303151515151628,0.3942942742123914,2412,0.6782338308458148
GBPJPY,1,2,-1,,1587,-1.2732199117832461,-1.8136053437807675,825,-0.7031515151516285,-0.9145546120374249,2412,-1.0782338308458148
GBPJPY,2,2,1,,1584,1.0162878787878682,1.6219184489271465,825,-0.9564848484848988,-1.3566248505874652,2409,0.34068078040678357
GBPJPY,2,2,-1,,1584,-1.4162878787878683,-2.2602881403423853,825,0.5564848484848981,0.7892871231842961,2409,-0.7406807804067839
GBPJPY,3,2,1,,1580,1.3026582278480983,2.178870907459349,825,-0.26375757575760866,-0.37742370303422873,2405,0.765322245322232
GBPJPY,3,2,-1,,1580,-1.7026582278480988,-2.847924650299847,825,-0.13624242424239258,-0.19495599366283162,2405,-1.1653222453222327
GBPJPY,4,2,1,,1578,0.5173003802281458,0.9277793370455851,821,-0.920950060901317,-1.4152068025850866,2399,0.02509378907879654
GBPJPY,4,2,-1,,1578,-0.9173003802281461,-1.6451801915637325,821,0.5209500609013169,0.8005342540214652,2399,-0.42509378907879675
GBPJPY,5,2,1,,1520,-0.037960526315851506,-0.05866192510060895,822,-3.9014598540146284,-6.492351953541749,2342,-1.393979504696891
GBPJPY,5,2,-1,,1520,-0.3620394736841484,-0.5594741314177957,822,3.501459854014628,5.826718862701552,2342,0.993979504696891
GBPJPY,6,2,1,,1533,2.4724070450097346,4.389335553043401,809,2.4875154511742528,2.656080088483206,2342,2.4776259607172904
GBPJPY,6,2,-1,,1533,-2.8724070450097345,-5.099467092573311,809,-2.887515451174253,-3.083185791441454,2342,-2.8776259607172903
GBPJPY,7,2,1,,1580,0.7499367088607477,1.0245761025365288,821,5.9361753958587755,7.313856079584869,2401,2.523323615160365
GBPJPY,7,2,-1,,1580,-1.149936708860748,-1.571062807577542,821,-6.336175395858775,-7.806688962163584,2401,-2.9233236151603648
GBPJPY,8,2,1,,1579,-0.43236225459149336,-0.5724519558043755,821,1.2261875761267425,1.7235026715293322,2400,0.13500000000003654
GBPJPY,8,2,-1,,1579,0.032362254591492896,0.04284794923331804,821,-1.6261875761267428,-2.2857339989657106,2400,-0.535000000000037
GBPJPY,9,2,1,,1579,-0.4542115262824557,-0.6014703269298672,821,-1.7998781973203635,-2.326293066685489,2400,-0.9145416666666734
GBPJPY,9,2,-1,,1579,0.05421152628245561,0.07178731174734419,821,1.399878197320362,1.8093040681746222,2400,0.5145416666666728
GBPJPY,10,2,1,,1578,-1.6607097591888447,-1.4422820999568446,821,-0.587941534713806,-0.8505429487724514,2399,-1.2935806586077663
GBPJPY,10,2,-1,,1578,1.260709759188845,1.0948927763314305,821,0.18794153471380498,0.2718847669268876,2399,0.8935806586077663
GBPJPY,11,2,1,,1580,-1.3334177215189686,-1.154864944683105,821,-0.02338611449447741,-0.04406869389176561,2401,-0.8854643898375414
GBPJPY,11,2,-1,,1580,0.9334177215189687,0.8084273877058256,821,-0.37661388550552344,-0.7096895912166469,2401,0.4854643898375409
GBPJPY,12,2,1,,1580,-0.903924050632915,-1.3558284556709985,821,-0.6976857490864713,-1.453925325663315,2401,-0.8334027488546434
GBPJPY,12,2,-1,,1580,0.5039240506329149,0.7558539535115895,821,0.29768574908647066,0.6203550097627575,2401,0.433402748854643
GBPJPY,13,2,1,,1583,-0.46626658243840213,-0.7060857615959956,824,-0.2361650485437261,-0.44313155018023725,2407,-0.38749480681346943
GBPJPY,13,2,-1,,1583,0.06626658243840215,0.10035008317492786,824,-0.16383495145627466,-0.30741397366037804,2407,-0.012505193186530839
GBPJPY,14,2,1,,1583,-0.16405559065063935,-0.22089430476304547,824,0.6992718446601931,1.086640217798101,2407,0.131491483174091
GBPJPY,14,2,-1,,1583,-0.23594440934936037,-0.3176897297998375,824,-1.0992718446601943,-1.708224070256025,2407,-0.5314914831740912
GBPJPY,15,2,1,,1585,-0.20082018927446613,-0.22595537910736752,824,-0.5163834951455952,-0.5719457445719273,2409,-0.3087588210875879
GBPJPY,15,2,-1,,1585,-0.19917981072553242,-0.22410968640962123,824,0.11638349514559544,0.12890622069197377,2409,-0.09124117891241106
GBPJPY,16,2,1,,1587,-0.8502835538752695,-0.786762474587538,824,-1.2525485436893327,-1.1510356424119892,2411,-0.9877644131066208
GBPJPY,16,2,-1,,1587,0.4502835538752716,0.4166447786722075,824,0.8525485436893336,0.7834536758012083,2411,0.5877644131066224
GBPJPY,17,2,1,,1587,-1.0343415248897092,-1.0243387377083069,824,0.8205097087378899,0.7859966417505827,2411,-0.40041476565738165
GBPJPY,17,2,-1,,1587,0.6343415248897104,0.6282070102046555,824,-1.2205097087378898,-1.169171457785169,2411,0.0004147656573824894
GBPJPY,18,2,1,,1587,0.40333963453055965,0.4526324151093805,824,1.0945388349514193,1.1674737404679947,2411,0.6395686437162869
GBPJPY,18,2,-1,,1587,-0.8033396345305593,-0.9015170536212308,824,-1.49453883495142,-1.594127853848929,2411,-1.039568643716287
GBPJPY,19,2,1,,1587,0.25759294265911753,0.3035713903363366,824,-0.23131067961166876,-0.24256632662128147,2411,0.09050186644546017
GBPJPY,19,2,-1,,1587,-0.657592942659117,-0.7749684514554586,824,-0.16868932038833023,-0.1768977932862099,2411,-0.4905018664454595
GBPJPY,20,2,1,,1587,0.3779458097038705,0.42475060581349705,824,-0.8550970873786474,-0.8429110158542057,2411,-0.04346744089587848
GBPJPY,20,2,-1,,1587,-0.7779458097038686,-0.8742865920929028,824,0.4550970873786475,0.44861145464849467,2411,-0.35653255910412024
GBPJPY,21,2,1,,1588,-0.994647355163724,-0.992495859375398,824,1.050606796116529,0.9885846986166981,2412,-0.2959369817578665
GBPJPY,21,2,-1,,1588,0.5946473551637255,0.593361088957384,824,-1.450606796116529,-1.3649708793537387,2412,-0.10406301824213261
GBPJPY,22,2,1,,1587,-2.464524259609276,-2.5945368731899867,823,1.2001215066828308,1.010884699302839,2410,-1.2130705394190668
GBPJPY,22,2,-1,,1587,2.064524259609277,2.1734354191347016,823,-1.6001215066828296,-1.3478121499563813,2410,0.813070539419068
GBPJPY,23,2,1,,1588,-0.5692695214106404,-0.6018510211153915,823,-0.506439854192052,-0.4441394841277513,2411,-0.5478224802986958
GBPJPY,23,2,-1,,1588,0.1692695214106416,0.17895747176533117,823,0.10643985419205307,0.09334601441845496,2411,0.14782248029869705
GBPJPY,0,3,1,,1587,1.508758664146246,1.5451761642133846,825,0.18533333333337307,0.1705306458845533,2412,1.056094527363236
GBPJPY,0,3,-1,,1587,-1.9087586641462444,-1.9548311212141427,825,-0.585333333333372,-0.5385823995921424,2412,-1.4560945273632346
GBPJPY,1,3,1,,1587,1.949212350346549,2.4407509064424175,825,-0.5498181818181763,-0.5610354883176627,2412,1.0944444444444352
GBPJPY,1,3,-1,,1587,-2.3492123503465483,-2.941620071571291,825,0.14981818181817613,0.152874749462216,2412,-1.4944444444444347
GBPJPY,2,3,1,,1584,1.455997474747468,1.9217361488984153,825,-0.1833939393939246,-0.22464103933256763,2409,0.8945620589456211
GBPJPY,2,3,-1,,1584,-1.8559974747474677,-2.449686556018929,825,-0.21660606060607665,-0.26532289311788537,2409,-1.2945620589456215
GBPJPY,3,3,1,,1580,1.5644936708860984,2.2692666565852804,825,-1.6360000000000476,-2.023541509281592,2405,0.466611226611225
GBPJPY,3,3,-1,,1580,-1.9644936708860985,-2.8494586250960925,825,1.2360000000000475,1.528788084029383,2405,-0.866611226611225
GBPJPY,4,3,1,,1578,0.9861850443598991,1.2862162538029602,821,-3.2303288672350714,-4.567687270958245,2399,-0.4568153397249157
GBPJPY,4,3,-1,,1578,-1.3861850443598989,-1.8079099303229897,821,2.830328867235071,4.002086992016014,2399,0.05681533972491577
GBPJPY,5,3,1,,1520,0.7541447368420295,1.0806134230460551,821,-1.416808769792978,-1.3870118627000219,2341,-0.007219137120952652
GBPJPY,5,3,-1,,1520,-1.1541447368420295,-1.6537731205179798,821,1.016808769792978,0.9954242632238581,2341,-0.3927808628790473
GBPJPY,6,3,1,,1533,2.322635355512061,3.0378313020790277,809,4.642027194066791,5.174504331317345,2342,3.1238257899231527
GBPJPY,6,3,-1,,1533,-2.7226353555120615,-3.5610010359538995,809,-5.04202719406679,-5.620387486670777,2342,-3.523825789923153
GBPJPY,7,3,1,,1580,0.8174050632911531,0.934421385637239,821,5.185505481120625,5.680395586394325,2401,2.3110370678884027
GBPJPY,7,3,-1,,1580,-1.2174050632911535,-1.3916837284345487,821,-5.585505481120625,-6.118570464972739,2401,-2.711037067888403
GBPJPY,8,3,1,,1579,-0.7431285623812555,-0.7628541383179788,821,0.3861144945189187,0.4338983789409751,2400,-0.35683333333332085
GBPJPY,8,3,-1,,1579,0.3431285623812564,0.3522365537248022,821,-0.786114494518919,-0.8834006743485519,2400,-0.043166666666678614
GBPJPY,9,3,1,,1579,-1.5889170360987956,-1.2520058933195557,821,-1.3465286236297425,-1.5952011163564999,2400,-1.506000000000007
GBPJPY,9,3,-1,,1579,1.1889170360987962,0.9368211820035882,821,0.946528623629742,1.1213304274270866,2400,1.1060000000000072
GBPJPY,10,3,1,,1578,-1.6444866920152097,-1.212629342830133,821,-0.8527405602923434,-1.0956344443222987,2399,-1.373530637765742
GBPJPY,10,3,-1,,1578,1.2444866920152104,0.9176730263775786,821,0.45274056029234294,0.581698790107992,2399,0.9735306377657421
GBPJPY,11,3,1,,1580,-2.0436075949366854,-1.6605173455333293,821,-0.2646772228988928,-0.4337959563116065,2401,-1.4353186172427965
GBPJPY,11,3,-1,,1580,1.6436075949366868,1.3355004783720443,821,-0.1353227771011079,-0.2217889127760039,2401,1.035318617242797
GBPJPY,12,3,1,,1580,-0.4468987341772296,-0.5636429726248976,821,-0.5285018270401697,-0.8465867973133436,2401,-0.47480216576426576
GBPJPY,12,3,-1,,1580,0.04689873417722988,0.05915018307819948,821,0.12850182704016888,0.20584214592427735,2401,0.07480216576426567
GBPJPY,13,3,1,,1583,-0.8617182564750114,-0.9993279932905552,824,0.4536407766989609,0.6188818434814665,2407,-0.4114250103863728
GBPJPY,13,3,-1,,1583,0.4617182564750118,0.5354510888468887,824,-0.8536407766989613,-1.164583971923206,2407,0.01142501038637289
GBPJPY,14,3,1,,1583,0.23246999368287424,0.21963285585521003,824,-0.3145631067960622,-0.33078390010621184,2407,0.04520149563773772
GBPJPY,14,3,-1,,1583,-0.632469993682873,-0.5975446067452165,824,-0.08543689320393755,-0.08984254076966075,2407,-0.44520149563773687
GBPJPY,15,3,1,,1585,-1.2285804416404198,-1.0326701989168616,824,-0.5831310679611781,-0.4794564823371667,2409,-1.0078040680780722
GBPJPY,15,3,-1,,1585,0.8285804416404225,0.6964544611706163,824,0.1831310679611798,0.1505722855040222,2409,0.6078040680780746
GBPJPY,16,3,1,,1587,-0.6489603024574441,-0.5170439500676872,824,-0.164684466019408,-0.12736806260149214,2411,-0.48345085026957935
GBPJPY,16,3,-1,,1587,0.24896030245744652,0.1983533009726514,824,-0.23531553398059105,-0.18199460087274608,2411,0.08345085026958134
GBPJPY,17,3,1,,1587,-0.6200378071833698,-0.5268417695086043,824,1.0060679611650432,0.8287413738188047,2411,-0.06428867689755793
GBPJPY,17,3,-1,,1587,0.22003780718337157,0.1869645791792772,824,-1.4060679611650424,-1.158238547293689,2411,-0.33571132310244056
GBPJPY,18,3,1,,1587,0.44127284183996096,0.40644404506097187,824,0.8692961165048378,0.7286302272377386,2411,0.5875570302778949
GBPJPY,18,3,-1,,1587,-0.841272841839959,-0.7748728324445177,824,-1.2692961165048366,-1.063903887572183,2411,-0.987557030277893
GBPJPY,19,3,1,,1587,0.8281033396345723,0.7593141023050944,824,-0.6766990291262204,-0.5578429466419842,2411,0.3138116963915639
GBPJPY,19,3,-1,,1587,-1.22810333963457,-1.1260867336726543,824,0.27669902912622113,0.22809933973166172,2411,-0.7138116963915622
GBPJPY,20,3,1,,1587,-0.9596093257718828,-0.8064530317546325,824,0.8598300970873617,0.6728352587187583,2411,-0.33778515138946164
GBPJPY,20,3,-1,,1587,0.5596093257718856,0.47029413454677604,824,-1.259830097087361,-0.9858437291121341,2411,-0.06221484861053637
GBPJPY,21,3,1,,1588,-1.8794080604533878,-1.6021021581286476,824,0.7217233009708862,0.5056895305030074,2412,-0.9907960199004849
GBPJPY,21,3,-1,,1588,1.4794080604533908,1.2611219970151226,824,-1.121723300970884,-0.7859573449536337,2412,0.5907960199004877
GBPJPY,22,3,1,,1587,-1.9209829867674737,-1.6455293209402655,823,1.1509113001214464,0.8380373110465399,2410,-0.8719502074688924
GBPJPY,22,3,-1,,1587,1.5209829867674756,1.3028861362217448,823,-1.5509113001214438,-1.1292977447422046,2410,0.47195020746889443
GBPJPY,23,3,1,,1588,0.3400503778337329,0.31089382105211816,823,-0.08274605103275773,-0.06584888813157433,2411,0.19572791372874668
GBPJPY,23,3,-1,,1588,-0.7400503778337308,-0.6765970712971484,823,-0.31725394896724046,-0.2524690850391603,2411,-0.5957279137287447
GBPJPY,0,4,1,,1587,2.5847511027095487,2.478465949988441,825,-0.6676363636364314,-0.5396392138989808,2412,1.4723051409618566
GBPJPY,0,4,-1,,1587,-2.984751102709547,-2.862017920991034,825,0.26763636363643223,0.2163259593843744,2412,-1.8723051409618552
GBPJPY,1,4,1,,1587,2.411846250787639,2.669589778408998,825,0.22327272727279843,0.2082471615560648,2412,1.6632669983416426
GBPJPY,1,4,-1,,1587,-2.8118462507876387,-3.112336040122353,825,-0.6232727272727977,-0.5813283956140417,2412,-2.063266998341642
GBPJPY,2,4,1,,1584,1.702209595959613,2.0806190331604464,825,-1.555636363636364,-1.6842866640981151,2409,0.5865089248651003
GBPJPY,2,4,-1,,1584,-2.102209595959612,-2.5695409704116576,825,1.1556363636363636,1.2512068766956075,2409,-0.9865089248650998
GBPJPY,3,4,1,,1580,2.0345569620252797,2.3491999945928725,825,-3.9873939393940048,-4.804318736883844,2405,-0.031185031185077698
GBPJPY,3,4,-1,,1580,-2.4345569620252787,-2.811059758352817,825,3.5873939393940044,4.322367988108417,2405,-0.3688149688149217
GBPJPY,4,4,1,,1578,1.5863751584283259,2.015291488508954,820,-0.6781707317073228,-0.6045108298328019,2398,0.8120100083402392
GBPJPY,4,4,-1,,1578,-1.9863751584283258,-2.5234415254789146,820,0.2781707317073233,0.24795705859533185,2398,-1.212010008340239
GBPJPY,5,4,1,,1520,0.6295394736841908,0.6938237310874346,821,0.5550548112058855,0.5499522532049195,2341,0.6034173430158062
GBPJPY,5,4,-1,,1520,-1.0295394736841899,-1.1346689902588971,821,-0.9550548112058863,-0.9462750970769477,2341,-1.0034173430158055
GBPJPY,6,4,1,,1533,2.5033268101761346,2.8423667801893617,809,4.060321384425226,4.165011904561223,2342,3.041161400512392
GBPJPY,6,4,-1,,1533,-2.9033268101761345,-3.2965410843409435,809,-4.460321384425226,-4.575325425115294,2342,-3.441161400512392
GBPJPY,7,4,1,,1580,0.508481012658219,0.47031451818810616,821,4.3454323995128,3.987383187335268,2401,1.820491461890877
GBPJPY,7,4,-1,,1580,-0.9084810126582177,-0.8402905892546823,821,-4.745432399512801,-4.354424514479819,2401,-2.220491461890876
GBPJPY,8,4,1,,1579,-1.8778340721975961,-1.1906832869157458,821,0.8394640682095391,0.8935244234710684,2400,-0.9482916666666553
GBPJPY,8,4,-1,,1579,1.4778340721975969,0.9370542140291712,821,-1.239464068209539,-1.3192838846839026,2400,0.5482916666666557
GBPJPY,9,4,1,,1579,-1.5777707409753032,-1.0851515451622489,821,-1.6113276492082802,-1.777849613992615,2400,-1.5892500000000007
GBPJPY,9,4,-1,,1579,1.1777707409753044,0.810041475750908,821,1.2113276492082794,1.3365117855587374,2400,1.1892500000000013
GBPJPY,10,4,1,,1578,-2.3516476552598182,-1.6556874202529803,821,-1.094031668696759,-1.3511056846629883,2399,-1.921258857857454
GBPJPY,10,4,-1,,1578,1.951647655259819,1.3740657382718757,821,0.6940316686967584,0.8571142497450337,2399,1.5212588578574542
GBPJPY,11,4,1,,1580,-1.5865822784809998,-1.4078366006465381,821,-0.09549330085259103,-0.1303605511887122,2401,-1.0767180341524185
GBPJPY,11,4,-1,,1580,1.1865822784810012,1.0529009330190386,821,-0.3045066991474097,-0.4156905331274306,2401,0.6767180341524192
GBPJPY,12,4,1,,1580,-0.8523417721518838,-0.8612644009327236,821,0.1612667478684485,0.201599370170181,2401,-0.5057476051645066
GBPJPY,12,4,-1,,1580,0.4523417721518842,0.45707705305309915,821,-0.5612667478684487,-0.7016388955772005,2401,0.10574760516450678
GBPJPY,13,4,1,,1583,-0.46519267214149806,-0.40512589260777143,824,-0.5601941747572946,-0.5535333799169472,2407,-0.49771499792272633
GBPJPY,13,4,-1,,1583,0.06519267214149897,0.05677483992004293,824,0.16019417475729494,0.15828944139740347,2407,0.097714997922727
GBPJPY,14,4,1,,1583,-0.8044851547694547,-0.6041958925389476,824,-0.3813106796116453,-0.30778108656113995,2407,-0.6596177814707281
GBPJPY,14,4,-1,,1583,0.4044851547694565,0.303782198659367,824,-0.018689320388353074,-0.015085387438072955,2407,0.25961778147072984
GBPJPY,15,4,1,,1585,-0.9912933753943067,-0.7365305021871146,824,0.5047330097087468,0.3607904509733851,2409,-0.4795765877957529
GBPJPY,15,4,-1,,1585,0.5912933753943092,0.4393306941508143,824,-0.9047330097087449,-0.6467162327498339,2409,0.07957658779575519
GBPJPY,16,4,1,,1587,-0.23465658475110426,-0.17020267049469007,824,0.020873786407745523,0.01453383176458836,2411,-0.14732476150975535
GBPJPY,16,4,-1,,1587,-0.1653434152488931,-0.1199279826471677,824,-0.42087378640774364,-0.2930426079048922,2411,-0.25267523849024226
GBPJPY,17,4,1,,1587,-0.5821045998739686,-0.4354701757682386,824,0.7808252427184614,0.5536300996004171,2411,-0.11630029033595017
GBPJPY,17,4,-1,,1587,0.18210459987397107,0.13623173933429217,824,-1.1808252427184598,-0.8372429078507952,2411,-0.28369970966404756
GBPJPY,18,4,1,,1587,1.011783238815416,0.7921619839522529,824,0.4239077669902869,0.30056455915176694,2411,0.8108668602239989
GBPJPY,18,4,-1,,1587,-1.4117832388154126,-1.1053365666344885,824,-0.8239077669902853,-0.5841777246153311,2411,-1.210866860223996
GBPJPY,19,4,1,,1587,-0.509451795841181,-0.3772138377143126,824,1.0382281553397887,0.7238052117280976,2411,0.01949398589798071
GBPJPY,19,4,-1,,1587,0.10945179584118407,0.08104148869630723,824,-1.4382281553397875,-1.002666927433047,2411,-0.4194939858979783
GBPJPY,20,4,1,,1587,-1.8465658475110038,-1.3879561445746231,824,0.5309466019417186,0.32724992387411117,2411,-1.0340107839070871
GBPJPY,20,4,-1,,1587,1.4465658475110066,1.0872994100324032,824,-0.930946601941716,-0.5737906665230534,2411,0.6340107839070899
GBPJPY,21,4,1,,1588,-1.304911838790957,-0.9588584448240731,824,0.6663834951456209,0.41885258141462367,2412,-0.6314676616915622
GBPJPY,21,4,-1,,1588,0.9049118387909605,0.6649356168382444,824,-1.066383495145618,-0.6702709220342941,2412,0.23146766169156555
GBPJPY,22,4,1,,1587,-1.042407057340842,-0.8142441996320049,823,1.5725394896719886,1.07375624779392,2410,-0.14941908713687527
GBPJPY,22,4,-1,,1587,0.6424070573408446,0.5017965069968,823,-1.9725394896719866,-1.346882933602716,2410,-0.2505809128631222
GBPJPY,23,4,1,,1588,0.5100125944584064,0.4326145471740279,823,0.02721749696236647,0.020260791350208,2411,0.3452094566569793
GBPJPY,23,4,-1,,1588,-0.9100125944584041,-0.7719116954206734,823,-0.42721749696236444,-0.31802206422878937,2411,-0.745209456656977
GBPJPY,0,6,1,,1587,3.297290485192248,2.86386865688587,825,-1.2667878787878957,-0.9422223289390909,2412,1.736194029850781
GBPJPY,0,6,-1,,1587,-3.697290485192247,-3.2112895067924425,825,0.8667878787878975,0.6447069059653139,2412,-2.1361940298507793
GBPJPY,1,6,1,,1587,3.128292375551307,2.859454355348361,825,-3.500363636363598,-3.0789175082059783,2412,0.8610281923714576
GBPJPY,1,6,-1,,1587,-3.528292375551306,-3.225079304946548,825,3.100363636363598,2.7270777763312006,2412,-1.2610281923714568
GBPJPY,2,6,1,,1584,2.8134469696969115,2.828612480900886,824,-1.3768203883495427,-1.100123567516366,2408,1.3795681063122447
GBPJPY,2,6,-1,,1584,-3.2134469696969115,-3.230768627630122,824,0.9768203883495428,0.7805107620043459,2408,-1.7795681063122444
GBPJPY,3,6,1,,1580,2.427341772151917,2.3465174999192424,824,0.5014563106796169,0.4296229746350714,2404,1.767221297836952
GBPJPY,3,6,-1,,1580,-2.827341772151916,-2.733198523059873,824,-0.9014563106796165,-0.7723231983517168,2404,-2.167221297836951
GBPJPY,4,6,1,,1578,1.5825095057034115,1.5563923588536908,820,0.7909756097561305,0.6905481137384996,2398,1.311843202668895
GBPJPY,4,6,-1,,1578,-1.9825095057034103,-1.9497909079921067,820,-1.1909756097561308,-1.0397614675871252,2398,-1.7118432026688946
GBPJPY,5,6,1,,1520,0.43065789473681615,0.3692596440828889,821,-0.9645554202192671,-0.7773305499753739,2341,-0.05865014950878159
GBPJPY,5,6,-1,,1520,-0.8306578947368163,-0.7122322435366165,821,0.5645554202192684,0.4549724837903681,2341,-0.3413498504912181
GBPJPY,6,6,1,,1533,1.1037834311806793,0.6589155880660515,809,3.557849196538929,2.8679990056892852,2342,1.951494449188717
GBPJPY,6,6,-1,,1533,-1.5037834311806773,-0.8976999616858763,809,-3.957849196538929,-3.190440890913569,2342,-2.3514944491887153
GBPJPY,7,6,1,,1580,-0.6204430379746941,-0.3294754938162763,821,4.533982947624884,3.7524206945234106,2401,1.1420658059142081
GBPJPY,7,6,-1,,1580,0.2204430379746966,0.11706244465593581,821,-4.933982947624882,-4.083469199810717,2401,-1.5420658059142056
GBPJPY,8,6,1,,1579,-2.569031032298923,-1.4215655397848859,821,0.3333739342265867,0.32403124313445575,2400,-1.5761666666666547
GBPJPY,8,6,-1,,1579,2.169031032298925,1.2002267514382496,821,-0.7333739342265856,-0.7128213792153626,2400,1.1761666666666566
GBPJPY,9,6,1,,1579,-1.851044965167836,-1.3264822005383001,821,-1.6834348355663935,-1.6185103060457526,2400,-1.7937083333333423
GBPJPY,9,6,-1,,1579,1.451044965167838,1.0398371485812785,821,1.2834348355663938,1.2339369868174614,2400,1.393708333333344
GBPJPY,10,6,1,,1578,-2.339797211660307,-1.5830360665090821,821,-0.23507917174183918,-0.2224504124139553,2399,-1.6195081283868338
GBPJPY,10,6,-1,,1578,1.9397972116603088,1.3124081576253441,821,-0.164920828258161,-0.1560610665328014,2399,1.219508128386835
GBPJPY,11,6,1,,1580,-1.5941772151898626,-1.1778153456917428,821,-0.432155907429911,-0.3822801369083954,2401,-1.1968346522282132
GBPJPY,11,6,-1,,1580,1.1941772151898649,0.8822860069283707,821,0.0321559074299113,0.028444745249060013,2401,0.7968346522282148
GBPJPY,12,6,1,,1580,-1.474683544303837,-1.0038674106592411,821,-0.8225334957369049,-0.6151937731188655,2401,-1.2516867971678725
GBPJPY,12,6,-1,,1580,1.0746835443038392,0.731573761072709,821,0.4225334957369065,0.3160235745519545,2401,0.8516867971678743
GBPJPY,13,6,1,,1583,-1.2697409981048264,-0.8269922390215856,824,0.4609223300970473,0.30896423595130595,2407,-0.677274615704185
GBPJPY,13,6,-1,,1583,0.8697409981048289,0.5664691117835357,824,-0.8609223300970458,-0.577091176892746,2407,0.27727461570418704
GBPJPY,14,6,1,,1583,-0.12849020846493484,-0.0830436148015411,824,0.8921116504854331,0.5722084600837498,2407,0.2208973826339863
GBPJPY,14,6,-1,,1583,-0.2715097915350622,-0.17547760885793554,824,-1.292111650485431,-0.8287720683596358,2407,-0.6208973826339836
GBPJPY,15,6,1,,1585,-0.5168454258675047,-0.32229676552744946,824,0.4650485436893181,0.2749477041162194,2409,-0.1809879618098783
GBPJPY,15,6,-1,,1585,0.11684542586750692,0.0728629894722699,824,-0.8650485436893153,-0.5114371698696268,2409,-0.21901203819011925
GBPJPY,16,6,1,,1587,0.3737870195337511,0.2264512134326802,824,-0.6497572815533875,-0.3620620272002532,2411,0.023973454997955907
GBPJPY,16,6,-1,,1587,-0.7737870195337484,-0.46878302443579745,824,0.24975728155338994,0.13917139558799196,2411,-0.42397345499795325
GBPJPY,17,6,1,,1587,-1.3491493383742676,-0.8051791964418362,824,2.05036407766992,1.1468566951736967,2411,-0.1873081708834296
GBPJPY,17,6,-1,,1587,0.9491493383742707,0.5664571592173803,824,-2.450364077669917,-1.3705938758361678,2411,-0.21269182911656742
GBPJPY,18,6,1,,1587,-1.2127284183994582,-0.7399107231899917,824,1.8099514563106527,0.9627754629794227,2411,-0.17967648278720957
GBPJPY,18,6,-1,,1587,0.8127284183994625,0.4958624393486656,824,-2.209951456310649,-1.1755492276287587,2411,-0.2203235172127864
GBPJPY,19,6,1,,1587,-0.8137366099558918,-0.4992685626306514,824,0.6540048543688807,0.340051543133487,2411,-0.31211115719620186
GBPJPY,19,6,-1,,1587,0.413736609955895,0.2538483337643552,824,-1.054004854368877,-0.5480325945656731,2411,-0.0878888428037948
GBPJPY,20,6,1,,1587,-0.3832388153748966,-0.24441307496531278,824,0.890655339805889,0.48055724489973006,2411,0.052136043135666346
GBPJPY,20,6,-1,,1587,-0.016761184625100484,-0.01068955572852049,824,-1.2906553398058864,-0.6963791115286151,2411,-0.4521360431356636
GBPJPY,21,6,1,,1588,-0.2589420654911813,-0.1709197042264645,824,1.1683252427185382,0.6768483278331581,2412,0.22864842454397993
GBPJPY,21,6,-1,,1588,-0.14105793450881612,-0.0931080100844563,824,-1.5683252427185348,-0.9085811717656286,2412,-0.6286484245439771
GBPJPY,22,6,1,,1587,0.20025204788911538,0.1409833773895266,823,0.8493317132441666,0.5202582171401031,2410,0.42190871369293576
GBPJPY,22,6,-1,,1587,-0.6002520478891126,-0.4225952337987887,823,-1.249331713244164,-0.7652782530235557,2410,-0.8219087136929331
GBPJPY,23,6,1,,1588,2.047292191435718,1.5720232846730609,823,-0.03584447144593892,-0.023416356951532154,2411,1.336209041891295
GBPJPY,23,6,-1,,1588,-2.4472921914357153,-1.8791652336824256,823,-0.3641555285540581,-0.23789431113125795,2411,-1.736209041891292
GBPJPY,0,8,1,,1587,4.404977945809692,3.4982721900943514,824,-0.9918689320388779,-0.6332022433196774,2411,2.5605143094151575
GBPJPY,0,8,-1,,1587,-4.804977945809689,-3.81593754353133,824,0.5918689320388802,0.37784501904688234,2411,-2.960514309415155
GBPJPY,1,8,1,,1587,3.6285444234404607,2.8974336644489873,824,0.9855582524272939,0.7242093696060572,2411,2.7252592285359194
GBPJPY,1,8,-1,,1587,-4.02854442344046,-3.216838177810489,824,-1.385558252427293,-1.0181379599546956,2411,-3.125259228535919
GBPJPY,2,8,1,,1584,2.757007575757574,2.294286229339272,824,0.08847087378641719,0.06861301515829116,2408,1.8438538205980086
GBPJPY,2,8,-1,,1584,-3.157007575757571,-2.6271523773343612,824,-0.4884708737864168,-0.3788304334871024,2408,-2.2438538205980065
GBPJPY,3,8,1,,1580,2.192531645569618,1.7437756627695942,824,-0.9992718446602556,-0.7126766578892478,2404,1.0985024958402438
GBPJPY,3,8,-1,,1580,-2.592531645569616,-2.0619057415382507,824,0.5992718446602576,0.42739826775045686,2404,-1.4985024958402418
GBPJPY,4,8,1,,1578,0.1333967046894671,0.07971431479007333,820,0.1739024390244173,0.12473702592560934,2398,0.14724770642201887
GBPJPY,4,8,-1,,1578,-0.5333967046894652,-0.31874365206085264,820,-0.5739024390244155,-0.41164968022850773,2398,-0.5472477064220171
GBPJPY,5,8,1,,1520,-0.743355263157931,-0.38899909569293006,821,-0.9228989037758757,-0.6769661504165492,2341,-0.8063220845792606
GBPJPY,5,8,-1,,1520,0.3433552631579328,0.1796784034358375,821,0.5228989037758772,0.3835575668124899,2341,0.4063220845792623
GBPJPY,6,8,1,,1533,0.4888454011741642,0.2578113156926477,809,3.0704573547589398,2.3504022404049305,2342,1.3806148590947804
GBPJPY,6,8,-1,,1533,-0.8888454011741617,-0.4687666116397145,809,-3.4704573547589397,-2.6565979590019673,2342,-1.7806148590947786
GBPJPY,7,8,1,,1580,-0.8882911392405245,-0.5024191667036888,821,4.4618757612667705,3.3664420274515594,2401,0.941149521032899
GBPJPY,7,8,-1,,1580,0.4882911392405262,0.2761784019322435,821,-4.861875761266769,-3.668238151554825,2401,-1.3411495210328972
GBPJPY,8,8,1,,1579,-2.5506649778340553,-1.4017209278301448,821,1.1923264311815063,0.9540175545625945,2400,-1.270249999999982
GBPJPY,8,8,-1,,1579,2.1506649778340563,1.181900459048637,821,-1.5923264311815053,-1.2740700266418161,2400,0.8702499999999831
GBPJPY,9,8,1,,1579,-1.859658011399629,-1.1599017451560703,821,-2.0200974421437126,-1.4840100698852203,2400,-1.9145416666666677
GBPJPY,9,8,-1,,1579,1.4596580113996305,0.9104146377318202,821,1.6200974421437146,1.1901608646091832,2400,1.5145416666666691
GBPJPY,10,8,1,,1578,-2.9918250950570666,-1.761092177220931,821,-1.2188794153471922,-0.8104694973198217,2399,-2.3850771154648167
GBPJPY,10,8,-1,,1578,2.59182509505707,1.5256382825222736,821,0.8188794153471949,0.5444974948017685,2399,1.9850771154648197
GBPJPY,11,8,1,,1580,-2.3789240506328677,-1.4113064411299145,821,0.7443361753958845,0.47540824814180893,2401,-1.3109537692627695
GBPJPY,11,8,-1,,1580,1.9789240506328705,1.1740048020541392,821,-1.1443361753958832,-0.7308886420049477,2401,0.9109537692627718
GBPJPY,12,8,1,,1580,-0.787405063291143,-0.46337103937863927,821,0.5294762484774593,0.32342548810033556,2401,-0.337109537692633
GBPJPY,12,8,-1,,1580,0.38740506329114655,0.22797959424778477,821,-0.9294762484774562,-0.5677616516433556,2401,-0.06289046230736364
GBPJPY,13,8,1,,1583,-0.7964624131395813,-0.45823328649638,824,0.4212378640776193,0.23707495636500586,2407,-0.37960116327378435
GBPJPY,13,8,-1,,1583,0.3964624131395838,0.22809899318299498,824,-0.8212378640776159,-0.4621971275488567,2407,-0.020398836726212854
GBPJPY,14,8,1,,1583,0.4523689197726271,0.2510019928551867,824,0.22148058252430042,0.11506913622766628,2407,0.3733277939343964
GBPJPY,14,8,-1,,1583,-0.8523689197726246,-0.4729465004321843,824,-0.6214805825242974,-0.3228871488338779,2407,-0.7733277939343938
GBPJPY,15,8,1,,1585,-1.2881388012618118,-0.6687590524059519,824,1.7345873786407757,0.8518342274636531,2409,-0.2542133665421222
GBPJPY,15,8,-1,,1585,0.8881388012618138,0.46109228489584886,824,-2.1345873786407736,-1.0482692385684027,2409,-0.1457866334578758
GBPJPY,16,8,1,,1587,-1.8507246376811235,-0.9659591612197699,824,0.7362864077669786,0.3334204458532154,2411,-0.9665698880132529
GBPJPY,16,8,-1,,1587,1.4507246376811265,0.7571849024126754,824,-1.1362864077669745,-0.5145567223543205,2411,0.5665698880132563
GBPJPY,17,8,1,,1587,-1.653434152488978,-0.8688241767895275,824,1.6661407766990113,0.7615125207491453,2411,-0.5189133139776121
GBPJPY,17,8,-1,,1587,1.2534341524889814,0.6586375962156,824,-2.066140776699007,-0.9443332118693422,2411,0.11891331397761579
GBPJPY,18,8,1,,1587,0.2505986137366491,0.13819227971789683,824,2.1696601941748233,1.0226567038847403,2411,0.906470344255544
GBPJPY,18,8,-1,,1587,-0.650598613736645,-0.3587717596397129,824,-2.569660194174821,-1.2111943756603294,2411,-1.3064703442555403
GBPJPY,19,8,1,,1587,0.21959672337746894,0.12605737846257767,824,1.1559466019417979,0.5708781169626678,2411,0.5396101202820758
GBPJPY,19,8,-1,,1587,-0.6195967233774653,-0.3556735157596613,824,-1.5559466019417938,-0.768422922580395,2411,-0.939610120282072
GBPJPY,20,8,1,,1587,0.8460617517328176,0.5010821566751964,824,0.15934466019412255,0.08062272706678857,2411,0.6113645790128323
GBPJPY,20,8,-1,,1587,-1.2460617517328143,-0.7379831420460287,824,-0.559344660194119,-0.28300849128020805,2411,-1.011364579012829
GBPJPY,21,8,1,,1588,1.292884130982353,0.7969829024630298,824,1.1095873786408277,0.5985814651413851,2412,1.2302653399668402
GBPJPY,21,8,-1,,1588,-1.692884130982349,-1.0435581007702321,824,-1.5095873786408243,-0.8143667116803655,2412,-1.6302653399668363
GBPJPY,22,8,1,,1587,0.9034656584751555,0.5972858063959273,823,0.2503037667071514,0.14906340777538962,2410,0.6804149377593599
GBPJPY,22,8,-1,,1587,-1.3034656584751523,-0.8617278693755008,823,-0.650303766707148,-0.38727541670578414,2410,-1.0804149377593566
GBPJPY,23,8,1,,1588,2.7340050377832874,1.8929914280740967,823,-3.703280680437466,-2.4396842240364025,2411,0.5366238075486628
GBPJPY,23,8,-1,,1588,-3.134005037783285,-2.1699465034179095,823,3.3032806804374686,2.1761682300234195,2411,-0.9366238075486601
GBPJPY,0,12,1,,1587,2.910144927536273,1.4972514277209508,824,-0.18762135922331438,-0.10518100627723202,2411,1.8514309415180645
GBPJPY,0,12,-1,,1587,-3.31014492753627,-1.7030489347184476,824,-0.2123786407766844,-0.11906000063721228,2411,-2.2514309415180627
GBPJPY,1,12,1,,1587,2.146439823566456,1.0738107978469424,824,-0.4969660194173983,-0.2982472508423148,2411,1.243011198672762
GBPJPY,1,12,-1,,1587,-2.546439823566455,-1.2739209124762414,824,0.09696601941739982,0.05819280913867158,2411,-1.643011198672761
GBPJPY,2,12,1,,1584,0.5922979797979734,0.2963297750478537,824,-1.0564320388349633,-0.6774319888188908,2408,0.028114617940191045
GBPJPY,2,12,-1,,1584,-0.9922979797979713,-0.4964518657218263,824,0.6564320388349655,0.42093390321900265,2408,-0.428114617940189
GBPJPY,3,12,1,,1580,0.9120253164557005,0.5000822225426481,824,-0.9558252427184918,-0.6037765417234995,2404,0.2717970049916679
GBPJPY,3,12,-1,,1580,-1.3120253164556959,-0.7194104422837643,824,0.5558252427184939,0.35110418500428286,2404,-0.6717970049916641
GBPJPY,4,12,1,,1578,-0.2634347275031814,-0.13888078110621374,820,0.3928048780487815,0.23977369052567987,2398,-0.03903252710592972
GBPJPY,4,12,-1,,1578,-0.13656527249681558,-0.0719961711050857,820,-0.7928048780487793,-0.4839393859383541,2398,-0.36096747289406755
GBPJPY,5,12,1,,1520,-1.2851973684210931,-0.6627922033194625,821,-1.4902557856272711,-0.8998153537538212,2341,-1.3571123451516665
GBPJPY,5,12,-1,,1520,0.8851973684210962,0.4565072483062977,821,1.0902557856272743,0.6582956462158114,2341,0.9571123451516697
GBPJPY,6,12,1,,1533,-0.16823222439665045,-0.0827697225924431,809,2.9894932014832847,1.6403984259832751,2342,0.9225448334756243
GBPJPY,6,12,-1,,1533,-0.23176777560334633,-0.11402901293944089,809,-3.3894932014832824,-1.8598869232535624,2342,-1.3225448334756214
GBPJPY,7,12,1,,1580,-1.6840506329113778,-0.7864990786046208,821,5.301705237515246,2.812169989795233,2401,0.7046647230320867
GBPJPY,7,12,-1,,1580,1.2840506329113808,0.5996878121892114,821,-5.701705237515244,-3.024340969795864,2401,-1.1046647230320843
GBPJPY,8,12,1,,1579,-2.5075364154528206,-1.104782637112564,821,1.5605359317905172,0.8151800827636403,2400,-1.115916666666662
GBPJPY,8,12,-1,,1579,2.107536415452823,0.9285486840893054,821,-1.9605359317905133,-1.0241288332940601,2400,0.7159166666666648
GBPJPY,9,12,1,,1579,-2.1967067764407737,-1.0050583726765057,821,-0.8267965895249925,-0.41485849619229426,2400,-1.7280833333333336
GBPJPY,9,12,-1,,1579,1.7967067764407767,0.822046532688476,821,0.4267965895249963,0.21415205814052002,2400,1.3280833333333368
GBPJPY,10,12,1,,1578,-1.7307351077312643,-0.776699077157587,821,-0.5114494518879754,-0.2443516482049654,2399,-1.3134639433096968
GBPJPY,10,12,-1,,1578,1.3307351077312666,0.5971917513541094,821,0.11144945188797782,0.05324642965172692,2399,0.9134639433096994
GBPJPY,11,12,1,,1580,-2.6894936708860295,-1.1964489534838625,821,2.105724725943988,0.9795313944783602,2401,-1.049812578092425
GBPJPY,11,12,-1,,1580,2.2894936708860314,1.0185048346431296,821,-2.5057247259439857,-1.1656015645076807,2401,0.6498125780924271
GBPJPY,12,12,1,,1580,-2.4418354430379443,-1.1181603035556476,821,1.3578562728380041,0.5752987238571875,2401,-1.1425655976676181
GBPJPY,12,12,-1,,1580,2.0418354430379453,0.9349931197482872,821,-1.7578562728380014,-0.7447713655101286,2401,0.7425655976676195
GBPJPY,13,12,1,,1583,-1.8521794061907644,-0.8289419189578375,824,1.3065533980581685,0.5291651472245772,2407,-0.7708350643955335
GBPJPY,13,12,-1,,1583,1.4521794061907651,0.6499221293657143,824,-1.7065533980581644,-0.6911685212959409,2407,0.3708350643955353
GBPJPY,14,12,1,,1583,-0.22356285533792414,-0.10036875265775239,824,1.9672330097088377,0.7803491590537182,2407,0.526422933111819
GBPJPY,14,12,-1,,1583,-0.17643714466207502,-0.07921162084578122,824,-2.367233009708834,-0.9390185500617934,2407,-0.9264229331118171
GBPJPY,15,12,1,,1585,-0.4741955835961978,-0.21361409452710656,824,1.8523058252427844,0.7478061287900231,2409,0.3215857202158907
GBPJPY,15,12,-1,,1585,0.07419558359619925,0.033423386796678355,824,-2.2523058252427806,-0.9092926648898595,2409,-0.7215857202158884
GBPJPY,16,12,1,,1587,0.8419029615626972,0.3824678463567623,824,0.3646844660193816,0.14543482590873008,2411,0.6788054749066657
GBPJPY,16,12,-1,,1587,-1.2419029615626946,-0.5641837275537318,824,-0.764684466019379,-0.30495335708850324,2411,-1.0788054749066631
GBPJPY,17,12,1,,1587,0.9376181474480197,0.45003916660827686,824,2.109344660194217,0.8826485996337486,2411,1.338075487349665
GBPJPY,17,12,-1,,1587,-1.3376181474480158,-0.6420316820403533,824,-2.5093446601942144,-1.0500273341365252,2411,-1.7380754873496613
GBPJPY,18,12,1,,1587,2.1873976055450868,1.1024404699704213,824,0.8237864077669831,0.3634356087029998,2411,1.7213604313563033
GBPJPY,18,12,-1,,1587,-2.5873976055450814,-1.3040390210844395,824,-1.2237864077669787,-0.5399064051504195,2411,-2.1213604313562984
GBPJPY,19,12,1,,1587,2.4511657214870533,1.2440230176777254,824,-2.5217233009708995,-1.1763606842187855,2411,0.7515968477809758
GBPJPY,19,12,-1,,1587,-2.851165721487051,-1.4470322237501736,824,2.121723300970903,0.9897643699021654,2411,-1.151596847780973
GBPJPY,20,12,1,,1587,2.6460617517327716,1.426130738414022,823,0.036573511543101886,0.016806293158389274,2410,1.7549377593360505
GBPJPY,20,12,-1,,1587,-3.046061751732768,-1.6417161437780667,823,-0.43657351154309837,-0.20061465554200028,2410,-2.154937759336047
GBPJPY,21,12,1,,1588,2.479534005037786,1.3271841606074783,823,2.114094775212726,1.0384680352955629,2411,2.3547905433430434
GBPJPY,21,12,-1,,1588,-2.8795340050377827,-1.5412863520532847,823,-2.514094775212723,-1.2349527052302038,2411,-2.75479054334304
GBPJPY,22,12,1,,1587,1.9709514807813724,1.1156889137938102,822,2.1110705596107002,1.1030793614072583,2409,2.0187629721876434
GBPJPY,22,12,-1,,1587,-2.370951480781371,-1.3421153732318676,822,-2.5110705596106966,-1.312087886751985,2409,-2.4187629721876416
GBPJPY,23,12,1,,1588,2.933375314861411,1.7148802941019967,822,-0.5063260340633036,-0.26630687672670483,2410,1.7601659751036869
GBPJPY,23,12,-1,,1588,-3.3333753148614083,-1.9487242601862353,822,0.10632603406330526,0.05592316440634755,2410,-2.160165975103684
GBPJPY,0,24,1,,1587,0.7127284183995511,0.2445522328950456,824,0.9566747572815133,0.32093542165262295,2411,0.7961012028204292
GBPJPY,0,24,-1,,1587,-1.1127284183995478,-0.38180071441017394,824,-1.3566747572815079,-0.4551233132886848,2411,-1.196101202820425
GBPJPY,1,24,1,,1587,0.767233774417136,0.26325432259356923,824,0.4825242718446794,0.15821150736224357,2411,0.6699294898382459
GBPJPY,1,24,-1,,1587,-1.1672337744171355,-0.4005028803977728,824,-0.8825242718446757,-0.2893647086363707,2411,-1.069929489838244
GBPJPY,2,24,1,,1584,0.9846590909091126,0.3446101629420424,824,0.9515776699029757,0.3180344810465861,2408,0.9733388704319297
GBPJPY,2,24,-1,,1584,-1.3846590909091088,-0.4846018275186092,824,-1.3515776699029725,-0.45172172113451753,2408,-1.373338870431926
GBPJPY,3,24,1,,1580,0.8134177215190108,0.28281619628612475,824,0.8924757281553453,0.3102030200902721,2404,0.8405158069883701
GBPJPY,3,24,-1,,1580,-1.2134177215190114,-0.4218916989727307,824,-1.292475728155342,-0.4492333646942322,2404,-1.2405158069883693
GBPJPY,4,24,1,,1578,1.0406210392902162,0.3583631339927572,820,0.8125609756097412,0.2710768330328225,2398,0.9626355296079855
GBPJPY,4,24,-1,,1578,-1.440621039290214,-0.496112850926094,820,-1.2125609756097375,-0.4045200286425577,2398,-1.3626355296079826
GBPJPY,5,24,1,,1520,0.6101973684210287,0.20356795987358478,821,0.8170523751522643,0.2766085991869491,2341,0.6827424177701719
GBPJPY,5,24,-1,,1520,-1.0101973684210273,-0.3370119702273788,821,-1.21705237515226,-0.412026404751934,2341,-1.0827424177701697
GBPJPY,6,24,1,,1533,2.1205479452055043,0.7134153264007865,809,4.118788627935718,1.4452690621693562,2342,2.8108027327071023
GBPJPY,6,24,-1,,1533,-2.520547945205505,-0.8479872096753522,809,-4.518788627935714,-1.585627715426461,2342,-3.2108027327071014
GBPJPY,7,24,1,,1580,1.0009493670885696,0.32396804222677344,821,3.2019488428745477,1.150648873336413,2401,1.7535610162432085
GBPJPY,7,24,-1,,1580,-1.4009493670885675,-0.4534323499645714,821,-3.601948842874543,-1.2943924407449923,2401,-2.1535610162432057
GBPJPY,8,24,1,,1579,0.41323622545910066,0.13791827787849514,820,2.5801219512195392,0.9047178438904994,2399,1.1538974572738399
GBPJPY,8,24,-1,,1579,-0.8132362254591009,-0.27141894348473006,820,-2.980121951219535,-1.0449775464929842,2399,-1.5538974572738389
GBPJPY,9,24,1,,1579,0.5126029132362488,0.17617788590221187,820,2.1313414634146786,0.7516953514493593,2399,1.0659024593580964
GBPJPY,9,24,-1,,1579,-0.9126029132362496,-0.31365497107126566,820,-2.5313414634146763,-0.8927699496500706,2399,-1.465902459358096
GBPJPY,10,24,1,,1578,0.49226869455007155,0.1690039694495623,820,2.292439024390227,0.8138323381152196,2398,1.1078398665554627
GBPJPY,10,24,-1,,1578,-0.8922686945500726,-0.30633057284369497,820,-2.692439024390225,-0.9558352144328027,2398,-1.5078398665554626
GBPJPY,11,24,1,,1580,0.4070886075949654,0.1417538075954065,820,2.3543902439024493,0.824921128244799,2400,1.072416666666689
GBPJPY,11,24,-1,,1580,-0.8070886075949659,-0.2810392653073012,820,-2.754390243902446,-0.9650714079838909,2400,-1.4724166666666882
GBPJPY,12,24,1,,1580,0.4622151898734196,0.15786957657828926,820,2.338780487804907,0.8119520617052762,2400,1.103375000000011
GBPJPY,12,24,-1,,1580,-0.8622151898734173,-0.29448955795235177,820,-2.7387804878049047,-0.9508196580340519,2400,-1.5033750000000088
GBPJPY,13,24,1,,1583,0.2936197094125178,0.09937310315156896,823,1.4879708383960926,0.5072018944172577,2406,0.7021612635078969
GBPJPY,13,24,-1,,1583,-0.6936197094125165,-0.23474971441570652,823,-1.8879708383960898,-0.643549161804292,2406,-1.102161263507895
GBPJPY,14,24,1,,1583,0.42596336070752955,0.14440574233484385,823,1.6617253948967377,0.5654258149039424,2406,0.8486699916874624
GBPJPY,14,24,-1,,1583,-0.8259633607075265,-0.2800096516428964,823,-2.0617253948967345,-0.7015315316825138,2406,-1.2486699916874593
GBPJPY,15,24,1,,1585,0.5260567823343878,0.18433016049355105,823,1.585419198055901,0.5279894542998629,2408,0.8881229235880446
GBPJPY,15,24,-1,,1585,-0.9260567823343867,-0.32449005705496925,823,-1.985419198055898,-0.6612007727820154,2408,-1.2881229235880427
GBPJPY,16,24,1,,1587,0.4410838059231323,0.15195218693860443,823,1.5834750911300042,0.5301068401385481,2410,0.8312033195020765
GBPJPY,16,24,-1,,1587,-0.8410838059231307,-0.28975111303663903,823,-1.9834750911300003,-0.6640165790685737,2410,-1.2312033195020742
GBPJPY,17,24,1,,1587,0.17265280403274674,0.06112223435465755,823,1.3565006075334636,0.4639434844004263,2410,0.5769294605809169
GBPJPY,17,24,-1,,1587,-0.5726528040327451,-0.20272951307122994,823,-1.7565006075334604,-0.6007494634980738,2410,-0.9769294605809146
GBPJPY,18,24,1,,1587,0.43219911783236387,0.15238222925112732,823,1.5044957472660756,0.49621466977042233,2410,0.798381742738565
GBPJPY,18,24,-1,,1587,-0.83219911783236,-0.2934118824492905,823,-1.9044957472660755,-0.628143170245649,2410,-1.1983817427385623
GBPJPY,19,24,1,,1587,0.3333963453056444,0.1157876047887273,823,1.6176184690157795,0.5415541428314503,2410,0.771950207468898
GBPJPY,19,24,-1,,1587,-0.7333963453056433,-0.2547064698801578,823,-2.0176184690157766,-0.6754680794498789,2410,-1.1719502074688963
GBPJPY,20,24,1,,1587,0.36874606175171665,0.12419481289314148,823,1.690036452004832,0.5733797675448802,2410,0.8199585062240462
GBPJPY,20,24,-1,,1587,-0.7687460617517151,-0.2589160487519408,823,-2.090036452004829,-0.709088028006291,2410,-1.2199585062240441
GBPJPY,21,24,1,,1588,0.11070528967254362,0.03717826706599649,823,1.5024301336573755,0.5075260409984458,2411,0.5857735379510657
GBPJPY,21,24,-1,,1588,-0.510705289672544,-0.1715106631997911,823,-1.9024301336573726,-0.6426474099403661,2411,-0.9857735379510649
GBPJPY,22,24,1,,1587,0.31140516698178544,0.10476967521728117,822,1.8389294403892715,0.6316423776482614,2409,0.8326276463263075
GBPJPY,22,24,-1,,1587,-0.7114051669817867,-0.23934634423370713,822,-2.238929440389268,-0.7690358770996697,2409,-1.232627646326307
GBPJPY,23,24,1,,1588,0.13677581863977317,0.04633113589170554,822,1.5169099756690723,0.5368159070371558,2410,0.6075103734439573
GBPJPY,23,24,-1,,1588,-0.5367758186397725,-0.181826244171709,822,-1.91690997566907,-0.6783710199041211,2410,-1.007510373443956
AUDJPY,0,1,1,,1587,-0.08689350976685217,-0.2301652803042592,825,-0.573696969696986,-1.2086752960553129,2412,-0.25339966832504474
AUDJPY,0,1,-1,,1587,-0.31310649023314824,-0.8293627830543328,825,0.17369696969698542,0.3659479609650055,2412,-0.14660033167495576
AUDJPY,1,1,1,,1587,-0.03516068052929891,-0.11156643632306866,825,0.09672727272728388,0.29027693373383723,2412,0.009950248756223808
AUDJPY,1,1,-1,,1587,-0.36483931947070164,-1.15765173173943,825,-0.4967272727272844,-1.4906702687232531,2412,-0.4099502487562244
AUDJPY,2,1,1,,1583,-0.11554011370816612,-0.3697313082135763,825,-0.11333333333330631,-0.39026394751045085,2408,-0.11478405315614813
AUDJPY,2,1,-1,,1583,-0.28445988629183444,-0.9102788851204986,825,-0.28666666666669405,-0.987138220173823,2408,-0.2852159468438524
AUDJPY,3,1,1,,1581,0.22839974699557739,0.7913227756938214,825,-0.5397575757575755,-1.647068750007931,2406,-0.03499584372401991
AUDJPY,3,1,-1,,1581,-0.628399746995578,-2.1771785589914185,825,0.13975757575757528,0.42646985599800996,2406,-0.3650041562759806
AUDJPY,4,1,1,,1578,-0.05779467680606392,-0.19963730966028934,821,0.0778319123020731,0.25736987252259197,2399,-0.011379741558969089
AUDJPY,4,1,-1,,1578,-0.34220532319393654,-1.1820630177258706,821,-0.47783191230207334,-1.5800657432020377,2399,-0.38862025844103126
AUDJPY,5,1,1,,1519,-0.36530612244897087,-1.5029433508184935,822,-1.2572992700730414,-4.44092300311775,2341,-0.6785134557881363
AUDJPY,5,1,-1,,1519,-0.034693877551029345,-0.14273763666995298,822,0.8572992700730412,3.0280778328951468,2341,0.27851345578813597
AUDJPY,6,1,1,,1533,-0.17292889758645655,-0.6568269057739528,810,0.03580246913579756,0.14497140008927226,2343,-0.10076824583868624
AUDJPY,6,1,-1,,1533,-0.22707110241354386,-0.86247244775502,810,-0.43580246913579784,-1.7646518700523994,2343,-0.29923175416131415
AUDJPY,7,1,1,,1580,-0.10424050632910471,-0.3870145715866775,821,0.6875761266747712,1.3850113612651747,2401,0.16651395251978413
AUDJPY,7,1,-1,,1580,-0.2957594936708957,-1.0980686660745371,821,-1.087576126674771,-2.1907469344086525,2401,-0.5665139525197844
AUDJPY,8,1,1,,1580,-0.2981012658227939,-0.8658513699468483,821,1.6159561510353375,4.258161833232766,2401,0.3563931695127021
AUDJPY,8,1,-1,,1580,-0.10189873417720674,-0.295970425820439,821,-2.015956151035337,-5.3121908873019805,2401,-0.7563931695127024
AUDJPY,9,1,1,,1580,0.12506329113925954,0.2786150383045278,821,-1.2210718635809892,-2.6544178400875955,2401,-0.33523531861722694
AUDJPY,9,1,-1,,1580,-0.5250632911392604,-1.1697319624362845,821,0.8210718635809883,1.7848808638434306,2401,-0.06476468138277384
AUDJPY,10,1,1,,1579,-0.22552248258390545,-0.49676470070952167,821,-0.5560292326431095,-0.9479936413900116,2400,-0.33858333333332485
AUDJPY,10,1,-1,,1579,-0.174477517416095,-0.38432652357620123,821,0.15602923264310936,0.2660196833779968,2400,-0.0614166666666755
AUDJPY,11,1,1,,1580,-0.9097468354430361,-2.0293391220006947,821,0.3216808769793127,0.8822108605818473,2401,-0.4886713869221081
AUDJPY,11,1,-1,,1580,0.5097468354430358,1.1370736947678834,821,-0.721680876979313,-1.979212173020551,2401,0.08867138692210767
AUDJPY,12,1,1,,1582,-0.1993678887484364,-0.5423311268965106,821,-0.3774665042631103,-1.1544702933528013,2403,-0.26021639617146897
AUDJPY,12,1,-1,,1582,-0.2006321112515636,-0.5457701321398978,821,-0.022533495736889907,-0.06891803945469646,2403,-0.13978360382853108
AUDJPY,13,1,1,,1584,-0.4213383838383964,-1.3246113193933637,824,-0.18713592233011928,-0.6441935726848255,2408,-0.34119601328905236
AUDJPY,13,1,-1,,1584,0.021338383838396147,0.06708400149163947,824,-0.21286407766988086,-0.7327597448047553,2408,-0.05880398671094782
AUDJPY,14,1,1,,1584,0.5138888888889073,1.7624217905474224,824,0.06347087378637917,0.1937215552864694,2408,0.3597591362126269
AUDJPY,14,1,-1,,1584,-0.9138888888889077,-3.1342528058923955,824,-0.4634708737863796,-1.4145747985455355,2408,-0.7597591362126275
AUDJPY,15,1,1,,1585,-0.004416403785472318,-0.012907611118171038,824,0.3122572815533857,0.8045052517432435,2409,0.10390203403902706
AUDJPY,15,1,-1,,1585,-0.3955835962145281,-1.1561531673034406,824,-0.7122572815533857,-1.8350724144893902,2409,-0.5039020340390273
AUDJPY,16,1,1,,1586,0.1267969735182734,0.3372904464875001,824,0.310072815533967,0.7741535085049313,2410,0.18946058091285078
AUDJPY,16,1,-1,,1586,-0.5267969735182744,-1.4013235606182322,824,-0.7100728155339677,-1.7728266842514557,2410,-0.5894605809128517
AUDJPY,17,1,1,,1587,-0.5517328292375684,-1.5414851974339039,824,-0.138956310679591,-0.3374058049484266,2411,-0.4106594773952733
AUDJPY,17,1,-1,,1587,0.15173282923756767,0.42392603419610075,824,-0.2610436893204095,-0.6338514292089364,2411,0.010659477395272704
AUDJPY,18,1,1,,1588,-0.08003778337531316,-0.24733505976937725,824,-0.3384708737864144,-0.9786386859387521,2412,-0.16832504145937094
AUDJPY,18,1,-1,,1588,-0.31996221662468743,-0.9887564427130147,824,-0.06152912621358593,-0.17790240723230077,2412,-0.2316749585406295
AUDJPY,19,1,1,,1588,0.298677581863994,1.0827591493937725,824,-0.46941747572815945,-1.5219302566630206,2412,0.036276948590389345
AUDJPY,19,1,-1,,1588,-0.6986775818639943,-2.5328300152906564,824,0.06941747572815933,0.22506310931005438,2412,-0.4362769485903896
AUDJPY,20,1,1,,1588,0.1133501259445682,0.3878829994394723,824,0.32936893203882056,1.0189991195797672,2412,0.18714759535653502
AUDJPY,20,1,-1,,1588,-0.5133501259445686,-1.7566790063505182,824,-0.7293689320388209,-2.256516104891139,2412,-0.5871475953565354
AUDJPY,21,1,1,,1587,-0.5314429741651,-1.524542074496935,824,-0.0645631067960822,-0.16431702246819788,2411,-0.3718788884280321
AUDJPY,21,1,-1,,1587,0.1314429741650994,0.37706838598538645,824,-0.3354368932039183,-0.8537072370345627,2411,-0.02812111157196846
AUDJPY,22,1,1,,1587,-1.281033396345315,-3.1989462899070342,823,0.6229647630619527,1.4319206523864005,2410,-0.6308298755186837
AUDJPY,22,1,-1,,1587,0.8810333963453146,2.2000819983020308,823,-1.0229647630619525,-2.35134386043324,2410,0.23082987551868359
AUDJPY,23,1,1,,1588,-0.8229219143576988,-2.0738290603949476,823,-0.13450789793438286,-0.27049645399575906,2411,-0.5879303193695656
AUDJPY,23,1,-1,,1588,0.42292191435769816,1.0657970591990134,823,-0.26549210206561774,-0.5339067316899351,2411,0.18793031936956503
AUDJPY,0,2,1,,1587,0.10245746691872647,0.21324510781411105,825,-0.2564848484848557,-0.4780875234640462,2412,-0.020315091210608226
AUDJPY,0,2,-1,,1587,-0.5024574669187271,-1.0457665988373714,825,-0.1435151515151452,-0.26751211142787806,2412,-0.37968490878939243
AUDJPY,1,2,1,,1587,0.05639571518587988,0.12890289763505838,825,0.17939393939397744,0.40084764216427166,2412,0.09846600331675902
AUDJPY,1,2,-1,,1587,-0.4563957151858804,-1.0431773045483888,825,-0.579393939393978,-1.2946295469898241,2412,-0.49846600331675955
AUDJPY,2,2,1,,1583,0.34409349336701617,0.8178312073580796,825,-0.47393939393938084,-1.0275081192789195,2408,0.06382890365448399
AUDJPY,2,2,-1,,1583,-0.7440934933670169,-1.7685393411916575,825,0.07393939393938061,0.16030177819950003,2408,-0.46382890365448454
AUDJPY,3,2,1,,1581,0.38829854522456275,0.9920109772525562,825,-0.23636363636361218,-0.5135142840040176,2406,0.17410640066502647
AUDJPY,3,2,-1,,1581,-0.7882985452245634,-2.0139164048702187,825,-0.1636363636363885,-0.35550988892594865,2406,-0.574106400665027
AUDJPY,4,2,1,,1578,0.09866920152091013,0.2573408650540774,821,-0.9851400730816282,-2.5721551795574276,2399,-0.272238432680292
AUDJPY,4,2,-1,,1578,-0.4986692015209108,-1.300587840148091,821,0.5851400730816281,1.5277736749003528,2399,-0.12776156731970845
AUDJPY,5,2,1,,1519,-1.0279789335088905,-2.62233434509884,822,-2.706326034063304,-6.420990843376752,2341,-1.6173002990175311
AUDJPY,5,2,-1,,1519,0.6279789335088898,1.6019498762662732,822,2.306326034063304,5.471956504932879,2341,1.2173002990175308
AUDJPY,6,2,1,,1533,-0.2868884540117332,-0.7745990066586935,809,0.17577255871444816,0.29796132554371896,2342,-0.12707087959009325
AUDJPY,6,2,-1,,1533,-0.11311154598826742,-0.305401245463011,809,-0.5757725587144482,-0.9760224011130242,2342,-0.27292912040990713
AUDJPY,7,2,1,,1580,-0.2056962025316586,-0.4712701967856617,821,2.5146163215590738,5.0434240510008035,2401,0.7244897959183586
AUDJPY,7,2,-1,,1580,-0.19430379746834198,-0.4451690781943991,821,-2.914616321559075,-5.84568147814959,2401,-1.1244897959183595
AUDJPY,8,2,1,,1580,0.0379746835443092,0.0694712637825568,821,0.6288672350791994,1.076281346249206,2401,0.2400249895876848
AUDJPY,8,2,-1,,1580,-0.43797468354430924,-0.8012352422920511,821,-1.0288672350791994,-1.7608654913358297,2401,-0.640024989587685
AUDJPY,9,2,1,,1580,0.12734177215191966,0.1967318915771558,821,-1.5855054811205762,-2.1292943392490247,2401,-0.4583506872136443
AUDJPY,9,2,-1,,1580,-0.5273417721519199,-0.8146968790361124,821,1.1855054811205756,1.592104310049221,2401,0.05835068721364394
AUDJPY,10,2,1,,1579,-0.9329955668144345,-1.3799635489110857,821,-0.02825822168086132,-0.04493315431457226,2400,-0.6234999999999913
AUDJPY,10,2,-1,,1579,0.5329955668144337,0.7883364938661169,821,-0.37174177831913957,-0.5911033921041234,2400,0.2234999999999905
AUDJPY,11,2,1,,1580,-0.9032911392405168,-1.4998821044645736,821,0.13654080389767503,0.29285707450048437,2401,-0.5477301124531551
AUDJPY,11,2,-1,,1580,0.5032911392405167,0.8356966434068384,821,-0.5365408038976756,-1.1507898422611154,2401,0.14773011245315487
AUDJPY,12,2,1,,1582,-0.40714285714287446,-0.8296276419658596,821,-0.36017052375153885,-0.8327236199163541,2403,-0.39109446525178565
AUDJPY,12,2,-1,,1582,0.007142857142873966,0.014554870911715409,821,-0.039829476248461664,-0.09208678515810871,2403,-0.008905534748214905
AUDJPY,13,2,1,,1584,0.3043560606060653,0.6863298481783049,824,0.07087378640774285,0.1566917012592624,2408,0.22446013289036026
AUDJPY,13,2,-1,,1584,-0.7043560606060655,-1.5883389579185403,824,-0.47087378640774286,-1.0410339056269076,2408,-0.6244601328903605
AUDJPY,14,2,1,,1584,0.6899621212121313,1.5138459030374747,824,0.5695388349514228,1.1075913780455005,2408,0.6487541528239155
AUDJPY,14,2,-1,,1584,-1.089962121212132,-2.3914859105079946,824,-0.9695388349514233,-1.8854778434275992,2408,-1.048754152823916
AUDJPY,15,2,1,,1585,0.32107255520507116,0.6269971726353837,824,0.8185679611650251,1.5395918973322698,2409,0.4912411789124195
AUDJPY,15,2,-1,,1585,-0.7210725552050716,-1.4081255032520161,824,-1.2185679611650257,-2.291926203278499,2409,-0.89124117891242
AUDJPY,16,2,1,,1586,-0.2014501891551304,-0.3858166141415046,824,0.3660194174757297,0.649624067231884,2410,-0.0074273858921309385
AUDJPY,16,2,-1,,1586,-0.19854981084486975,-0.380261820948769,824,-0.7660194174757304,-1.3595580611298563,2410,-0.3925726141078694
AUDJPY,17,2,1,,1587,-0.43610586011343183,-0.9107200763772274,824,-0.28919902912618195,-0.5392421922679611,2411,-0.38589796764827466
AUDJPY,17,2,-1,,1587,0.03610586011343119,0.07539988495365964,824,-0.11080097087381889,-0.20660013493111487,2411,-0.014102032351726034
AUDJPY,18,2,1,,1588,0.41775818639799556,0.9704901705791384,824,-0.6114077669903001,-1.3266682533880503,2412,0.06616915422885973
AUDJPY,18,2,-1,,1588,-0.8177581863979961,-1.8997264629394846,824,0.21140776699029956,0.4587249101631681,2412,-0.4661691542288603
AUDJPY,19,2,1,,1588,0.6192065491183859,1.6179881845347328,824,0.05364077669899938,0.11798589760316998,2412,0.4259950248756104
AUDJPY,19,2,-1,,1588,-1.0192065491183864,-2.6631891352277735,824,-0.4536407766989998,-0.9978083376490169,2412,-0.8259950248756109
AUDJPY,20,2,1,,1588,-0.19471032745592307,-0.4269527138218525,824,0.4730582524272023,0.8766531129630304,2412,0.03341625207297216
AUDJPY,20,2,-1,,1588,-0.20528967254407754,-0.4501506620501916,824,-0.8730582524272029,-1.6179175204350786,2412,-0.4334162520729728
AUDJPY,21,2,1,,1587,-1.6051669817265346,-2.9544185894767443,824,0.7643203883495227,1.3249124081172705,2411,-0.7953546246370817
AUDJPY,21,2,-1,,1587,1.2051669817265338,2.218191487097914,824,-1.1643203883495234,-2.018293052314553,2411,0.3953546246370809
AUDJPY,22,2,1,,1587,-1.8683049779458234,-3.4485123890351828,823,0.6578371810449468,0.9692340685374407,2410,-1.0056431535269836
AUDJPY,22,2,-1,,1587,1.4683049779458228,2.7101934465193245,823,-1.057837181044946,-1.5585799410208725,2410,0.6056431535269834
AUDJPY,23,2,1,,1588,-0.6928211586902093,-1.2639300609241937,823,-0.4814094775212773,-0.7347314231286949,2411,-0.620655329738724
AUDJPY,23,2,-1,,1588,0.29282115869020897,0.534200580194317,823,0.08140947752127642,0.1242478681212238,2411,0.22065532973872348
AUDJPY,0,3,1,,1587,0.19401386263390522,0.34190260295361,825,-0.17381818181816278,-0.2891580862376297,2412,0.06820066334992675
AUDJPY,0,3,-1,,1587,-0.5940138626339059,-1.0468060532782177,825,-0.22618181818183888,-0.3762684720498783,2412,-0.4682006633499277
AUDJPY,1,3,1,,1587,0.5171392564587305,0.9820221490610377,825,-0.18121212121209734,-0.313360073889751,2412,0.27827529021559905
AUDJPY,1,3,-1,,1587,-0.9171392564587308,-1.741602580673007,825,-0.21878787878790357,-0.37833774807434056,2412,-0.6782752902155996
AUDJPY,2,3,1,,1583,0.5085281111813097,1.0048586288856707,825,-0.17054545454541767,-0.3018942150590416,2408,0.275872093023274
AUDJPY,2,3,-1,,1583,-0.9085281111813103,-1.7952641988364748,825,-0.2294545454545832,-0.40617324030347074,2408,-0.6758720930232746
AUDJPY,3,3,1,,1581,0.5354206198608469,1.1575878463063938,825,-1.270303030303027,-2.331020772428251,2406,-0.0837489609310051
AUDJPY,3,3,-1,,1581,-0.9354206198608475,-2.0223941711784144,825,0.8703030303030264,1.5970161398888179,2406,-0.3162510390689955
AUDJPY,4,3,1,,1578,-0.6153992395437383,-1.291433687556644,821,-2.436053593179066,-5.4713346220966335,2399,-1.2384743643184795
AUDJPY,4,3,-1,,1578,0.21539923954373852,0.45202173864743045,821,2.0360535931790653,4.572941477148371,2399,0.8384743643184794
AUDJPY,5,3,1,,1519,-1.2201448321263761,-2.685680981114406,821,-2.502070645554255,-3.86418387666783,2340,-1.6699145299145337
AUDJPY,5,3,-1,,1519,0.8201448321263757,1.8052343618605236,821,2.1020706455542557,3.2464261193425035,2340,1.2699145299145336
AUDJPY,6,3,1,,1533,-0.22954990215264987,-0.4578114669393011,809,1.9284301606922154,3.3999970966139084,2342,0.5158838599487574
AUDJPY,6,3,-1,,1533,-0.17045009784735074,-0.33994355302992335,809,-2.328430160692216,-4.105233338178078,2342,-0.9158838599487581
AUDJPY,7,3,1,,1580,0.1303797468354444,0.2170684828018458,821,1.5275274056029355,2.413708191546288,2401,0.6081216159933411
AUDJPY,7,3,-1,,1580,-0.5303797468354446,-0.8830261581939098,821,-1.9275274056029366,-3.0457644630587644,2401,-1.0081216159933417
AUDJPY,8,3,1,,1580,0.040253164556969596,0.05603146221234859,821,0.2644336175396124,0.325937167186699,2401,0.1169096209912677
AUDJPY,8,3,-1,,1580,-0.44025316455696867,-0.6128220930016185,821,-0.6644336175396117,-0.8189715555059115,2401,-0.5169096209912669
AUDJPY,9,3,1,,1580,-0.5786075949366905,-0.7197198159242748,821,-1.0577344701583276,-1.3436059050397866,2401,-0.7424406497292619
AUDJPY,9,3,-1,,1580,0.17860759493669054,0.22216684757582145,821,0.6577344701583271,0.835498835469228,2401,0.3424406497292618
AUDJPY,10,3,1,,1579,-0.927612412919577,-1.1689310408697748,821,-0.21339829476249894,-0.30211306555975703,2400,-0.6832916666666765
AUDJPY,10,3,-1,,1579,0.527612412919577,0.6648709293019835,821,-0.186601705237502,-0.2641764934003905,2400,0.28329166666667616
AUDJPY,11,3,1,,1580,-1.1112025316455807,-1.6404690665787032,821,0.15383678440924656,0.27719221114926174,2401,-0.678633902540619
AUDJPY,11,3,-1,,1580,0.7112025316455809,1.0499487897217632,821,-0.5538367844092472,-0.9979358543909393,2401,0.2786339025406188
AUDJPY,12,3,1,,1582,0.3195322376738311,0.5563111436345284,821,-0.104628501827061,-0.19015010345276773,2403,0.17461506450269818
AUDJPY,12,3,-1,,1582,-0.7195322376738312,-1.2527180510369598,821,-0.2953714981729395,-0.5368032606203007,2403,-0.5746150645026985
AUDJPY,13,3,1,,1584,0.4804292929292892,0.866073948475588,824,0.5769417475727865,0.9654038129695589,2408,0.5134551495016487
AUDJPY,13,3,-1,,1584,-0.8804292929292897,-1.5871573305440998,824,-0.9769417475727863,-1.6347287956258114,2408,-0.913455149501649
AUDJPY,14,3,1,,1584,1.0044191919192098,1.6762353969403365,824,1.0758495145630624,1.7606975252645714,2408,1.0288621262458437
AUDJPY,14,3,-1,,1584,-1.40441919191921,-2.3437795499896,824,-1.4758495145630628,-2.4153234748722725,2408,-1.428862126245844
AUDJPY,15,3,1,,1585,-0.015772870662448337,-0.025480238879798837,824,0.8745145631067878,1.281218175136956,2409,0.28875051888751035
AUDJPY,15,3,-1,,1585,-0.38422712933755176,-0.6206986191124009,824,-1.2745145631067885,-1.8672430301538108,2409,-0.6887505188875107
AUDJPY,16,3,1,,1586,-0.07805800756622462,-0.1256831715655153,824,0.21577669902913907,0.32539389674856095,2410,0.022406639004140392
AUDJPY,16,3,-1,,1586,-0.3219419924337757,-0.5183669418524347,824,-0.6157766990291397,-0.9285987807098628,2410,-0.42240663900414077
AUDJPY,17,3,1,,1587,0.06868304977945655,0.12147427241897497,824,-0.5621359223300675,-0.9117161199974771,2411,-0.14690999585233433
AUDJPY,17,3,-1,,1587,-0.468683049779457,-0.8289226039012423,824,0.16213592233006674,0.2629647530907741,2411,-0.2530900041476662
AUDJPY,18,3,1,,1588,0.7382871536523877,1.501200418424752,824,-0.08834951456314144,-0.1502780881052546,2412,0.45588723051408087
AUDJPY,18,3,-1,,1588,-1.138287153652388,-2.314542712678769,824,-0.31165048543685947,-0.5301018272721163,2412,-0.8558872305140813
AUDJPY,19,3,1,,1588,0.31114609571789476,0.6051025201498207,824,0.197330097087381,0.3187802346100321,2412,0.2722636815920476
AUDJPY,19,3,-1,,1588,-0.7111460957178954,-1.3830039992009309,824,-0.5973300970873817,-0.9649669832414313,2412,-0.6722636815920483
AUDJPY,20,3,1,,1588,-1.2581863979848882,-2.0394090976859274,824,1.3019417475728072,1.926852757764964,2412,-0.3835820895522426
AUDJPY,20,3,-1,,1588,0.8581863979848879,1.391044403566758,824,-1.701941747572808,-2.5188462970633774,2412,-0.016417910447757762
AUDJPY,21,3,1,,1587,-2.1877756773787125,-3.3810701196328896,824,0.7967233009708876,1.0438041293946299,2411,-1.167772708419745
AUDJPY,21,3,-1,,1587,1.787775677378711,2.762895202598628,824,-1.1967233009708875,-1.5678526306108735,2411,0.7677727084197441
AUDJPY,22,3,1,,1587,-1.752362948960334,-2.6559022533014893,823,0.31300121506680023,0.3887696211829726,2410,-1.0470539419087441
AUDJPY,22,3,-1,,1587,1.352362948960334,2.0496574671109986,823,-0.7130012150667999,-0.8855978793097045,2410,0.6470539419087442
AUDJPY,23,3,1,,1588,-0.5028967254408307,-0.8124372440794669,823,-0.16439854191980988,-0.2361335146962703,2411,-0.38734964744920897
AUDJPY,23,3,-1,,1588,0.10289672544083059,0.1662312117237792,823,-0.23560145808019148,-0.338405679967517,2411,-0.01265035255079163
AUDJPY,0,4,1,,1587,0.6547574039067559,1.0190533333306597,825,-0.5344242424242369,-0.7659994598708606,2412,0.24800995024876704
AUDJPY,0,4,-1,,1587,-1.0547574039067564,-1.641606558235183,825,0.13442424242423606,0.1926725790421304,2412,-0.6480099502487677
AUDJPY,1,4,1,,1587,0.7102709514808008,1.196053084544407,825,0.12218181818186635,0.18297396175668842,2412,0.5091210613598965
AUDJPY,1,4,-1,,1587,-1.110270951480801,-1.8696287570681551,825,-0.5221818181818668,-0.7819958603646592,2412,-0.9091210613598968
AUDJPY,2,4,1,,1583,0.6487049905243082,1.1676946322299602,825,-1.2044848484848323,-1.9074925337285284,2408,0.013787375415279577
AUDJPY,2,4,-1,,1583,-1.0487049905243084,-1.8877104479160305,825,0.8044848484848317,1.2740291784599127,2408,-0.41378737541528
AUDJPY,3,4,1,,1581,-0.17311827956990292,-0.32918031893254585,825,-2.739636363636357,-4.731946409225367,2406,-1.0531587697423155
AUDJPY,3,4,-1,,1581,-0.22688172043009774,-0.43141023164447206,825,2.339636363636356,4.041059622638172,2406,0.6531587697423147
AUDJPY,4,4,1,,1578,-0.843155893536111,-1.6317586112872504,820,-2.200731707317099,-3.266844048563611,2398,-1.3073811509591342
AUDJPY,4,4,-1,,1578,0.4431558935361108,0.8576390807013609,820,1.8007317073170985,2.6730698892325386,2398,0.9073811509591342
AUDJPY,5,4,1,,1519,-1.12620144832125,-1.9946307315754659,821,-0.8427527405603314,-1.2861106419580972,2340,-1.0267521367521413
AUDJPY,5,4,-1,,1519,0.726201448321249,1.2861852808796859,821,0.44275274056033126,0.6756774365541086,2340,0.6267521367521406
AUDJPY,6,4,1,,1533,0.10456621004566248,0.16355404334230644,809,1.0055624227441458,1.5026419877361832,2342,0.41579846285226923
AUDJPY,6,4,-1,,1533,-0.5045662100456625,-0.7892018248613455,809,-1.4055624227441461,-2.1003739449966883,2342,-0.8157984628522694
AUDJPY,7,4,1,,1580,0.1326582278481047,0.17412155319031516,821,1.1630937880633487,1.3587813622161324,2401,0.4850062473969241
AUDJPY,7,4,-1,,1580,-0.5326582278481041,-0.6991445570847626,821,-1.5630937880633493,-1.8260803457241166,2401,-0.8850062473969239
AUDJPY,8,4,1,,1580,-0.6656962025316406,-0.7503148073694587,821,0.7922046285018606,0.9232167473693859,2401,-0.16718034152435016
AUDJPY,8,4,-1,,1580,0.26569620253164145,0.29946962933418536,821,-1.1922046285018606,-1.3893673928738346,2401,-0.23281965847564937
AUDJPY,9,4,1,,1580,-0.5727848101265772,-0.6303781684831729,821,-1.2428745432399653,-1.4913963671955925,2401,-0.8019158683881731
AUDJPY,9,4,-1,,1580,0.17278481012657768,0.190158276238567,821,0.8428745432399648,1.0114134516849813,2401,0.4019158683881732
AUDJPY,10,4,1,,1579,-1.1360987967067844,-1.3288606004620407,821,-0.19610231425092736,-0.26427897547752915,2400,-0.8145416666666766
AUDJPY,10,4,-1,,1579,0.7360987967067844,0.860992628305388,821,-0.20389768574907347,-0.27478447512380394,2400,0.4145416666666763
AUDJPY,11,4,1,,1580,-0.402594936708854,-0.5672947827803722,821,0.40937880633372437,0.6350759866882502,2401,-0.12494793835901777
AUDJPY,11,4,-1,,1580,0.002594936708854442,0.003656514084882728,821,-0.8093788063337248,-1.2556024788882776,2401,-0.2750520616409821
AUDJPY,12,4,1,,1582,0.4959544879898793,0.7508244753901356,821,0.39829476248475104,0.5868387380127273,2403,0.46258843112774434
AUDJPY,12,4,-1,,1582,-0.8959544879898794,-1.356383649525854,821,-0.7982947624847514,-1.1761899354542908,2403,-0.8625884311277445
AUDJPY,13,4,1,,1584,0.794886363636368,1.1860117424701073,824,1.083252427184426,1.6004355487179223,2408,0.8935631229235772
AUDJPY,13,4,-1,,1584,-1.1948863636363676,-1.7828325192384777,824,-1.4832524271844265,-2.191409732963326,2408,-1.2935631229235771
AUDJPY,14,4,1,,1584,0.6832070707070763,0.9872297039394754,824,1.1317961165048254,1.515182863862965,2408,0.8367109634551433
AUDJPY,14,4,-1,,1584,-1.0832070707070762,-1.5652270615591817,824,-1.5317961165048255,-2.050679616950297,2408,-1.2367109634551432
AUDJPY,15,4,1,,1585,0.09646687697162346,0.1369603051074024,824,0.7242718446601975,0.9350011106265173,2409,0.31120797011209045
AUDJPY,15,4,-1,,1585,-0.4964668769716235,-0.7048663445977881,824,-1.1242718446601971,-1.4513824210529556,2409,-0.7112079701120904
AUDJPY,16,4,1,,1586,0.4112862547288662,0.5963069254737965,824,-0.057160194174746756,-0.07853807975860189,2410,0.2511203319502035
AUDJPY,16,4,-1,,1586,-0.8112862547288661,-1.1762503771380415,824,-0.34283980582525403,-0.47106173103630256,2410,-0.6511203319502037
AUDJPY,17,4,1,,1587,0.39936988027723525,0.6517483176205584,824,-0.03907766990290874,-0.0542116231968533,2411,0.24952301949397576
AUDJPY,17,4,-1,,1587,-0.7993698802772355,-1.3045249538236963,824,-0.3609223300970919,-0.500699898718819,2411,-0.6495230194939762
AUDJPY,18,4,1,,1588,0.43022670025189635,0.7193339854015994,824,0.05533980582524047,0.0760619292088951,2412,0.30215588723051806
AUDJPY,18,4,-1,,1588,-0.8302267002518969,-1.3881292833042471,824,-0.4553398058252413,-0.625842891210055,2412,-0.7021558872305188
AUDJPY,19,4,1,,1588,-0.7523299748110704,-1.1433211133177033,824,1.0262135922329858,1.3753386831276058,2412,-0.14473466003316732
AUDJPY,19,4,-1,,1588,0.3523299748110699,0.5354383216717516,824,-1.4262135922329864,-1.911421500013687,2412,-0.2552653399668332
AUDJPY,20,4,1,,1588,-1.834256926952146,-2.60274341796498,824,1.3343446601941717,1.5752178697037336,2412,-0.7517827529021602
AUDJPY,20,4,-1,,1588,1.434256926952146,2.0351580639786606,824,-1.7343446601941725,-2.047425063750439,2412,0.3517827529021598
AUDJPY,21,4,1,,1587,-2.0729048519218938,-2.761103908398699,824,0.44672330097087104,0.5086830143630927,2411,-1.2117793446702811
AUDJPY,21,4,-1,,1587,1.6729048519218932,2.2283049416079663,824,-0.8467233009708711,-0.9641622904676199,2411,0.8117793446702808
AUDJPY,22,4,1,,1587,-1.5674228103339858,-2.1810861248319764,823,0.6379100850546588,0.7527750519298926,2410,-0.8143153526971167
AUDJPY,22,4,-1,,1587,1.1674228103339859,1.6244817139602905,823,-1.0379100850546588,-1.2248008559209937,2410,0.4143153526971168
AUDJPY,23,4,1,,1588,-0.41549118387912487,-0.612248703126005,823,-0.07594167679220155,-0.10123734715158966,2411,-0.2995852343426098
AUDJPY,23,4,-1,,1588,0.015491183879124355,0.022827096236630595,823,-0.32405832320779926,-0.432000007765419,2411,-0.10041476565739084
AUDJPY,0,6,1,,1587,1.023566477630759,1.397149206308227,825,-1.264969696969688,-1.605247559163006,2412,0.24079601990050653
AUDJPY,0,6,-1,,1587,-1.4235664776307588,-1.943141767355047,825,0.864969696969688,1.097647238615099,2412,-0.6407960199005065
AUDJPY,1,6,1,,1587,0.22451165721485977,0.3271461425747276,825,-2.3810909090908785,-3.2733531168594854,2412,-0.666708126036481
AUDJPY,1,6,-1,,1587,-0.6245116572148596,-0.9100043275493198,825,1.9810909090908777,2.723461786904463,2412,0.2667081260364809
AUDJPY,2,6,1,,1583,-0.3371446620341132,-0.5307048748938603,824,-2.4333737864077563,-2.9610234158230555,2407,-1.0547569588699595
AUDJPY,2,6,-1,,1583,-0.06285533796588734,-0.09894160586835075,824,2.0333737864077563,2.4742879323781986,2407,0.654756958869959
AUDJPY,3,6,1,,1581,-0.3483238456672915,-0.5260094892883166,824,-0.8707524271844552,-1.1118773768862849,2405,-0.5273180873180785
AUDJPY,3,6,-1,,1581,-0.05167615433270905,-0.0780369988648325,824,0.470752427184455,0.6011111282148923,2405,0.12731808731807812
AUDJPY,4,6,1,,1578,-0.424588086185037,-0.5892332883250939,820,-1.3759756097560911,-1.8044031708810608,2398,-0.7499165971642966
AUDJPY,4,6,-1,,1578,0.02458808618503756,0.03412276356269808,820,0.9759756097560908,1.2798580675849593,2398,0.3499165971642968
AUDJPY,5,6,1,,1519,-0.8010533245556066,-0.9699826248463017,821,-2.157612667478713,-2.2101041599560256,2340,-1.2770085470085426
AUDJPY,5,6,-1,,1519,0.40105332455560666,0.4856290393296769,821,1.7576126674787127,1.8003727576022097,2340,0.8770085470085427
AUDJPY,6,6,1,,1533,-0.6357469015003224,-0.6567106023988295,809,1.0810877626699869,1.1297118263989516,2342,-0.042698548249348794
AUDJPY,6,6,-1,,1533,0.23574690150032282,0.2435206358577211,809,-1.4810877626699868,-1.5477026187871208,2342,-0.3573014517506509
AUDJPY,7,6,1,,1580,-0.5674683544303926,-0.5514881578402752,821,1.5057247259439595,1.5913278992895397,2401,0.14144106622239502
AUDJPY,7,6,-1,,1580,0.1674683544303932,0.162752360656419,821,-1.9057247259439598,-2.014068622575973,2401,-0.5414410662223947
AUDJPY,8,6,1,,1580,-0.867151898734185,-0.8393746438246455,821,0.6243605359317945,0.678593246716535,2401,-0.3571428571428608
AUDJPY,8,6,-1,,1580,0.4671518987341863,0.45218774148381685,821,-1.0243605359317944,-1.1133377301767549,2401,-0.04285714285713826
AUDJPY,9,6,1,,1580,-0.06797468354428127,-0.06922467376322267,821,-0.9700365408039158,-1.0459557700184932,2401,-0.37642648896292347
AUDJPY,9,6,-1,,1580,-0.33202531645571753,-0.3381309483817596,821,0.5700365408039155,0.6146500506889263,2401,-0.023573511037075806
AUDJPY,10,6,1,,1579,-0.27067764407852796,-0.28529754531237617,821,0.5623629719853624,0.6327285676365791,2400,0.014291666666661247
AUDJPY,10,6,-1,,1579,-0.12932235592147107,-0.1363073438296411,821,-0.962362971985363,-1.0827785169800073,2400,-0.4142916666666608
AUDJPY,11,6,1,,1580,0.07031645569620884,0.08379488528227923,821,1.4136419001217726,1.7128376800218028,2401,0.5296543107038673
AUDJPY,11,6,-1,,1580,-0.47031645569620795,-0.560467860065318,821,-1.8136419001217727,-2.197497247589588,2401,-0.9296543107038667
AUDJPY,12,6,1,,1582,0.4823640960808987,0.5748459224025628,821,1.0017052375152062,1.1577548925529073,2403,0.659800249687876
AUDJPY,12,6,-1,,1582,-0.8823640960808978,-1.0515363950750167,821,-1.4017052375152057,-1.6200684950752584,2403,-1.0598002496878753
AUDJPY,13,6,1,,1584,0.5913510101010045,0.7154687535563797,824,0.9889563106795982,1.1073350223168947,2408,0.7274086378737459
AUDJPY,13,6,-1,,1584,-0.9913510101010035,-1.1994241312155294,824,-1.3889563106795981,-1.5552152816808085,2408,-1.1274086378737451
AUDJPY,14,6,1,,1584,1.293686868686886,1.5837111047380428,824,0.708616504854349,0.7941340400528247,2408,1.0934800664451874
AUDJPY,14,6,-1,,1584,-1.6936868686868856,-2.0733848095799368,824,-1.1086165048543488,-1.2424069970684408,2408,-1.493480066445187
AUDJPY,15,6,1,,1585,0.9023343848580526,1.1233402924268425,824,0.9743932038834705,1.0640580360617513,2409,0.9269821502698187
AUDJPY,15,6,-1,,1585,-1.3023343848580518,-1.621311027567809,824,-1.3743932038834705,-1.5008665161787798,2409,-1.326982150269818
AUDJPY,16,6,1,,1586,0.43001261034046506,0.5402307340072096,824,0.6095873786407942,0.6710480215979725,2410,0.4914107883817394
AUDJPY,16,6,-1,,1586,-0.8300126103404644,-1.0427562144385654,824,-1.0095873786407943,-1.1113773624673442,2410,-0.891410788381739
AUDJPY,17,6,1,,1587,-0.9535601764335248,-1.1852905968671055,824,0.9334951456310783,0.9904718259041709,2411,-0.30862712567399225
AUDJPY,17,6,-1,,1587,0.5535601764335253,0.6880841798372795,824,-1.3334951456310784,-1.414886170441367,2411,-0.09137287432600749
AUDJPY,18,6,1,,1588,-1.2093198992443266,-1.4960665219501859,824,0.9166262135922103,0.9236534303166603,2412,-0.4830431177446141
AUDJPY,18,6,-1,,1588,0.8093198992443262,1.001220940434479,824,-1.3166262135922104,-1.3267199874891467,2412,0.08304311774461384
AUDJPY,19,6,1,,1588,-1.2005667506297317,-1.4614804085378046,824,0.7086165048543344,0.6921094695704595,2412,-0.5483416252073143
AUDJPY,19,6,-1,,1588,0.8005667506297316,0.9745502456722357,824,-1.1086165048543342,-1.0827915746748171,2412,0.14834162520731445
AUDJPY,20,6,1,,1588,-1.5240554156171422,-1.8101968861711157,824,1.3063106796116404,1.3267682070888356,2412,-0.557131011608636
AUDJPY,20,6,-1,,1588,1.1240554156171427,1.335096868777561,824,-1.7063106796116405,-1.7330324221171554,2412,0.15713101160863638
AUDJPY,21,6,1,,1587,-1.8180214240705996,-2.1371325611642105,824,0.7885922330097401,0.820336790275703,2411,-0.9271671505599403
AUDJPY,21,6,-1,,1587,1.4180214240705997,1.66692191724801,824,-1.1885922330097405,-1.2364386771252893,2411,0.5271671505599402
AUDJPY,22,6,1,,1587,-1.0236294896030456,-1.2292824132099416,823,0.4198055893074063,0.4497226623132036,2410,-0.5307053941908871
AUDJPY,22,6,-1,,1587,0.6236294896030457,0.748920162729391,823,-0.819805589307406,-0.8782283075621429,2410,0.13070539419088725
AUDJPY,23,6,1,,1588,0.23721662468513155,0.30044607957155955,823,-0.11640340218708843,-0.1357620728818439,2411,0.11650767316466823
AUDJPY,23,6,-1,,1588,-0.6372166246851318,-0.8070650064201403,823,-0.2835965978129118,-0.33076062432812753,2411,-0.5165076731646685
AUDJPY,0,8,1,,1587,0.08689350976687747,0.10847211937565718,824,-2.482766990291259,-2.581786540150835,2411,-0.79133139776025
AUDJPY,0,8,-1,,1587,-0.4868935097668775,-0.6078057044347575,824,2.0827669902912596,2.1658334442305516,2411,0.39133139776025017
AUDJPY,1,8,1,,1587,0.03698802772527447,0.04642866635248969,824,-0.5410194174756938,-0.613468081633399,2411,-0.16055578598090467
AUDJPY,1,8,-1,,1587,-0.436988027725274,-0.5485226595476362,824,0.1410194174756926,0.15990352419422948,2411,-0.23944421401909546
AUDJPY,2,8,1,,1583,0.07024636765634515,0.08660955289470179,824,-1.6086165048543275,-1.776086551114259,2407,-0.5044869131699092
AUDJPY,2,8,-1,,1583,-0.4702463676563446,-0.5797855321476502,824,1.2086165048543276,1.3344433015878352,2407,0.10448691316990963
AUDJPY,3,8,1,,1581,-0.004996837444637362,-0.005662582246262303,824,-2.1648058252426963,-2.0013375879371473,2405,-0.7449896049895857
AUDJPY,3,8,-1,,1581,-0.3950031625553613,-0.4476307104814732,824,1.7648058252426961,1.6315422807367375,2405,0.3449896049895865
AUDJPY,4,8,1,,1578,-1.1129911280101277,-1.1282905744944693,820,-1.3251219512194992,-1.3038911800936444,2398,-1.18552960800666
AUDJPY,4,8,-1,,1578,0.7129911280101289,0.7227920773009862,820,0.9251219512194996,0.9102998796420345,2398,0.7855296080066609
AUDJPY,5,8,1,,1519,-1.6319289005924926,-1.5083506760682381,821,-1.8588306942753239,-1.773733916636887,2340,-1.7115384615384774
AUDJPY,5,8,-1,,1519,1.2319289005924936,1.1386407762017408,821,1.4588306942753233,1.392045810861683,2340,1.311538461538478
AUDJPY,6,8,1,,1533,-0.8065231572080992,-0.7291818876825249,809,0.8763906056860262,0.8590800575509252,2342,-0.22519214346713098
AUDJPY,6,8,-1,,1533,0.40652315720809995,0.3675397544514365,809,-1.2763906056860264,-1.2511792206305885,2342,-0.17480785653286854
AUDJPY,7,8,1,,1580,-0.06265822784809652,-0.05799917470107965,821,1.778562728380009,1.7325037052079866,2401,0.5669304456476446
AUDJPY,7,8,-1,,1580,-0.3373417721519019,-0.3122581829866473,821,-2.178562728380009,-2.1221449987227845,2401,-0.9669304456476435
AUDJPY,8,8,1,,1580,-0.0006962025316432095,-0.0006244271574904218,821,1.3828258221680847,1.306880822846247,2401,0.4723865056226577
AUDJPY,8,8,-1,,1580,-0.39930379746835504,-0.35813735787458467,821,-1.7828258221680842,-1.6849127634986805,2401,-0.8723865056226564
AUDJPY,9,8,1,,1580,0.3942405063291373,0.3588311393142223,821,0.034226552984132776,0.03172063378387357,2401,0.27113702623907115
AUDJPY,9,8,-1,,1580,-0.7942405063291357,-0.7229044737925882,821,-0.43422655298413226,-0.402434375229926,2401,-0.6711370262390699
AUDJPY,10,8,1,,1579,-0.2825205826472472,-0.26437716183904414,821,1.1657734470158179,1.119290459600879,2400,0.21291666666665965
AUDJPY,10,8,-1,,1579,-0.11747941735275094,-0.1099349103813958,821,-1.565773447015817,-1.5033412243411708,2400,-0.6129166666666581
AUDJPY,11,8,1,,1580,-0.145063291139245,-0.14719502931459344,821,1.378075517661387,1.3410628524071522,2401,0.3757600999583472
AUDJPY,11,8,-1,,1580,-0.25493670886075326,-0.25868306198915775,821,-1.778075517661386,-1.7303195615555595,2401,-0.7757600999583457
AUDJPY,12,8,1,,1582,1.0865360303413407,1.147493125257247,821,0.5991473812423757,0.6014424132490902,2403,0.920016645859339
AUDJPY,12,8,-1,,1582,-1.4865360303413393,-1.5699340174922711,821,-0.9991473812423753,-1.0029746118890677,2403,-1.3200166458593379
AUDJPY,13,8,1,,1584,1.4119949494949373,1.549707601244271,824,1.2390776699028714,1.2120086334029732,2408,1.3528239202657586
AUDJPY,13,8,-1,,1584,-1.8119949494949361,-1.9887198234334755,824,-1.6390776699028713,-1.6032701863604983,2408,-1.7528239202657578
AUDJPY,14,8,1,,1584,1.3216540404040553,1.4300504210937688,824,1.3753640776698897,1.2905965625588467,2408,1.3400332225913676
AUDJPY,14,8,-1,,1584,-1.721654040404054,-1.862856700914642,824,-1.7753640776698898,-1.6659434495432288,2408,-1.7400332225913666
AUDJPY,15,8,1,,1585,-0.4833438485804178,-0.4984698446800874,824,1.9469660194174572,1.7422634280447438,2409,0.3479452054794614
AUDJPY,15,8,-1,,1585,0.08334384858041895,0.08595205127558396,824,-2.346966019417457,-2.100207718940183,2409,-0.7479452054794606
AUDJPY,16,8,1,,1586,-1.2153215636822345,-1.2678453122758657,824,1.4708737864077637,1.2995134978157648,2410,-0.2968879668049904
AUDJPY,16,8,-1,,1586,0.8153215636822353,0.8505581184456206,824,-1.8708737864077636,-1.6529125480468514,2410,-0.10311203319500914
AUDJPY,17,8,1,,1587,-1.3915563957152095,-1.4677307706912213,824,0.6158980582524263,0.5264953352223266,2411,-0.7054749066777429
AUDJPY,17,8,-1,,1587,0.9915563957152099,1.0458346045823774,824,-1.0158980582524266,-0.8684320100780493,2411,0.30547490667774313
AUDJPY,18,8,1,,1588,-0.8991183879093227,-0.9604426008997113,824,0.8885922330096788,0.7823528345369205,2412,-0.28839137645109003
AUDJPY,18,8,-1,,1588,0.49911838790932284,0.5331606705932997,824,-1.288592233009678,-1.1345291446480612,2412,-0.11160862354890963
AUDJPY,19,8,1,,1588,-0.9316120906801073,-1.020975743260686,824,1.0504854368932035,0.9575203719760118,2412,-0.25447761194030294
AUDJPY,19,8,-1,,1588,0.5316120906801076,0.5826062744765962,824,-1.4504854368932036,-1.3221214747986707,2412,-0.14552238805969692
AUDJPY,20,8,1,,1588,-0.9852015113350244,-1.0515121102528049,824,1.0368932038834968,0.9765700327818936,2412,-0.2944029850746341
AUDJPY,20,8,-1,,1588,0.5852015113350246,0.6245894560932821,824,-1.4368932038834974,-1.3532992963644217,2412,-0.105597014925366
AUDJPY,21,8,1,,1587,-1.1763705103969777,-1.2362813796075705,824,0.789320388349557,0.7709573358469012,2411,-0.5045624222314262
AUDJPY,21,8,-1,,1587,0.7763705103969782,0.8159099511567252,824,-1.1893203883495576,-1.161651582303121,2411,0.10456242223142642
AUDJPY,22,8,1,,1587,-0.6558916194077128,-0.7197194608575418,823,-0.30085054678007517,-0.309917999071512,2410,-0.5346473029045817
AUDJPY,22,8,-1,,1587,0.2558916194077136,0.2807936142321705,823,-0.09914945321992547,-0.10213775736766871,2410,0.1346473029045821
AUDJPY,23,8,1,,1588,-0.2752518891688033,-0.3222345101697787,823,-2.569258809234493,-2.7923521577298773,2411,-1.058316051430961
AUDJPY,23,8,-1,,1588,-0.12474811083119647,-0.146041309687955,823,2.1692588092344933,2.3576194406219653,2411,0.6583160514309614
AUDJPY,0,12,1,,1587,-0.23843730308756306,-0.2092606022360855,824,-1.6427184466019014,-1.3271515377782734,2411,-0.7183741186229486
AUDJPY,0,12,-1,,1587,-0.16156269691243547,-0.1417928605003831,824,1.2427184466019017,1.0039917070662985,2411,0.31837411862294973
AUDJPY,1,12,1,,1587,-0.48204158790170476,-0.41104824604935464,824,-1.5367718446601706,-1.2593764240755765,2411,-0.8425134798838598
AUDJPY,1,12,-1,,1587,0.08204158790170647,0.06995879952369796,824,1.1367718446601716,0.9315785330739849,2411,0.4425134798838613
AUDJPY,2,12,1,,1583,-0.8690461149715849,-0.7430372087483268,824,-1.7702669902912471,-1.5054969089259078,2407,-1.1775654341503974
AUDJPY,2,12,-1,,1583,0.4690461149715864,0.40103592897844065,824,1.3702669902912472,1.1653229312869255,2407,0.7775654341503985
AUDJPY,3,12,1,,1581,-0.18070841239720362,-0.15641036444097853,824,-1.6169902912621363,-1.3558936958056824,2405,-0.6728066528066442
AUDJPY,3,12,-1,,1581,-0.21929158760279452,-0.18980564701327998,824,1.216990291262137,1.0204819860056584,2405,0.2728066528066457
AUDJPY,4,12,1,,1578,-0.28200253485424,-0.23819199571167413,820,-0.7028048780488038,-0.589556048300627,2398,-0.4258965804837405
AUDJPY,4,12,-1,,1578,-0.11799746514575825,-0.09966595416071057,820,0.3028048780488044,0.25401139474761825,2398,0.025896580483741896
AUDJPY,5,12,1,,1519,-0.586635944700433,-0.483135117577391,821,-0.6152253349574334,-0.5004512796272336,2340,-0.5966666666666711
AUDJPY,5,12,-1,,1519,0.1866359447004345,0.15370755900928912,821,0.2152253349574349,0.17507373017254002,2340,0.19666666666667265
AUDJPY,6,12,1,,1533,-0.12661448140900813,-0.0993506137675026,809,2.261804697156974,1.834018985198539,2342,0.6984201537147663
AUDJPY,6,12,-1,,1533,-0.2733855185909902,-0.2145174767128136,809,-2.6618046971569727,-2.158365112431159,2342,-1.0984201537147649
AUDJPY,7,12,1,,1580,0.18848101265822234,0.14711405179175688,821,2.7472594397076717,2.1924603072575692,2401,1.0634319033735902
AUDJPY,7,12,-1,,1580,-0.5884810126582203,-0.45932385948951565,821,-3.1472594397076707,-2.511681750353727,2401,-1.4634319033735885
AUDJPY,8,12,1,,1580,0.5844936708860853,0.4500638439599516,821,1.5836784409257099,1.2379930486785056,2401,0.9261557684298303
AUDJPY,8,12,-1,,1580,-0.984493670886083,-0.7580663879585259,821,-1.983678440925708,-1.550681032977857,2401,-1.3261557684298282
AUDJPY,9,12,1,,1580,1.0115822784810198,0.7909741119665201,821,0.26967113276488847,0.2107404548767443,2401,0.7578925447730048
AUDJPY,9,12,-1,,1580,-1.4115822784810175,-1.1037412012256294,821,-0.669671132764888,-0.5233292777382216,2401,-1.157892544773003
AUDJPY,10,12,1,,1579,0.37650411652945565,0.30236034504039083,821,1.4302070645554177,1.1175773652008358,2400,0.7369583333333368
AUDJPY,10,12,-1,,1579,-0.776504116529453,-0.6235896031186183,821,-1.8302070645554174,-1.4301411590451172,2400,-1.136958333333335
AUDJPY,11,12,1,,1580,-0.6743037974683476,-0.5606529685971464,821,2.6261875761266484,2.0105944147388475,2401,0.4542690545605953
AUDJPY,11,12,-1,,1580,0.27430379746835015,0.22807114378637314,821,-3.026187576126649,-2.3168321615039535,2401,-0.8542690545605937
AUDJPY,12,12,1,,1582,-0.5146649810366665,-0.44259705640358826,821,2.127405602923241,1.5499685882415406,2403,0.38801498127339773
AUDJPY,12,12,-1,,1582,0.11466498103666815,0.09860858024025335,821,-2.527405602923241,-1.8413974697132731,2403,-0.7880149812733965
AUDJPY,13,12,1,,1584,-0.37834595959597667,-0.321622612374582,824,1.8940533980582066,1.3449933363612707,2408,0.3992524916943253
AUDJPY,13,12,-1,,1584,-0.021654040404021357,-0.018407568170261908,824,-2.294053398058206,-1.629038831116627,2408,-0.7992524916943236
AUDJPY,14,12,1,,1584,0.01830808080808526,0.015571257776299658,824,2.2086165048543287,1.5509276439020359,2408,0.7678156146179294
AUDJPY,14,12,-1,,1584,-0.4183080808080836,-0.35577639319219706,824,-2.608616504854327,-1.8318143692331628,2408,-1.1678156146179277
AUDJPY,15,12,1,,1585,-0.6502839116719197,-0.5505425998622065,824,1.9712378640776753,1.4221543891167048,2409,0.24640929846409784
AUDJPY,15,12,-1,,1585,0.25028391167192143,0.21189507069499988,824,-2.3712378640776746,-1.7107353696331509,2409,-0.6464092984640964
AUDJPY,16,12,1,,1586,-0.3955233291299087,-0.3408887679082934,824,1.1734223300970896,0.8812539866655428,2410,0.14091286307052556
AUDJPY,16,12,-1,,1586,-0.004476670870089709,-0.0038582978672658834,824,-1.573422330097089,-1.1816586965682856,2410,-0.5409128630705243
AUDJPY,17,12,1,,1587,-0.49615626969123855,-0.4426758374080167,824,0.9584951456311133,0.7402440018332037,2411,0.0009954375777859038
AUDJPY,17,12,-1,,1587,0.09615626969124035,0.0857916342246165,824,-1.3584951456311127,-1.049163251015544,2411,-0.40099543757778455
AUDJPY,18,12,1,,1588,-0.0013224181360251051,-0.0012080003370902317,824,-0.10885922330098448,-0.08751737302160695,2412,-0.03805970149254523
AUDJPY,18,12,-1,,1588,-0.39867758186397323,-0.36418333971854666,824,-0.29114077669901517,-0.23406262862742333,2412,-0.3619402985074535
AUDJPY,19,12,1,,1588,-0.7948992443325065,-0.7425742671654381,824,-1.3523058252427254,-1.1251845837295413,2412,-0.9853233830845878
AUDJPY,19,12,-1,,1588,0.39489924433250767,0.3689046367261786,824,0.9523058252427257,0.7923650209571689,2412,0.5853233830845888
AUDJPY,20,12,1,,1588,-1.5835642317380385,-1.4755664957806662,823,-0.8051032806804369,-0.6540615162256264,2411,-1.3178349232683553
AUDJPY,20,12,-1,,1588,1.183564231738039,1.1028461561298628,823,0.4051032806804382,0.3291036968150082,2411,0.9178349232683563
AUDJPY,21,12,1,,1587,-1.8504725897920735,-1.6827927787692296,823,0.252004860267343,0.20472562952257128,2410,-1.1324896265560156
AUDJPY,21,12,-1,,1587,1.450472589792075,1.3190386139029866,823,-0.652004860267342,-0.5296806788900869,2410,0.7324896265560168
AUDJPY,22,12,1,,1587,-1.2383742911153277,-1.136081569924691,822,-0.6538929440389079,-0.5343507570401214,2409,-1.0389373183893762
AUDJPY,22,12,-1,,1587,0.8383742911153296,0.7691225404695536,822,0.25389294403890933,0.20747721487305706,2409,0.638937318389378
AUDJPY,23,12,1,,1588,-0.1257556675063047,-0.11558815129178923,822,-1.9568126520680973,-1.4890551552072842,2410,-0.7502904564315301
AUDJPY,23,12,-1,,1588,-0.2742443324936929,-0.25207130639744313,822,1.556812652068097,1.1846713597256784,2410,0.3502904564315317
AUDJPY,0,24,1,,1587,-0.5729048519218389,-0.35875062177457095,824,0.5479368932038865,0.3168814126313589,2411,-0.18983824139359434
AUDJPY,0,24,-1,,1587,0.17290485192184216,0.10827229500102693,824,-0.9479368932038852,-0.5482083530594762,2411,-0.2101617586064031
AUDJPY,1,24,1,,1587,-0.480466288594841,-0.29609868029872954,824,0.27427184466019944,0.14940090505821416,2411,-0.22252177519701713
AUDJPY,1,24,-1,,1587,0.08046628859484387,0.04958924783495374,824,-0.6742718446601975,-0.36728824270063093,2411,-0.1774782248029803
AUDJPY,2,24,1,,1583,-0.5698041692988074,-0.3555643478897991,824,0.43361650485437503,0.24274844728316888,2407,-0.22629829663481807
AUDJPY,2,24,-1,,1583,0.16980416929881048,0.10595975245319597,824,-0.8336165048543724,-0.4666776054822475,2407,-0.17370170336517904
AUDJPY,3,24,1,,1581,-0.750980392156862,-0.45956060978747804,824,0.44174757281554516,0.2521473773348097,2405,-0.342328482328478
AUDJPY,3,24,-1,,1581,0.3509803921568654,0.2147815904750895,824,-0.8417475728155436,-0.480465442086323,2405,-0.0576715176715192
AUDJPY,4,24,1,,1578,-0.490937896070973,-0.29998731784245586,820,0.3671951219512019,0.20692572925488112,2398,-0.19749791492911167
AUDJPY,4,24,-1,,1578,0.09093789607097665,0.05556754887103784,820,-0.7671951219512003,-0.4323380148596769,2398,-0.20250208507088535
AUDJPY,5,24,1,,1519,-0.6830151415404597,-0.4083154791298717,821,0.32436053593176234,0.18129571562186525,2340,-0.32957264957264165
AUDJPY,5,24,-1,,1519,0.2830151415404612,0.16919019226787738,821,-0.7243605359317604,-0.4048688024045368,2340,-0.07042735042735672
AUDJPY,6,24,1,,1533,-0.1683626875407786,-0.09955492448482009,809,2.0316440049443707,1.146335420425205,2342,0.5915883859948686
AUDJPY,6,24,-1,,1533,-0.23163731245921834,-0.13696998715442052,809,-2.4316440049443693,-1.3720315399491743,2342,-0.9915883859948662
AUDJPY,7,24,1,,1580,-0.3842405063291344,-0.225110242423728,821,1.633495736906204,0.9398762302412881,2401,0.30570595585171223
AUDJPY,7,24,-1,,1580,-0.015759493670861525,-0.009232820023623448,821,-2.033495736906202,-1.1700271168353076,2401,-0.7057059558517089
AUDJPY,8,24,1,,1580,-0.7677215189873349,-0.4586337579185734,820,1.333170731707317,0.7512532675165109,2400,-0.049916666666662196
AUDJPY,8,24,-1,,1580,0.36772151898733874,0.21967536137732183,820,-1.7331707317073155,-0.9766567359993271,2400,-0.3500833333333348
AUDJPY,9,24,1,,1580,-0.5660759493670721,-0.34013053401737,820,0.9601219512195049,0.545740038410353,2400,-0.04462499999999162
AUDJPY,9,24,-1,,1580,0.16607594936707587,0.09978784897825765,820,-1.3601219512195033,-0.7731028386117965,2400,-0.3553750000000053
AUDJPY,10,24,1,,1579,-0.6384420519316006,-0.3862832349270401,820,1.1470731707317188,0.6523537271016934,2399,-0.02813672363484283
AUDJPY,10,24,-1,,1579,0.23844205193160464,0.1442670746454046,820,-1.5470731707317167,-0.8798383353191633,2399,-0.37186327636515376
AUDJPY,11,24,1,,1580,-0.5987341772151785,-0.37018926779541783,820,1.0825609756097654,0.5817498906961697,2400,-0.024291666666656036
AUDJPY,11,24,-1,,1580,0.19873417721518138,0.12287466182638312,820,-1.482560975609763,-0.7967031002808729,2400,-0.3757083333333413
AUDJPY,12,24,1,,1582,-0.6218710493046796,-0.3830544200554638,820,1.110243902439041,0.6038572101700047,2402,-0.030557868442959928
AUDJPY,12,24,-1,,1582,0.22187104930468238,0.13666609213200878,820,-1.5102439024390388,-0.8214156075071726,2402,-0.36944213155703765
AUDJPY,13,24,1,,1584,-0.714646464646477,-0.43556125014388186,823,0.720656136087457,0.3909646915319027,2407,-0.22388865808061587
AUDJPY,13,24,-1,,1584,0.3146464646464797,0.19177007691847825,823,-1.1206561360874563,-0.6079695413924778,2407,-0.17611134191938208
AUDJPY,14,24,1,,1584,-0.6337121212121193,-0.38204233348725525,823,0.8077764277035,0.43960034315999197,2407,-0.1408392189447513
AUDJPY,14,24,-1,,1584,0.23371212121212268,0.1408966645317625,823,-1.2077764277034986,-0.6572845082747228,2407,-0.2591607810552459
AUDJPY,15,24,1,,1585,-0.5347003154573883,-0.3267806463468303,823,0.7270959902794557,0.3943182153692343,2408,-0.10344684385380748
AUDJPY,15,24,-1,,1585,0.134700315457391,0.08232173214753982,823,-1.127095990279453,-0.6112459501612677,2408,-0.2965531561461898
AUDJPY,16,24,1,,1586,-0.5704287515763101,-0.34774286768171087,823,0.8674362089914964,0.4796467869318259,2409,-0.07920298879204077
AUDJPY,16,24,-1,,1586,0.1704287515763131,0.10389620552047626,823,-1.267436208991494,-0.7008258347788014,2409,-0.32079701120795634
AUDJPY,17,24,1,,1587,-0.7264020163831125,-0.45562453125315544,823,0.715552855407053,0.390412627956924,2410,-0.23398340248962443
AUDJPY,17,24,-1,,1587,0.3264020163831152,0.20473066203082613,823,-1.1155528554070504,-0.6086565354512651,2410,-0.16601659751037284
AUDJPY,18,24,1,,1588,-0.5330604534005052,-0.3301691784255253,823,0.8921020656135901,0.49650640329972745,2411,-0.046578183326427956
AUDJPY,18,24,-1,,1588,0.13306045340050834,0.0824155314841296,823,-1.2921020656135864,-0.7191295413632962,2411,-0.3534218166735688
AUDJPY,19,24,1,,1588,-0.5683879093198956,-0.3515567996273657,823,0.7985419198055909,0.4456551081782794,2411,-0.10178349232683241
AUDJPY,19,24,-1,,1588,0.16838790931989867,0.10415055198355624,823,-1.198541919805587,-0.6688895293777437,2411,-0.2982165076731643
AUDJPY,20,24,1,,1588,-0.6622795969773264,-0.4045792715036667,823,0.8893074119076664,0.5077334533042692,2411,-0.1326420572376545
AUDJPY,20,24,-1,,1588,0.2622795969773293,0.16022370122780033,823,-1.2893074119076637,-0.7361059807366538,2411,-0.2673579427623427
AUDJPY,21,24,1,,1587,-0.800252047889113,-0.490031706954792,823,0.7967193195625836,0.44650838237019813,2410,-0.2548962655601726
AUDJPY,21,24,-1,,1587,0.40025204788911667,0.2450930238249545,823,-1.1967193195625814,-0.6706818755473629,2410,-0.14510373443982424
AUDJPY,22,24,1,,1587,-0.6916824196597484,-0.42414368211286874,822,1.0967153284671556,0.6210857641950789,2409,-0.08144458281445369
AUDJPY,22,24,-1,,1587,0.29168241965975217,0.17886135597162664,822,-1.4967153284671546,-0.8476115537317856,2409,-0.31855541718554353
AUDJPY,23,24,1,,1588,-0.7098236775818761,-0.4339765501189898,822,0.8549878345498766,0.4994004823158227,2410,-0.1760995850622493
AUDJPY,23,24,-1,,1588,0.30982367758187856,0.18942198603490892,822,-1.2549878345498755,-0.7330414592444546,2410,-0.22390041493774873
EURUSD,0,1,1,,1587,-0.0077504725898125916,-0.02054061065659806,825,-1.0407272727272765,-2.1101952595556956,2412,-0.36106965174130834
EURUSD,0,1,-1,,1587,-0.39224952741018715,-1.0395552954225806,825,0.6407272727272764,1.29914886350005,2412,-0.038930348258691565
EURUSD,1,1,1,,1586,0.7922446406052938,2.5294327589392664,825,-0.03430303030297275,-0.09607710112520836,2411,0.509415180423079
EURUSD,1,1,-1,,1586,-1.1922446406052938,-3.806529569342033,825,-0.36569696969702714,-1.0242565869091358,2411,-0.9094151804230789
EURUSD,2,1,1,,1583,-0.31844598862918233,-0.9381200518410493,825,0.20703030303027292,0.7224575156701061,2408,-0.13841362126246698
EURUSD,2,1,-1,,1583,-0.08155401137081758,-0.240252526666702,825,-0.6070303030302728,-2.1183063457120825,2408,-0.26158637873753293
EURUSD,3,1,1,,1580,0.1612025316455667,0.5139999944489262,825,-0.5310303030302888,-1.5932127007503283,2405,-0.07625779625779328
EURUSD,3,1,-1,,1580,-0.5612025316455665,-1.78941419347416,825,0.13103030303028898,0.3931209608561896,2405,-0.3237422037422065
EURUSD,4,1,1,,1578,0.11793409378958636,0.41285051130309347,821,0.40024360535931514,1.5292729350765855,2399,0.21454772822007712
EURUSD,4,1,-1,,1578,-0.5179340937895863,-1.813125861838066,821,-0.8002436053593152,-3.0576150893040785,2399,-0.6145477282200771
EURUSD,5,1,1,,1525,-0.62406557377048,-3.374358351061084,822,-0.7350364963503663,-3.501547274106899,2347,-0.6629314017895113
EURUSD,5,1,-1,,1525,0.22406557377048014,1.2115354088027048,822,0.3350364963503666,1.5960379332820969,2347,0.2629314017895115
EURUSD,6,1,1,,1529,-0.36723348593849625,-1.9470891623372488,809,0.14660074165639153,0.998666592965119,2338,-0.18943541488449103
EURUSD,6,1,-1,,1529,-0.03276651406150368,-0.17372959400388094,809,-0.5466007416563913,-3.7235275498239364,2338,-0.21056458511550882
EURUSD,7,1,1,,1580,0.39398734177219413,2.3572178296286035,821,1.0433617539585947,5.918282156936148,2401,0.616034985422771
EURUSD,7,1,-1,,1580,-0.7939873417721939,-4.750409264689032,821,-1.4433617539585943,-8.18721031516381,2401,-1.0160349854227706
EURUSD,8,1,1,,1580,-0.37449367088607644,-2.0448047641135383,821,0.40962241169308367,2.1462208349994993,2401,-0.10637234485630115
EURUSD,8,1,-1,,1580,-0.02550632911392341,-0.13926927833999223,821,-0.8096224116930834,-4.242024945061319,2401,-0.29362765514369865
EURUSD,9,1,1,,1580,0.1712658227848155,0.8029006006017249,821,-1.07673568818515,-3.8353986828359354,2401,-0.25547688463140344
EURUSD,9,1,-1,,1580,-0.5712658227848154,-2.6781156027461233,821,0.6767356881851501,2.4105741042801556,2401,-0.14452311536859652
EURUSD,10,1,1,,1579,0.2518049398353247,1.1858297577753636,821,0.8093788063337828,3.203518617307973,2400,0.44254166666667233
EURUSD,10,1,-1,,1579,-0.6518049398353246,-3.069557310619834,821,-1.2093788063337827,-4.78671728386009,2400,-0.8425416666666721
EURUSD,11,1,1,,1579,0.3180493983533637,1.317385275107823,821,0.0041412911084383695,0.018603016474218526,2400,0.21066666666666214
EURUSD,11,1,-1,,1579,-0.7180493983533636,-2.9742162981228866,821,-0.4041412911084381,-1.8154355488516378,2400,-0.610666666666662
EURUSD,12,1,1,,1580,-0.06753164556961383,-0.4153700702540509,821,-0.4542021924482547,-2.396764074050067,2401,-0.19975010412328487
EURUSD,12,1,-1,,1580,-0.33246835443038614,-2.044928752619287,821,0.054202192448254874,0.28601770258853426,2401,-0.20024989587671504
EURUSD,13,1,1,,1583,-0.4607075173720665,-3.0655673035193343,824,-0.38786407766984005,-2.397317582597402,2407,-0.435770668882397
EURUSD,13,1,-1,,1583,0.06070751737206657,0.4039503878625511,824,-0.012135922330159773,-0.07500993687766501,2407,0.03577066888239706
EURUSD,14,1,1,,1583,0.16203411244471408,0.7587641728596932,824,0.13313106796112986,0.7179950540497733,2407,0.15213959285415596
EURUSD,14,1,-1,,1583,-0.5620341124447139,-2.631861538375446,824,-0.5331310679611296,-2.8752527551880385,2407,-0.5521395928541558
EURUSD,15,1,1,,1585,-0.5920504731861006,-1.8875014962333643,824,-0.739320388349496,-2.658641045715172,2409,-0.6424242424242234
EURUSD,15,1,-1,,1585,0.1920504731861006,0.6122713719665358,824,0.339320388349496,1.2202167373308275,2409,0.24242424242422342
EURUSD,16,1,1,,1587,-0.20264650283554336,-0.48725258672545496,824,-0.16820388349514728,-0.4140868068659484,2411,-0.19087515553712514
EURUSD,16,1,-1,,1587,-0.19735349716445647,-0.4745258400572305,824,-0.23179611650485257,-0.5706391061428193,2411,-0.20912484446287471
EURUSD,17,1,1,,1587,-0.8901701323251325,-2.380705536340121,824,0.3205097087378329,0.7505764476499704,2411,-0.47639983409374154
EURUSD,17,1,-1,,1587,0.4901701323251327,1.3109300182055392,824,-0.7205097087378333,-1.6873049487686924,2411,0.07639983409374158
EURUSD,18,1,1,,1587,-0.9116572148708523,-2.893057293800092,824,-0.8457524271844361,-2.3311057470598766,2411,-0.889133139776034
EURUSD,18,1,-1,,1587,0.5116572148708521,1.6236954123346201,824,0.44575242718443586,1.228605454003537,2411,0.4891331397760338
EURUSD,19,1,1,,1587,-0.7692501575299492,-2.5787722952448675,824,-0.4959951456310667,-1.4678188997168329,2411,-0.675860638739124
EURUSD,19,1,-1,,1587,0.36925015752994933,1.2378444995196038,824,0.0959951456310668,0.28408239532077406,2411,0.27586063873912425
EURUSD,20,1,1,,1587,-1.1943919344675082,-3.1585802454546,824,-0.9658980582524322,-2.884198770815699,2411,-1.1163002903359351
EURUSD,20,1,-1,,1587,0.794391934467508,2.1007766370058265,824,0.5658980582524323,1.6897875195770393,2411,0.7163002903359351
EURUSD,21,1,1,,1587,-0.21613106490228315,-0.4304460394866587,824,0.0608009708738001,0.13243644172682334,2411,-0.12148486105346831
EURUSD,21,1,-1,,1587,-0.18386893509771687,-0.3661928697442219,824,-0.4608009708738002,-1.003714908655988,2411,-0.27851513894653174
EURUSD,22,1,1,,1587,0.1868304977945549,0.376038864970333,823,0.44228432563789305,0.9299377935751963,2410,0.27406639004147076
EURUSD,22,1,-1,,1587,-0.5868304977945549,-1.1811298311868617,823,-0.842284325637893,-1.7709694464459833,2410,-0.6740663900414707
EURUSD,23,1,1,,1587,-0.45475740390677266,-0.983373805501998,823,-1.1087484811664092,-2.120909052726509,2410,-0.6780912863070552
EURUSD,23,1,-1,,1587,0.054757403906772965,0.1184081802662683,823,0.7087484811664091,1.3557547950195483,2410,0.2780912863070554
EURUSD,0,2,1,,1587,0.9981726528040388,2.1282682103395407,825,-0.8780606060605345,-1.4247749758265464,2412,0.3564262023217531
EURUSD,0,2,-1,,1587,-1.3981726528040386,-2.9811339763413915,825,0.47806060606053474,0.7757195616592379,2412,-0.756426202321753
EURUSD,1,2,1,,1586,0.6656998738965965,1.485642122987497,825,0.37624242424240445,0.8210836861580754,2411,0.5666528411447473
EURUSD,1,2,-1,,1586,-1.0656998738965966,-2.3783219513861202,825,-0.7762424242424046,-1.6940141514679312,2411,-0.9666528411447474
EURUSD,2,2,1,,1583,0.04466203411245977,0.0959803166478318,825,-0.1438787878788023,-0.30928674330482736,2408,-0.019933554817270802
EURUSD,2,2,-1,,1583,-0.4446620341124599,-0.9555946943194958,825,-0.25612121212119765,-0.5505668817211439,2408,-0.38006644518272925
EURUSD,3,2,1,,1580,0.5055696202531466,1.1734841319564935,825,0.044727272727298865,0.10537508233565558,2405,0.3474844074844046
EURUSD,3,2,-1,,1580,-0.9055696202531468,-2.101929263900072,825,-0.444727272727299,-1.0477538674507243,2405,-0.7474844074844048
EURUSD,4,2,1,,1578,-0.3112167300380576,-0.9290937195135177,821,-0.15907429963458608,-0.47966558487349853,2399,-0.25914964568572324
EURUSD,4,2,-1,,1578,-0.08878326996194233,-0.26504994930518866,821,-0.24092570036541386,-0.7264766668298913,2399,-0.1408503543142767
EURUSD,5,2,1,,1525,-1.2998688524589777,-3.605129189512757,822,-0.9967153284671834,-4.290775942900932,2347,-1.1936940775457885
EURUSD,5,2,-1,,1525,0.8998688524589781,2.4957467521405907,822,0.5967153284671836,2.568809471491456,2347,0.7936940775457889
EURUSD,6,2,1,,1529,-0.10170045781554328,-0.4094352205189375,808,1.2001237623762895,4.332994858950184,2337,0.3483953786906616
EURUSD,6,2,-1,,1529,-0.29829954218445676,-1.2009222127250332,808,-1.6001237623762892,-5.7771775323673635,2337,-0.7483953786906616
EURUSD,7,2,1,,1580,0.22000000000001688,0.9099749596725473,821,1.7068209500609308,6.777447347081064,2401,0.7284048313203044
EURUSD,7,2,-1,,1580,-0.6200000000000168,-2.5644748863497786,821,-2.106820950060931,-8.365767984190452,2401,-1.1284048313203046
EURUSD,8,2,1,,1580,0.0009493670886340919,0.003384467319181627,821,-0.45907429963459606,-1.4549471055126924,2401,-0.1563515201999007
EURUSD,8,2,-1,,1580,-0.4009493670886341,-1.4293733644279079,821,0.05907429963459601,0.18722455456983228,2401,-0.24364847980009935
EURUSD,9,2,1,,1580,0.6370253164556936,2.149141728415658,821,-0.062362971985377054,-0.17467122236031218,2401,0.3978758850478973
EURUSD,9,2,-1,,1580,-1.0370253164556933,-3.49862764233389,821,-0.33763702801462286,-0.9456809148102465,2401,-0.797875885047897
EURUSD,10,2,1,,1579,0.7814439518682265,2.3378765177250416,821,1.0119366626066277,2.977911545465071,2400,0.8602916666666547
EURUSD,10,2,-1,,1579,-1.1814439518682265,-3.5345722050540154,821,-1.411936662606628,-4.155025353277639,2400,-1.2602916666666548
EURUSD,11,2,1,,1579,0.4459784673844001,1.4013010585781476,821,-0.25298416565165316,-0.8845106925475398,2400,0.20687499999998354
EURUSD,11,2,-1,,1579,-0.8459784673844002,-2.6581339875727497,821,-0.14701583434834678,-0.514012713483283,2400,-0.6068749999999836
EURUSD,12,2,1,,1580,-0.3194303797468152,-1.4036810795882046,821,-0.6300852618757333,-2.5763724836049793,2401,-0.42565597667636196
EURUSD,12,2,-1,,1580,-0.08056962025318469,-0.3540491409384474,821,0.23008526187573364,0.9408017826269934,2401,0.02565597667636215
EURUSD,13,2,1,,1583,-0.09602021478204699,-0.3716097586402898,824,-0.052912621359213444,-0.21101148344232928,2407,-0.08126298296633663
EURUSD,13,2,-1,,1583,-0.3039797852179529,-1.1764382622219587,824,-0.34708737864078637,-1.3841578959752086,2407,-0.3187370170336632
EURUSD,14,2,1,,1583,-0.2580543272268028,-0.6970570923245655,824,-0.4127427184466185,-1.3048969710334835,2407,-0.3110095554632499
EURUSD,14,2,-1,,1583,-0.14194567277319706,-0.3834240603312082,824,0.012742718446618602,0.04028643985847968,2407,-0.08899044453674998
EURUSD,15,2,1,,1585,-0.599369085173456,-1.169317467463123,824,-0.713713592232958,-1.4596803508342564,2409,-0.6384806973847593
EURUSD,15,2,-1,,1585,0.19936908517345647,0.3889519154929382,824,0.31371359223295825,0.641604099116852,2409,0.2384806973847597
EURUSD,16,2,1,,1587,-0.8899180844360559,-1.6194955536658602,824,0.3485436893203172,0.593717478267556,2411,-0.4666528411447861
EURUSD,16,2,-1,,1587,0.48991808443605633,0.8915653848157066,824,-0.7485436893203171,-1.2750868405134697,2411,0.06665284114478642
EURUSD,17,2,1,,1587,-1.6051039697542688,-3.2072591850738394,824,-0.32803398058251937,-0.5926573082937683,2411,-1.168643716300299
EURUSD,17,2,-1,,1587,1.2051039697542691,2.4079940295425506,824,-0.07196601941748047,-0.13002063774259454,2411,0.7686437163002992
EURUSD,18,2,1,,1587,-1.5003780718336939,-3.4393720197705226,824,-1.146116504854345,-2.276206714883908,2411,-1.3793031936955837
EURUSD,18,2,-1,,1587,1.1003780718336944,2.5224372593025635,824,0.7461165048543449,1.48179996644495,2411,0.979303193695584
EURUSD,19,2,1,,1587,-1.7552614996849054,-3.6355156602787786,824,-1.257038834951472,-2.6055370018872397,2411,-1.5849854832019734
EURUSD,19,2,-1,,1587,1.3552614996849053,2.8070315487247086,824,0.8570388349514718,1.7764338972125688,2411,1.184985483201973
EURUSD,20,2,1,,1587,-1.1965343415248493,-1.9242157831080031,824,-0.6883495145630939,-1.2450953308165629,2411,-1.0228535877229055
EURUSD,20,2,-1,,1587,0.7965343415248493,1.2809527470781954,824,0.2883495145630937,0.5215702584661627,2411,0.6228535877229054
EURUSD,21,2,1,,1587,0.18097038437305143,0.24664119590245615,824,0.7059466019417596,1.0619546201754613,2411,0.36038987971797704
EURUSD,21,2,-1,,1587,-0.5809703843730513,-0.7917938113581015,824,-1.1059466019417596,-1.6636741367816605,2411,-0.760389879717977
EURUSD,22,2,1,,1587,-0.049149338374335425,-0.07140807909980842,823,-0.4391251518833578,-0.6214160827439063,2410,-0.18232365145231277
EURUSD,22,2,-1,,1587,-0.3508506616256644,-0.5097438261888775,823,0.03912515188335813,0.05536690056545632,2410,-0.21767634854768705
EURUSD,23,2,1,,1587,-0.22942659105232352,-0.37801437050636133,823,-1.9695018226002121,-2.7344255915599867,2410,-0.8236514522821626
EURUSD,23,2,-1,,1587,-0.17057340894767653,-0.28104501536953413,823,1.5695018226002129,2.179071834547487,2410,0.4236514522821629
EURUSD,0,3,1,,1587,0.8684940138626435,1.5139446978357878,825,-0.4675151515151574,-0.7053884277196125,2412,0.4115257048092912
EURUSD,0,3,-1,,1587,-1.2684940138626433,-2.2112182189749787,825,0.06751515151515713,0.10186708691725484,2412,-0.8115257048092912
EURUSD,1,3,1,,1586,1.0345523329130026,1.87569855859602,825,0.025333333333329242,0.04279163670855704,2411,0.6892160929075151
EURUSD,1,3,-1,,1586,-1.4345523329130023,-2.600919893050736,825,-0.4253333333333292,-0.7184490584227247,2411,-1.0892160929075148
EURUSD,2,3,1,,1583,0.3724573594440916,0.6749877315862146,825,0.4318787878787855,0.8150860228202299,2408,0.3928156146179381
EURUSD,2,3,-1,,1583,-0.7724573594440918,-1.3998897526859322,825,-0.8318787878787854,-1.5700071216994815,2408,-0.7928156146179383
EURUSD,3,3,1,,1580,0.06550632911389279,0.14238587431272265,825,-0.47878787878784523,-1.010588130798389,2405,-0.12120582120583023
EURUSD,3,3,-1,,1580,-0.4655063291138929,-1.0118339184256084,825,0.0787878787878455,0.16629931266296744,2405,-0.27879417879416973
EURUSD,4,3,1,,1578,-0.9660329531052068,-2.1259159103770475,821,-0.4211936662606786,-1.2583654642228295,2399,-0.7795748228428652
EURUSD,4,3,-1,,1578,0.5660329531052067,1.2456494956368362,821,0.02119366626067872,0.06331856297714815,2399,0.3795748228428652
EURUSD,5,3,1,,1525,-1.0693770491802879,-2.870504330901406,821,0.09330085261876173,0.29370746437043266,2346,-0.662489343563485
EURUSD,5,3,-1,,1525,0.6693770491802877,1.796793488462159,821,-0.49330085261876155,-1.5528919460838242,2346,0.2624893435634849
EURUSD,6,3,1,,1529,-0.2338783518639703,-0.8188042567372308,808,1.805198019802047,5.675816698996306,2337,0.4711168164313408
EURUSD,6,3,-1,,1529,-0.1661216481360297,-0.5815891532752847,808,-2.205198019802047,-6.933477440197142,2337,-0.8711168164313408
EURUSD,7,3,1,,1580,0.5954430379747274,1.8476928940166377,821,0.8381242387332514,2.4201526342684097,2401,0.678425655976705
EURUSD,7,3,-1,,1580,-0.9954430379747274,-3.088915161255614,821,-1.2381242387332512,-3.57518551479994,2401,-1.078425655976705
EURUSD,8,3,1,,1580,0.4667088607595121,1.393040788937903,821,0.555298416565177,1.47079869719325,2401,0.49700124947940005
EURUSD,8,3,-1,,1580,-0.8667088607595121,-2.58696780088355,821,-0.9552984165651769,-2.5302641329428712,2401,-0.8970012494794
EURUSD,9,3,1,,1580,1.164240506329081,2.936840407782298,821,0.14019488428746807,0.3085953266070236,2401,0.8140774677217657
EURUSD,9,3,-1,,1580,-1.5642405063290812,-3.9458554323642305,821,-0.5401948842874682,-1.1890706112094271,2401,-1.2140774677217658
EURUSD,10,3,1,,1579,0.9093730208992631,2.3000258054427465,821,0.7548112058465364,1.954787031548878,2400,0.8564999999999763
EURUSD,10,3,-1,,1579,-1.309373020899263,-3.311723206875787,821,-1.1548112058465365,-2.9906948275157097,2400,-1.2564999999999762
EURUSD,11,3,1,,1579,0.19601013299555992,0.5344027959050323,821,-0.42886723507913194,-1.3525462406603166,2400,-0.01774999999999094
EURUSD,11,3,-1,,1579,-0.5960101329955597,-1.6249643658359858,821,0.02886723507913209,0.09104045982280162,2400,-0.3822500000000089
EURUSD,12,3,1,,1580,0.046518987341792314,0.152769735219351,821,-0.3392204628502101,-1.121752384871313,2401,-0.08538109121199111
EURUSD,12,3,-1,,1580,-0.4465189873417923,-1.4663816081253098,821,-0.06077953714978974,-0.2009890269481099,2401,-0.3146189087880088
EURUSD,13,3,1,,1583,-0.5161086544535638,-1.2872089599587113,824,-0.5987864077669618,-1.6936664870633211,2407,-0.5444121312837424
EURUSD,13,3,-1,,1583,0.11610865445356407,0.2895826277116318,824,0.19878640776696183,0.5622670664388842,2407,0.14441213128374258
EURUSD,14,3,1,,1583,-0.26620341124446417,-0.47959913761057127,824,-0.38713592233008054,-0.7753814745791872,2407,-0.3076028250934662
EURUSD,14,3,-1,,1583,-0.13379658875553552,-0.241051488718387,824,-0.01286407766991936,-0.02576502705501644,2407,-0.09239717490653357
EURUSD,15,3,1,,1585,-1.2729968454258294,-2.0519051005746833,824,-0.1969660194174935,-0.30593005955726094,2409,-0.904939809049379
EURUSD,15,3,-1,,1585,0.8729968454258296,1.407157202589657,824,-0.20303398058250635,-0.315354891952684,2409,0.5049398090493793
EURUSD,16,3,1,,1587,-1.6048519218651922,-2.5314985292126644,824,-0.3000000000000352,-0.43909337344200816,2411,-1.1588967233513434
EURUSD,16,3,-1,,1587,1.2048519218651923,1.9005372561575142,824,-0.09999999999996441,-0.14636445781393348,2411,0.7588967233513436
EURUSD,17,3,1,,1587,-2.193824826717111,-3.768942804070274,824,-0.6283980582524286,-0.9715874346173288,2411,-1.658813770219849
EURUSD,17,3,-1,,1587,1.793824826717111,3.081751601168225,824,0.2283980582524285,0.3531339420528813,2411,1.2588137702198492
EURUSD,18,3,1,,1587,-2.4863894139886504,-4.287116883813429,824,-1.90716019417475,-3.1061643321544916,2411,-2.288428038158433
EURUSD,18,3,-1,,1587,2.0863894139886505,3.5974233290237048,824,1.5071601941747501,2.454690094879198,2411,1.8884280381584329
EURUSD,19,3,1,,1587,-1.7574039067422467,-2.536062456014359,824,-0.979490291262133,-1.4973586388877071,2411,-1.4915387805889435
EURUSD,19,3,-1,,1587,1.3574039067422468,1.9588331813359992,824,0.5794902912621336,0.8858738075441448,2411,1.091538780588944
EURUSD,20,3,1,,1587,-0.7994328922495144,-0.9759937097492403,824,-0.04320388349513421,-0.059596064665792134,2411,-0.5409788469514599
EURUSD,20,3,-1,,1587,0.399432892249515,0.48765067597543477,824,-0.3567961165048657,-0.4921697475210133,2411,0.14097884695146037
EURUSD,21,3,1,,1587,-0.04234404536861758,-0.04924950522144407,824,-0.17475728155337303,-0.20703117110178526,2411,-0.08759850684362316
EURUSD,21,3,-1,,1587,-0.3576559546313825,-0.41598242803115293,824,-0.22524271844662708,-0.2668401760868135,2411,-0.3124014931563769
EURUSD,22,3,1,,1587,0.1599873976055079,0.19897901605691257,823,-1.297083839611208,-1.4988059695936693,2410,-0.3375933609958852
EURUSD,22,3,-1,,1587,-0.5599873976055074,-0.6964657407239361,823,0.8970838396112083,1.0365980771438104,2410,-0.06240663900411446
EURUSD,23,3,1,,1587,0.8003150598613759,1.207313111772323,823,-1.8340218712028098,-2.253478473094302,2410,-0.09929460580909087
EURUSD,23,3,-1,,1587,-1.2003150598613759,-1.8107320263090276,823,1.4340218712028103,1.761995027127238,2410,-0.3007053941909089
EURUSD,0,4,1,,1587,1.238752362948982,1.8638642278116555,825,-0.8184242424242325,-1.0565100538483003,2412,0.5351160862355069
EURUSD,0,4,-1,,1587,-1.6387523629489817,-2.4657163117502168,825,0.4184242424242327,0.5401470239757542,2412,-0.9351160862355066
EURUSD,1,4,1,,1586,1.364754098360653,2.1965503185021165,825,0.6010909090909169,0.9325666311252463,2411,1.1034425549564504
EURUSD,1,4,-1,,1586,-1.764754098360653,-2.8403440454865216,825,-1.001090909090917,-1.553149386260006,2411,-1.5034425549564505
EURUSD,2,4,1,,1583,-0.04611497157297436,-0.08033131053652778,825,-0.09163636363635891,-0.15855947927407016,2408,-0.06171096345515553
EURUSD,2,4,-1,,1583,-0.3538850284270259,-0.6164602761993159,825,-0.3083636363636411,-0.5335652318429385,2408,-0.3382890365448446
EURUSD,3,4,1,,1580,-0.5908227848101335,-1.0755054194859357,825,-0.7415757575757498,-1.57847941891292,2405,-0.6425363825363845
EURUSD,3,4,-1,,1580,0.19082278481013323,0.34736463200323214,825,0.3415757575757501,0.727060314236116,2405,0.24253638253638432
EURUSD,4,4,1,,1578,-0.7726869455006424,-1.6804656643085016,820,0.6729268292683033,1.6540191726465185,2398,-0.2783569641367828
EURUSD,4,4,-1,,1578,0.37268694550064235,0.810532155482524,820,-1.0729268292683032,-2.6371983836433457,2398,-0.12164303586321723
EURUSD,5,4,1,,1525,-1.1477377049180255,-2.784940101059923,821,0.614738124238743,1.746182558799895,2346,-0.5309462915600942
EURUSD,5,4,-1,,1525,0.7477377049180257,1.814355937404228,821,-1.0147381242387428,-2.8823948677158375,2346,0.13094629156009438
EURUSD,6,4,1,,1529,0.13034663178550143,0.3793479995845434,808,1.0289603960396503,2.7433845166397144,2337,0.4410355156183436
EURUSD,6,4,-1,,1529,-0.5303466317855015,-1.5434686044308548,808,-1.42896039603965,-3.8098529743952048,2337,-0.8410355156183436
EURUSD,7,4,1,,1580,1.0612025316456053,2.863031698468201,821,1.8524969549330241,4.455955227064835,2401,1.3317784256560057
EURUSD,7,4,-1,,1580,-1.4612025316456052,-3.9421967449475006,821,-2.252496954933024,-5.418106385305404,2401,-1.7317784256560054
EURUSD,8,4,1,,1580,0.9939240506328999,2.3194094755376704,821,0.7578562728380221,1.6244617383301463,2401,0.9132028321532687
EURUSD,8,4,-1,,1580,-1.3939240506328996,-3.252844771347543,821,-1.157856272838022,-2.481860058593094,2401,-1.3132028321532683
EURUSD,9,4,1,,1580,1.3030379746835157,2.9035785045757856,821,-0.11693057247262355,-0.2429629486864975,2401,0.8174927113702336
EURUSD,9,4,-1,,1580,-1.7030379746835156,-3.794904332675619,821,-0.2830694275273766,-0.5881728049450224,2401,-1.2174927113702336
EURUSD,10,4,1,,1579,0.6594046865104227,1.5157375274444216,821,0.5789281364190577,1.4095044258790927,2400,0.6318750000000016
EURUSD,10,4,-1,,1579,-1.0594046865104223,-2.435195674134716,821,-0.9789281364190576,-2.383376198356789,2400,-1.0318750000000014
EURUSD,11,4,1,,1579,0.5512349588346983,1.3809786632818826,821,-0.1380024360536087,-0.3843639408712916,2400,0.31545833333332324
EURUSD,11,4,-1,,1579,-0.9512349588346983,-2.3830766914630046,821,-0.26199756394639095,-0.729714772121805,2400,-0.7154583333333232
EURUSD,12,4,1,,1580,-0.376835443037961,-0.8867012749846948,821,-0.8931790499391069,-2.3166347732098744,2401,-0.5533944189920805
EURUSD,12,4,-1,,1580,-0.023164556962038983,-0.054506662184178954,821,0.4931790499391067,1.2791564430283442,2401,0.15339441899208042
EURUSD,13,4,1,,1583,-0.5242577384712256,-0.9166358381948997,824,-0.5731796116504241,-1.100456778471075,2407,-0.5410054009139591
EURUSD,13,4,-1,,1583,0.1242577384712256,0.21725782548849484,824,0.17317961165042417,0.3324903287905646,2407,0.14100540091395913
EURUSD,14,4,1,,1583,-0.953442830069487,-1.457570386708503,824,0.12961165048538387,0.19992782230491274,2407,-0.5826755297050443
EURUSD,14,4,-1,,1583,0.5534428300694871,0.8460726269100367,824,-0.5296116504853837,-0.8169335360851205,2407,0.18267552970504444
EURUSD,15,4,1,,1585,-1.9965299684542466,-2.8937170083079296,824,-0.845509708737846,-1.1520075740556852,2409,-1.6028227480282133
EURUSD,15,4,-1,,1585,1.5965299684542469,2.313967732508518,824,0.44550970873784645,0.6070072921427218,2409,1.2028227480282137
EURUSD,16,4,1,,1587,-2.193572778828034,-3.1581533105494577,824,-0.600364077669944,-0.7736975123546167,2411,-1.6490667772708933
EURUSD,16,4,-1,,1587,1.7935727788280345,2.582261169466859,824,0.2003640776699444,0.2582119654129067,2411,1.2490667772708937
EURUSD,17,4,1,,1587,-3.1798361688720673,-4.526033058732663,824,-1.3894417475728338,-1.8716799207980122,2411,-2.5679386146826984
EURUSD,17,4,-1,,1587,2.779836168872067,3.956691392260819,824,0.9894417475728337,1.3328505890703357,2411,2.167938614682698
EURUSD,18,4,1,,1587,-2.4885318210459917,-3.2641053922569823,824,-1.6296116504854117,-2.1506654598364427,2411,-2.1949813355454033
EURUSD,18,4,-1,,1587,2.0885318210459913,2.7394417549023267,824,1.2296116504854113,1.622769022867346,2411,1.7949813355454032
EURUSD,19,4,1,,1587,-1.3603024574669116,-1.546863502863504,824,-0.3343446601941739,-0.420738940092314,2411,-1.0096640398174983
EURUSD,19,4,-1,,1587,0.9603024574669117,1.0920048074689528,824,-0.06565533980582607,-0.0826206049328295,2411,0.6096640398174983
EURUSD,20,4,1,,1587,-1.0227473219911833,-1.0953171309568326,824,-0.9239077669902671,-1.0367836955350087,2411,-0.9889672335130603
EURUSD,20,4,-1,,1587,0.6227473219911837,0.6669348287379961,824,0.5239077669902671,0.5879147791441669,2411,0.5889672335130604
EURUSD,21,4,1,,1587,0.16143667296787378,0.16862621292442473,824,-1.032038834951456,-1.063205290461955,2411,-0.24645375362919292
EURUSD,21,4,-1,,1587,-0.5614366729678738,-0.5864401081797654,824,0.632038834951456,0.651125723509626,2411,-0.15354624637080716
EURUSD,22,4,1,,1587,1.1947700063011852,1.413941269400514,823,-1.1575941676791746,-1.2192205171455925,2410,0.39145228215768485
EURUSD,22,4,-1,,1587,-1.5947700063011852,-1.887318157652956,823,0.7575941676791745,0.7979258868901653,2410,-0.7914522821576848
EURUSD,23,4,1,,1587,0.6621928166351675,0.8960132190153359,823,-1.4224787363304725,-1.6948559710099513,2410,-0.0497095435684515
EURUSD,23,4,-1,,1587,-1.0621928166351673,-1.4372532907927924,823,1.0224787363304726,1.2182636880540394,2410,-0.3502904564315484
EURUSD,0,6,1,,1587,1.1546943919344619,1.558107064767518,825,-0.766181818181789,-0.9188630482384589,2412,0.49767827529022185
EURUSD,0,6,-1,,1587,-1.554694391934462,-2.097854057790397,825,0.36618181818178913,0.43915286643383483,2412,-0.8976782752902219
EURUSD,1,6,1,,1586,0.3387767969735268,0.4764867785114365,825,-0.1852121212121322,-0.27813039475318524,2411,0.15947739527167334
EURUSD,1,6,-1,,1586,-0.7387767969735267,-1.0390834885200866,825,-0.21478787878786795,-0.322543887109025,2411,-0.5594773952716734
EURUSD,2,6,1,,1583,-0.4509159823120545,-0.687367794627801,824,0.7449029126213678,1.2421373963148912,2407,-0.041545492314073625
EURUSD,2,6,-1,,1583,0.050915982312054076,0.07761536039085107,824,-1.1449029126213681,-1.9091437270828673,2407,-0.3584545076859268
EURUSD,3,6,1,,1580,-0.40911392405067054,-0.6958744187196194,824,0.8763349514563584,1.6313185214931656,2404,0.03148918469217135
EURUSD,3,6,-1,,1580,0.009113924050670456,0.015502152892331185,824,-1.2763349514563591,-2.3759281111401935,2404,-0.4314891846921716
EURUSD,4,6,1,,1578,-0.45583016476554145,-0.895320415984605,820,0.44865853658537225,0.9462476241799592,2398,-0.14653878231860681
EURUSD,4,6,-1,,1578,0.05583016476554145,0.10965901383047807,820,-0.848658536585372,-1.7898714913477278,2398,-0.25346121768139307
EURUSD,5,6,1,,1525,-0.4694426229507867,-0.9842544750421869,821,0.8514007308160749,1.7934356369139934,2346,-0.007203751065623286
EURUSD,5,6,-1,,1525,0.06944262295078656,0.14559652033374104,821,-1.251400730816075,-2.6360168431551347,2346,-0.39279624893437687
EURUSD,6,6,1,,1529,1.0786788750817375,2.182537460792182,808,2.166831683168389,4.175488429064408,2337,1.4548994437312943
EURUSD,6,6,-1,,1529,-1.478678875081737,-2.991874701452168,808,-2.5668316831683895,-4.946289126044973,2337,-1.854899443731294
EURUSD,7,6,1,,1580,1.7272151898734276,3.3619957011517774,821,1.7979293544457777,3.4340408893580867,2401,1.7513952519783418
EURUSD,7,6,-1,,1580,-2.1272151898734277,-4.140589062503156,821,-2.1979293544457783,-4.198039959925941,2401,-2.151395251978342
EURUSD,8,6,1,,1580,0.8820253164557019,1.7405822843844818,821,0.3248477466504516,0.6355819107033908,2401,0.6915035401915992
EURUSD,8,6,-1,,1580,-1.2820253164557018,-2.529939347911308,821,-0.7248477466504517,-1.4182032060726344,2401,-1.0915035401915993
EURUSD,9,6,1,,1580,1.4076582278480865,2.796442910428387,821,-0.0019488428745790284,-0.003839831387927798,2401,0.9256559766763629
EURUSD,9,6,-1,,1580,-1.8076582278480862,-3.5910798059774893,821,-0.398051157125421,-0.7842855609697796,2401,-1.3256559766763627
EURUSD,10,6,1,,1579,0.5918936035465151,1.104910562248414,821,0.3158343483556842,0.6360044855091797,2400,0.4974583333333183
EURUSD,10,6,-1,,1579,-0.9918936035465149,-1.8516059518441104,821,-0.7158343483556843,-1.4414957043337118,2400,-0.8974583333333183
EURUSD,11,6,1,,1579,0.12330588980368458,0.20577165725932572,821,-0.664068209500574,-1.1381303081909049,2400,-0.14604166666664722
EURUSD,11,6,-1,,1579,-0.5233058898036845,-0.8732877267250583,821,0.2640682095005742,0.45258006385871,2400,-0.25395833333335266
EURUSD,12,6,1,,1580,-1.0565189873417398,-1.5557510561524797,821,-0.3186358099878666,-0.4600999672638648,2401,-0.8042065805914149
EURUSD,12,6,-1,,1580,0.6565189873417397,0.9667408917192458,821,-0.08136419001213317,-0.1174873005091891,2401,0.404206580591415
EURUSD,13,6,1,,1583,-1.934428300694883,-2.6066921035943014,824,-0.7049757281553121,-0.9305700696202683,2407,-1.5135438304943818
EURUSD,13,6,-1,,1583,1.5344283006948831,2.0676817711549074,824,0.3049757281553121,0.40256887329241076,2407,1.1135438304943819
EURUSD,14,6,1,,1583,-2.2662665824384525,-2.930230647478237,824,-0.8192961165048775,-0.9851769601168512,2407,-1.7709181553801785
EURUSD,14,6,-1,,1583,1.8662665824384528,2.413039833266897,824,0.4192961165048777,0.5041899566292124,2407,1.3709181553801786
EURUSD,15,6,1,,1585,-3.56927444794948,-4.206400731524334,824,-1.9069174757281602,-2.103875356767575,2409,-3.0006641760066124
EURUSD,15,6,-1,,1585,3.1692744479494803,3.734999521797705,824,1.5069174757281607,1.6625609562135177,2409,2.600664176006613
EURUSD,16,6,1,,1587,-3.1817265280403313,-3.3965294513563653,824,-1.0838592233010111,-1.1181258325192494,2411,-2.464744919120713
EURUSD,16,6,-1,,1587,2.7817265280403314,2.9695248774028222,824,0.6838592233010115,0.7054796849452593,2411,2.064744919120713
EURUSD,17,6,1,,1587,-2.7848771266540737,-2.732236120873919,824,-0.4667475728155355,-0.48342792326914513,2411,-1.9926171712982232
EURUSD,17,6,-1,,1587,2.3848771266540734,2.339797101611823,824,0.06674757281553602,0.06913295834582348,2411,1.5926171712982233
EURUSD,18,6,1,,1587,-2.3147448015123255,-2.24495463354864,824,-1.8651699029125846,-1.8379956786199316,2411,-2.161094981335558
EURUSD,18,6,-1,,1587,1.914744801512325,1.8570147393396692,824,1.4651699029125846,1.4438233995691532,2411,1.7610949813355574
EURUSD,19,6,1,,1587,-1.3798361688720895,-1.2984078274245152,824,-2.0723300970873897,-1.9481562583021113,2411,-1.6165076731646681
EURUSD,19,6,-1,,1587,0.9798361688720891,0.92201304760486,824,1.6723300970873898,1.5721242234365853,2411,1.216507673164668
EURUSD,20,6,1,,1587,0.22098298676751207,0.21179224885505726,824,-1.6438106796115726,-1.5103521358672278,2411,-0.41634176690165664
EURUSD,20,6,-1,,1587,-0.6209829867675123,-0.5951561484078786,824,1.2438106796115729,1.1428275408270938,2411,0.016341766901656535
EURUSD,21,6,1,,1587,1.0499054820416267,0.9939076622300954,824,-0.6077669902912662,-0.5690326389134239,2411,0.48336789713814116
EURUSD,21,6,-1,,1587,-1.4499054820416275,-1.372573238981771,824,0.20776699029126647,0.19452553470842565,2411,-0.8833678971381416
EURUSD,22,6,1,,1587,1.4125393824826773,1.431971412609789,823,-0.973633049817755,-0.9313077448913212,2410,0.5976763485477163
EURUSD,22,6,-1,,1587,-1.8125393824826772,-1.8374741349743742,823,0.5736330498177555,0.5486963513829998,2410,-0.9976763485477161
EURUSD,23,6,1,,1587,1.3667296786389433,1.567872138417596,823,-1.1878493317131895,-1.2389981938969696,2410,0.49435684647304906
EURUSD,23,6,-1,,1587,-1.7667296786389435,-2.026740388056826,823,0.7878493317131899,0.8217741703383559,2410,-0.8943568464730489
EURUSD,0,8,1,,1587,0.7550094517958571,0.9435552317761128,824,0.06966019417479105,0.08528175152666305,2411,0.5207797594359407
EURUSD,0,8,-1,,1587,-1.155009451795857,-1.4434457852158253,824,-0.4696601941747912,-0.5749832376446861,2411,-0.9207797594359406
EURUSD,1,8,1,,1586,0.49287515762923667,0.666670313418824,824,1.4252427184466292,1.990081725820408,2410,0.811659751037341
EURUSD,1,8,-1,,1586,-0.8928751576292367,-1.2077162988773358,824,-1.8252427184466296,-2.54860602489261,2410,-1.2116597510373412
EURUSD,2,8,1,,1583,-0.18749210360075327,-0.2667035452076578,824,0.542718446601946,0.8149921295290222,2407,0.062484420440386816
EURUSD,2,8,-1,,1583,-0.2125078963992468,-0.30228798048470495,824,-0.9427184466019459,-1.4156661140835023,2407,-0.46248442044038685
EURUSD,3,8,1,,1580,0.22873417721517933,0.36267035240671686,824,1.1160194174757587,1.8120599733707636,2404,0.532861896838606
EURUSD,3,8,-1,,1580,-0.6287341772151794,-0.9968918873293944,824,-1.516019417475759,-2.461532534509289,2404,-0.9328618968386061
EURUSD,4,8,1,,1578,0.3889733840303678,0.6457074512037133,820,1.5395121951219797,2.60534230367489,2398,0.7824020016680332
EURUSD,4,8,-1,,1578,-0.7889733840303679,-1.3097194147094753,820,-1.9395121951219796,-3.282269011220318,2398,-1.1824020016680332
EURUSD,5,8,1,,1525,0.2928524590164002,0.4848435346259945,821,0.7381242387332237,1.2728345920803115,2346,0.4486786018755274
EURUSD,5,8,-1,,1525,-0.6928524590163999,-1.1470794417506016,821,-1.138124238733224,-1.962601720857854,2346,-0.8486786018755272
EURUSD,6,8,1,,1529,0.9659908436886843,1.7002252459168135,808,1.6910891089109632,2.983989676108328,2337,1.2166880616174824
EURUSD,6,8,-1,,1529,-1.3659908436886838,-2.4042589361014604,808,-2.0910891089109636,-3.689804564368114,2337,-1.6166880616174824
EURUSD,7,8,1,,1580,1.8318354430379982,3.305013806172014,821,1.9129110840438224,3.483508370549234,2401,1.8595585172844713
EURUSD,7,8,-1,,1580,-2.231835443037998,-4.0266973654093725,821,-2.312911084043822,-4.211928713680964,2401,-2.259558517284471
EURUSD,8,8,1,,1580,0.8115822784810122,1.3782000338949314,821,0.06175395858707834,0.10355596531040666,2401,0.5551853394418953
EURUSD,8,8,-1,,1580,-1.211582278481012,-2.057465745055812,821,-0.4617539585870783,-0.7743208372619523,2401,-0.9551853394418951
EURUSD,9,8,1,,1580,0.9734177215189902,1.46094211747129,821,-0.5280146163215443,-0.7527543503422842,2401,0.46001665972512146
EURUSD,9,8,-1,,1580,-1.3734177215189896,-2.0612772398652113,821,0.1280146163215442,0.18250168909104292,2401,-0.8600166597251212
EURUSD,10,8,1,,1579,-0.08524382520584128,-0.1154270182312798,821,0.8903775883069244,1.1720859287736745,2400,0.24849999999998393
EURUSD,10,8,-1,,1579,-0.31475617479415835,-0.42620526048241697,821,-1.290377588306924,-1.698642726323992,2400,-0.6484999999999835
EURUSD,11,8,1,,1579,-1.257124762507935,-1.6320766940965072,821,-0.7378806333739315,-0.9062035340618549,2400,-1.0795000000000112
EURUSD,11,8,-1,,1579,0.8571247625079348,1.1127720895668654,821,0.33788063337393187,0.41495685102138946,2400,0.6795000000000112
EURUSD,12,8,1,,1580,-2.3581645569620378,-2.9566004564955684,821,-1.2302070645554348,-1.4298200725597197,2401,-1.972469804248243
EURUSD,12,8,-1,,1580,1.958164556962038,2.4550916965972385,821,0.8302070645554354,0.9649161994620902,2401,1.5724698042482435
EURUSD,13,8,1,,1583,-3.5037902716361002,-3.92964059414725,824,-1.766383495145626,-1.9245744839553658,2407,-2.909015371832132
EURUSD,13,8,-1,,1583,3.1037902716361003,3.48102463377331,824,1.3663834951456262,1.4887519144523151,2407,2.5090153718321324
EURUSD,14,8,1,,1583,-3.230195830701192,-3.236087817953881,824,-1.302791262135944,-1.2867905083096038,2407,-2.57037806398006
EURUSD,14,8,-1,,1583,2.8301958307011916,2.8353582043252965,824,0.9027912621359444,0.8917032688696057,2407,2.17037806398006
EURUSD,15,8,1,,1585,-3.1515457413249015,-2.8109130634696418,824,-0.9842233009708622,-0.8938467917167439,2409,-2.4102117061021
EURUSD,15,8,-1,,1585,2.751545741324901,2.454146791400502,824,0.5842233009708624,0.5305768748858657,2409,2.0102117061021
EURUSD,16,8,1,,1587,-3.0079395085066656,-2.5683433812537126,824,-1.319417475728184,-1.104894868136081,2411,-2.4308585649108676
EURUSD,16,8,-1,,1587,2.6079395085066652,2.226801488673724,824,0.9194174757281843,0.7699304195179391,2411,2.0308585649108677
EURUSD,17,8,1,,1587,-2.804410838059251,-2.3888133659352127,824,-2.2047330097087507,-1.8193255771926586,2411,-2.5994608046453926
EURUSD,17,8,-1,,1587,2.4044108380592504,2.048091053281713,824,1.8047330097087515,1.4892492243315945,2411,2.1994608046453927
EURUSD,18,8,1,,1587,-1.0710144927536296,-0.9538921477674742,824,-2.58507281553389,-2.1695573074684793,2411,-1.588469514724154
EURUSD,18,8,-1,,1587,0.6710144927536296,0.5976347285742113,824,2.1850728155338905,1.8338518999563276,2411,1.1884695147241542
EURUSD,19,8,1,,1587,-0.49136735979833596,-0.42627614636395084,824,-1.6480582524271994,-1.4256520531764467,2411,-0.8866860223973337
EURUSD,19,8,-1,,1587,0.09136735979833598,0.07926396668730279,824,1.2480582524271995,1.0796322323171297,2411,0.48668602239733366
EURUSD,20,8,1,,1587,0.435727788279817,0.373325425860861,824,-1.594902912621344,-1.3576461776570123,2411,-0.25827457486516714
EURUSD,20,8,-1,,1587,-0.8357277882798169,-0.7160397864341809,824,1.194902912621344,1.0171499212609116,2411,-0.1417254251348328
EURUSD,21,8,1,,1587,1.7672967863894489,1.5328845919659262,824,-0.28179611650483055,-0.24683378559404986,2411,1.0669846536707073
EURUSD,21,8,-1,,1587,-2.1672967863894494,-1.8798290562508595,824,-0.11820388349516965,-0.10353837518030738,2411,-1.4669846536707076
EURUSD,22,8,1,,1587,1.3360428481411244,1.289060129127204,823,-0.8936816524908829,-0.8271767759008348,2410,0.5746058091286171
EURUSD,22,8,-1,,1587,-1.7360428481411243,-1.6749938979193384,823,0.4936816524908831,0.4569434725336615,2410,-0.9746058091286172
EURUSD,23,8,1,,1587,0.3359168241966099,0.3595503275689718,823,-1.964398541919769,-2.0412516245074452,2410,-0.4496265560165767
EURUSD,23,8,-1,,1587,-0.7359168241966099,-0.787692417122104,823,1.564398541919769,1.6256024411166718,2410,0.04962655601657681
EURUSD,0,12,1,,1587,1.8593572778827743,2.072262342629686,824,0.951092233009761,1.0559095130104774,2411,1.5489423475736233
EURUSD,0,12,-1,,1587,-2.2593572778827746,-2.5180642048708886,824,-1.3510922330097608,-1.499992421633974,2411,-1.9489423475736234
EURUSD,1,12,1,,1586,1.858701134930624,2.1953146247547166,824,1.5679611650485303,1.8504981082889465,2410,1.7592946058091115
EURUSD,1,12,-1,,1586,-2.258701134930624,-2.667755208880503,824,-1.9679611650485307,-2.3225756442734995,2410,-2.1592946058091114
EURUSD,2,12,1,,1583,0.6239418825015696,0.7671699963904097,824,1.2418689320388627,1.5654869986809807,2407,0.8354798504362307
EURUSD,2,12,-1,,1583,-1.0239418825015694,-1.2589914418844004,824,-1.6418689320388626,-2.0697228188365946,2407,-1.2354798504362308
EURUSD,3,12,1,,1580,1.1132278481012343,1.526879886422325,824,1.1037621359223315,1.5376859534965612,2404,1.1099833610648717
EURUSD,3,12,-1,,1580,-1.5132278481012345,-2.075511467648624,824,-1.5037621359223317,-2.094938609101252,2404,-1.5099833610648719
EURUSD,4,12,1,,1578,0.3208491761723317,0.4646767014985614,820,0.7232926829268151,1.0034881519785652,2398,0.4584653878231559
EURUSD,4,12,-1,,1578,-0.7208491761723318,-1.0439852813641097,820,-1.1232926829268148,-1.5584436634420207,2398,-0.8584653878231558
EURUSD,5,12,1,,1525,-0.23855737704914481,-0.31848606208879093,821,0.23641900121804343,0.301600431516302,2346,-0.07233589087806146
EURUSD,5,12,-1,,1525,-0.16144262295085496,-0.215533998038178,821,-0.6364190012180434,-0.8118816355860939,2346,-0.3276641091219384
EURUSD,6,12,1,,1529,0.1852190974493255,0.22913693205333827,808,1.8420792079207868,2.155695134610742,2337,0.7580658964484444
EURUSD,6,12,-1,,1529,-0.5852190974493252,-0.7239820861628452,808,-2.2420792079207863,-2.62379555620856,2337,-1.158065896448444
EURUSD,7,12,1,,1580,0.016835443037986644,0.020015790837459933,821,1.3130328867234997,1.446757830617101,2401,0.46005830903790595
EURUSD,7,12,-1,,1580,-0.4168354430379866,-0.49557894156173404,821,-1.7130328867234996,-1.887495559350551,2401,-0.8600583090379058
EURUSD,8,12,1,,1580,-1.1696202531645825,-1.3120277499861575,821,-0.2752740560292499,-0.281357530959101,2401,-0.8638067471886941
EURUSD,8,12,-1,,1580,0.769620253164583,0.863325619038521,821,-0.12472594397074985,-0.1274823503106464,2401,0.4638067471886945
EURUSD,9,12,1,,1580,-1.9807594936708806,-2.026864781636341,821,-1.6371498172960217,-1.5820503101579944,2401,-1.8632653061224596
EURUSD,9,12,-1,,1580,1.58075949367088,1.6175541534429065,821,1.237149817296022,1.1955126106893001,2401,1.4632653061224592
EURUSD,10,12,1,,1579,-2.3395186827105845,-2.2048817681661865,821,-0.47052375152251885,-0.43807206834006296,2400,-1.7001666666666668
EURUSD,10,12,-1,,1579,1.9395186827105844,1.8279013602796215,821,0.07052375152251865,0.0656597793344165,2400,1.300166666666667
EURUSD,11,12,1,,1579,-2.436605446485129,-2.078714380802305,821,-0.8010962241169337,-0.6976677839083757,2400,-1.8771250000000088
EURUSD,11,12,-1,,1579,2.036605446485128,1.7374667842657527,821,0.4010962241169341,0.3493112380128162,2400,1.4771250000000085
EURUSD,12,12,1,,1580,-3.1670253164557,-2.5555152794300176,821,-1.8367844092570058,-1.490023587723819,2401,-2.7121615993336143
EURUSD,12,12,-1,,1580,2.7670253164556993,2.2327499051020387,821,1.4367844092570063,1.1655383448799854,2401,2.312161599333614
EURUSD,13,12,1,,1583,-3.1154137713202834,-2.389415464926034,824,-2.5816747572815437,-1.9534788877211577,2407,-2.9326963024511845
EURUSD,13,12,-1,,1583,2.7154137713202835,2.082629189931375,824,2.181674757281544,1.6508104152946566,2407,2.532696302451184
EURUSD,14,12,1,,1583,-1.8048641819330429,-1.3797934710168096,824,-2.258252427184423,-1.6116916914714428,2407,-1.9600747818861535
EURUSD,14,12,-1,,1583,1.4048641819330423,1.073999055053825,824,1.858252427184423,1.3262157770749479,2407,1.5600747818861531
EURUSD,15,12,1,,1585,-2.2657413249210974,-1.675315079866189,824,-2.2979368932038877,-1.632683072507093,2409,-2.2767538397675144
EURUSD,15,12,-1,,1585,1.8657413249210968,1.3795504996046657,824,1.8979368932038878,1.3484832622623946,2409,1.8767538397675143
EURUSD,16,12,1,,1587,-1.5494643982356642,-1.1352905485260445,824,-1.9904126213592612,-1.3856043404093115,2411,-1.700165906262974
EURUSD,16,12,-1,,1587,1.149464398235664,0.8422110689797518,824,1.5904126213592606,1.1071486422208467,2411,1.3001659062629738
EURUSD,17,12,1,,1587,-1.1985507246376759,-0.8924287480899573,824,-1.4544902912621251,-1.0795187728782307,2411,-1.2860223973454927
EURUSD,17,12,-1,,1587,0.798550724637675,0.5945927934674303,824,1.0544902912621255,0.7826398512756715,2411,0.8860223973454922
EURUSD,18,12,1,,1587,-0.923125393824844,-0.7129001379070491,824,-2.470509708737818,-1.9569761584929715,2411,-1.4519701368726627
EURUSD,18,12,-1,,1587,0.5231253938248435,0.40399296552248465,824,2.0705097087378186,1.640122328439774,2411,1.0519701368726624
EURUSD,19,12,1,,1587,-0.8078134845620338,-0.6205250390860834,824,-2.0639563106796137,-1.719412557673965,2411,-1.2371215263375983
EURUSD,19,12,-1,,1587,0.4078134845620337,0.3132634986712145,824,1.6639563106796131,1.3861860162443542,2411,0.837121526337598
EURUSD,20,12,1,,1587,-0.0126023944549084,-0.010029899032473326,823,-0.6204131227217149,-0.5328696567697363,2410,-0.2201659751036975
EURUSD,20,12,-1,,1587,-0.3873976055450916,-0.3083190962591909,823,0.22041312272171487,0.1893117033647088,2410,-0.17983402489630254
EURUSD,21,12,1,,1587,0.906742281033417,0.7417596714222806,823,0.5884568651276286,0.5110147149442246,2410,0.7980497925311498
EURUSD,21,12,-1,,1587,-1.3067422810334173,-1.0689792957578281,823,-0.9884568651276288,-0.8583738810801433,2410,-1.1980497925311502
EURUSD,22,12,1,,1587,1.2048519218651463,1.0880537618068329,822,-0.261557177615568,-0.23472290535813445,2409,0.7044831880448279
EURUSD,22,12,-1,,1587,-1.6048519218651467,-1.4492778233072683,822,-0.1384428223844323,-0.1242393796732878,2409,-1.1044831880448283
EURUSD,23,12,1,,1587,1.1291115311909359,1.156147208001417,822,-0.1220194647201354,-0.12074669986899579,2409,0.7022000830220273
EURUSD,23,12,-1,,1587,-1.5291115311909362,-1.5657248895903975,822,-0.2779805352798648,-0.27508096630194256,2409,-1.1022000830220275
EURUSD,0,24,1,,1587,-1.094328922495297,-0.7237678699330617,824,-0.8484223300970648,-0.5637458560660163,2411,-1.0102861883036156
EURUSD,0,24,-1,,1587,0.6943289224952952,0.45921564799864595,824,0.44842233009706467,0.2979603687832757,2411,0.6102861883036146
EURUSD,1,24,1,,1586,-0.9922446406053387,-0.6613324122613858,824,-0.884466019417501,-0.5803780752480482,2410,-0.9553941908714059
EURUSD,1,24,-1,,1586,0.592244640605337,0.3947318642925181,824,0.48446601941750034,0.31790193144762074,2410,0.5553941908714045
EURUSD,2,24,1,,1583,-1.02128869235628,-0.6897971375103776,824,-0.9286407766989713,-0.5943324101681233,2407,-0.9895720814291413
EURUSD,2,24,-1,,1583,0.6212886923562798,0.41962979200931144,824,0.5286407766989712,0.33833141383850274,2407,0.5895720814291413
EURUSD,3,24,1,,1580,-0.8343037974683701,-0.5587839426951173,824,-0.9188106796116655,-0.5906253816495691,2404,-0.8632695507487677
EURUSD,3,24,-1,,1580,0.4343037974683693,0.2908796400222997,824,0.5188106796116657,0.33349934045065915,2404,0.463269550748767
EURUSD,4,24,1,,1578,-0.9176806083650215,-0.6049690405933686,820,-0.897804878048793,-0.5643880741152476,2398,-0.9108840700583879
EURUSD,4,24,-1,,1578,0.5176806083650207,0.34127422778863553,820,0.4978048780487926,0.3129356314233176,2398,0.5108840700583872
EURUSD,5,24,1,,1525,-1.09724590163932,-0.7064614352437315,821,-0.8889159561510463,-0.5657044806604803,2346,-1.0243393009377546
EURUSD,5,24,-1,,1525,0.6972459016393194,0.44892155865334954,821,0.48891595615104644,0.3111452158634134,2346,0.6243393009377542
EURUSD,6,24,1,,1529,-0.5739045127534387,-0.3690613813356657,808,-0.3206683168316307,-0.20226319134896498,2337,-0.48635002139493594
EURUSD,6,24,-1,,1529,0.17390451275343755,0.11183295874319643,808,-0.07933168316837018,-0.05003886748544768,2337,0.08635002139493492
EURUSD,7,24,1,,1580,-0.5558860759493226,-0.35655253559754185,821,-0.42241169305726634,-0.2742088394145841,2401,-0.5102457309454166
EURUSD,7,24,-1,,1580,0.1558860759493226,0.09998735001441025,821,0.022411693057265855,0.01454856587437228,2401,0.11024573094541648
EURUSD,8,24,1,,1580,-0.8954430379746575,-0.5781386791175582,820,-0.4718292682926717,-0.3070950214775638,2400,-0.7507083333333123
EURUSD,8,24,-1,,1580,0.4954430379746566,0.31988051881058327,820,0.07182926829267167,0.04675083164907237,2400,0.35070833333331175
EURUSD,9,24,1,,1580,-0.7894936708860993,-0.5063888905170647,820,-0.5754878048780376,-0.37337944623435143,2400,-0.7163750000000115
EURUSD,9,24,-1,,1580,0.3894936708860983,0.24982501460975653,820,0.17548780487803753,0.11385738994092132,2400,0.3163750000000109
EURUSD,10,24,1,,1579,-0.8823939202026737,-0.5722181825101438,820,-0.4947560975609422,-0.3213523335604795,2399,-0.7498957899124612
EURUSD,10,24,-1,,1579,0.48239392020267247,0.3128246534256664,820,0.0947560975609417,0.06154566506690166,2399,0.3498957899124602
EURUSD,11,24,1,,1579,-1.0386320455984723,-0.6813774539109695,820,-0.48634146341461826,-0.32112870686248196,2399,-0.8498541058774384
EURUSD,11,24,-1,,1579,0.6386320455984718,0.41896403934379134,820,0.08634146341461774,0.057010813555316314,2399,0.44985410587743785
EURUSD,12,24,1,,1580,-1.0708860759493681,-0.7020649972632081,820,-0.6018292682926523,-0.3978623501809059,2400,-0.9106249999999904
EURUSD,12,24,-1,,1580,0.6708860759493668,0.4398279533682031,820,0.20182926829265146,0.13342698876379536,2400,0.510624999999989
EURUSD,13,24,1,,1583,-1.0216045483259615,-0.6590676347057554,823,-0.6733900364519858,-0.44543555398922247,2406,-0.9024937655860272
EURUSD,13,24,-1,,1583,0.621604548325961,0.40101567681824263,823,0.2733900364519854,0.18084265544491296,2406,0.5024937655860267
EURUSD,14,24,1,,1583,-1.0354390397978623,-0.6701274803898593,823,-0.6336573511542924,-0.42608165093686456,2406,-0.8980049875311714
EURUSD,14,24,-1,,1583,0.635439039797862,0.4112508282131433,823,0.23365735115429279,0.15711505556117836,2406,0.49800498753117145
EURUSD,15,24,1,,1585,-0.9482649842271079,-0.6196977778066309,823,-0.7154313487241822,-0.47986109738881766,2408,-0.8686877076411829
EURUSD,15,24,-1,,1585,0.5482649842271068,0.35829498929737347,823,0.31543134872418177,0.2115691930742823,2408,0.46868770764118184
EURUSD,16,24,1,,1587,-1.047826086956551,-0.6881361769824177,823,-0.7755771567436587,-0.5076126310335283,2410,-0.9548547717842646
EURUSD,16,24,-1,,1587,0.6478260869565506,0.42544518825884625,823,0.37557715674365827,0.2458139812822678,2410,0.5548547717842642
EURUSD,17,24,1,,1587,-1.2497794580970238,-0.836419352456539,823,-0.7038882138517264,-0.46667216241740933,2410,-1.0633609958506007
EURUSD,17,24,-1,,1587,0.8497794580970235,0.5687179281652122,823,0.3038882138517257,0.20147541484651488,2410,0.6633609958506003
EURUSD,18,24,1,,1587,-1.1754883427851377,-0.7851884192743289,823,-0.823329283110592,-0.5622005962321367,2410,-1.0552282157676474
EURUSD,18,24,-1,,1587,0.7754883427851366,0.5180012798718407,823,0.42332928311059204,0.2890653596919734,2410,0.6552282157676469
EURUSD,19,24,1,,1587,-1.2460617517328312,-0.8224395625236455,823,-0.7764277035236797,-0.5163806462070988,2410,-1.085684647302901
EURUSD,19,24,-1,,1587,0.8460617517328299,0.558427105234133,823,0.37642770352368005,0.2503516810562696,2410,0.6856846473029005
EURUSD,20,24,1,,1587,-1.1558286074354212,-0.7605957787637572,823,-0.7008505467800633,-0.45312246727282424,2410,-1.000456431535272
EURUSD,20,24,-1,,1587,0.7558286074354205,0.4973748223448342,823,0.30085054678006257,0.1945095750637118,2410,0.6004564315352713
EURUSD,21,24,1,,1587,-1.2514177693761401,-0.8117534487162262,823,-0.6425273390036473,-0.4062639692408228,2410,-1.0434854771783968
EURUSD,21,24,-1,,1587,0.8514177693761392,0.5522866364075261,823,0.24252733900364667,0.15334774633220208,2410,0.643485477178396
EURUSD,22,24,1,,1587,-1.1699432892249537,-0.7702401609230226,822,-0.5689781021898005,-0.37084270560159527,2409,-0.9648816936488244
EURUSD,22,24,-1,,1587,0.7699432892249533,0.5068974269574198,822,0.16897810218980028,0.11013481250388217,2409,0.5648816936488238
EURUSD,23,24,1,,1587,-1.1448645242596136,-0.751519651261089,822,-0.90243309002429,-0.5956716548989769,2409,-1.0621419676214086
EURUSD,23,24,-1,,1587,0.7448645242596132,0.48894896788801506,822,0.5024330900242896,0.3316424824390245,2409,0.6621419676214081
GBPUSD,0,1,1,,1586,0.03543505674656555,0.07323597745775604,825,-0.6179393939393734,-0.8313317732363674,2411,-0.18813770219822898
GBPUSD,0,1,-1,,1586,-0.43543505674656535,-0.8999424560904361,825,0.21793939393937328,0.29320018208687654,2411,-0.21186229780177093
GBPUSD,1,1,1,,1586,0.6268600252207022,1.6511596044988366,825,0.06448484848481857,0.11192229668976596,2411,0.4344255495644998
GBPUSD,1,1,-1,,1586,-1.026860025220702,-2.704766175705864,825,-0.4644848484848186,-0.806177144577734,2411,-0.8344255495644998
GBPUSD,2,1,1,,1583,-0.25893872394187567,-0.6751987468168765,825,-0.021818181818136963,-0.04870316419878126,2408,-0.1776993355481529
GBPUSD,2,1,-1,,1583,-0.14106127605812427,-0.3678260067436442,825,-0.37818181818186325,-0.844188179447378,2408,-0.22230066445184715
GBPUSD,3,1,1,,1580,0.5849999999998995,1.748478905743823,825,-1.0814545454546114,-2.3211609050697573,2405,0.013347193347104724
GBPUSD,3,1,-1,,1580,-0.9849999999998994,-2.944020037876557,825,0.6814545454546113,1.4626279543042635,2405,-0.4133471933471047
GBPUSD,4,1,1,,1578,-0.1314955640050696,-0.4295453292890902,822,0.5379562043795612,1.2415459082737232,2400,0.09779166666666644
GBPUSD,4,1,-1,,1578,-0.26850443599493024,-0.8771005109387358,822,-0.9379562043795615,-2.164703517139398,2400,-0.4977916666666664
GBPUSD,5,1,1,,1522,-1.1653088042049404,-5.340667585540657,822,-0.8885644768856416,-2.5234104752848467,2344,-1.0682593856654936
GBPUSD,5,1,-1,,1522,0.7653088042049404,3.5074479046220164,822,0.4885644768856418,1.3874611813723874,2344,0.6682593856654936
GBPUSD,6,1,1,,1532,0.25698433420364186,0.9643461087692535,810,-0.09074074074072098,-0.34123954100359244,2342,0.1367207514944472
GBPUSD,6,1,-1,,1532,-0.6569843342036418,-2.465365401260565,810,-0.3092592592592787,-1.1630000683186923,2342,-0.5367207514944471
GBPUSD,7,1,1,,1580,0.758164556962032,3.3621689007020485,821,1.538367844092594,2.932241716794028,2401,1.0249479383590299
GBPUSD,7,1,-1,,1580,-1.1581645569620318,-5.136015419813557,821,-1.938367844092594,-3.6946709961251,2401,-1.4249479383590296
GBPUSD,8,1,1,,1580,-0.2831645569620697,-0.8293537570460413,821,1.3851400730816719,4.317837136189183,2401,0.2872969596001593
GBPUSD,8,1,-1,,1580,-0.1168354430379302,-0.3421964764206905,821,-1.785140073081672,-5.5647398054861075,2401,-0.6872969596001592
GBPUSD,9,1,1,,1580,0.30892405063287426,1.2915896402098075,821,-1.3161997563946182,-3.5085218875447706,2401,-0.2467721782590755
GBPUSD,9,1,-1,,1580,-0.7089240506328742,-2.963961393155303,821,0.9161997563946183,2.44226370887577,2401,-0.15322782174092445
GBPUSD,10,1,1,,1579,-0.11513616212793407,-0.44858847217634057,821,0.6109622411692852,1.7220433538184459,2400,0.1332499999999897
GBPUSD,10,1,-1,,1579,-0.2848638378720659,-1.1098740087178527,821,-1.0109622411692851,-2.849473651653367,2400,-0.5332499999999897
GBPUSD,11,1,1,,1579,-0.01177960734639084,-0.021084133867237908,821,0.113520097442118,0.3890426906650179,2400,0.031083333333344888
GBPUSD,11,1,-1,,1579,-0.38822039265360897,-0.6948695731533232,821,-0.5135200974421179,-1.7598755191459279,2400,-0.43108333333334464
GBPUSD,12,1,1,,1580,0.07803797468355453,0.4276366085344747,821,-0.504750304506686,-2.1388914060617923,2401,-0.12124114952102166
GBPUSD,12,1,-1,,1580,-0.4780379746835543,-2.6195777001301956,821,0.10475030450668611,0.4438819037676063,2401,-0.27875885047897814
GBPUSD,13,1,1,,1583,-0.4779532533164892,-2.4469389579240124,824,-0.4007281553398946,-1.7220104880176481,2407,-0.4515164104694955
GBPUSD,13,1,-1,,1583,0.07795325331648935,0.39909102221494663,824,0.0007281553398946706,0.0031290317775179467,2407,0.05151641046949558
GBPUSD,14,1,1,,1583,-0.040555906506678105,-0.1312598031535008,824,0.49611650485440256,1.7155894387431325,2407,0.143165766514315
GBPUSD,14,1,-1,,1583,-0.35944409349332185,-1.1633462304400228,824,-0.8961165048544022,-3.098804406966463,2407,-0.5431657665143149
GBPUSD,15,1,1,,1585,-1.1649842271292825,-3.2104924284287395,824,-0.4168689320388758,-0.9046152398838296,2409,-0.9090909090908869
GBPUSD,15,1,-1,,1585,0.7649842271292822,2.1081625071593546,824,0.01686893203887584,0.036605973317072715,2409,0.5090909090908866
GBPUSD,16,1,1,,1587,-0.6120352867045177,-1.2054722773622326,824,-0.929368932038857,-1.4009133603763966,2411,-0.7204894234757726
GBPUSD,16,1,-1,,1587,0.21203528670451763,0.4176273255764913,824,0.529368932038857,0.7979608354612108,2411,0.32048942347577253
GBPUSD,17,1,1,,1587,-0.8018903591682578,-1.3755242379064183,824,-0.25849514563106846,-0.39115910819751215,2411,-0.6161758606387497
GBPUSD,17,1,-1,,1587,0.401890359168258,0.6893834346508968,824,-0.14150485436893145,-0.21412747425272133,2411,0.21617586063874988
GBPUSD,18,1,1,,1587,-0.28809073724009865,-0.6086688091960826,824,0.6127427184465801,1.0103979378967456,2411,0.01978432185812753
GBPUSD,18,1,-1,,1587,-0.11190926275990122,-0.23643827758791172,824,-1.01274271844658,-1.66998827327163,2411,-0.4197843218581275
GBPUSD,19,1,1,,1587,-0.5412098298676197,-1.1909646265266964,824,-0.33762135922329695,-0.5833824540855648,2411,-0.47163002903355833
GBPUSD,19,1,-1,,1587,0.14120982986761973,0.31074068320474524,824,-0.062378640776702965,-0.10778525571531374,2411,0.07163002903355839
GBPUSD,20,1,1,,1587,-0.6587271581601022,-1.3396471896178495,824,-0.6762135922330009,-1.0806697995199328,2411,-0.6647034425549875
GBPUSD,20,1,-1,,1587,0.25872715816010194,0.52617097384461,824,0.27621359223300096,0.44142219377374753,2411,0.26470344255498734
GBPUSD,21,1,1,,1587,-0.1749842470068807,-0.3338531593824743,824,-0.8260922330097278,-1.2393641192824025,2411,-0.3975114060555518
GBPUSD,21,1,-1,,1587,-0.22501575299311927,-0.42930847394865984,824,0.4260922330097279,0.6392547998825637,2411,-0.002488593944448138
GBPUSD,22,1,1,,1586,-0.8083858764186393,-1.5288887615805062,823,1.2812879708383524,1.9345353962809042,2409,-0.09447903694478949
GBPUSD,22,1,-1,,1586,0.4083858764186394,0.7723744254548517,823,-1.6812879708383521,-2.53847001217061,2409,-0.30552096305521037
GBPUSD,23,1,1,,1587,-0.5630749842470517,-1.093863574988957,823,-0.580437424058304,-0.7410135995632819,2410,-0.5690041493776162
GBPUSD,23,1,-1,,1587,0.16307498424705186,0.3167993433384037,823,0.180437424058304,0.230354866098261,2410,0.16900414937761638
GBPUSD,0,2,1,,1586,0.8742749054224908,1.438516191312587,825,-0.36109090909092306,-0.38001515497371013,2411,0.4515553712152878
GBPUSD,0,2,-1,,1586,-1.2742749054224907,-2.0966689907995755,825,-0.038909090909077154,-0.04094825939795673,2411,-0.8515553712152877
GBPUSD,1,2,1,,1586,0.5721941992433899,1.070482978510325,825,0.23818181818186304,0.33875865141562694,2411,0.4579012857735601
GBPUSD,1,2,-1,,1586,-0.9721941992433899,-1.8188184072342235,825,-0.6381818181818628,-0.9076663102814577,2411,-0.8579012857735601
GBPUSD,2,2,1,,1583,0.5183828174352219,1.0069934783049885,825,-0.9343030303030713,-1.488946263251627,2408,0.02068106312289132
GBPUSD,2,2,-1,,1583,-0.9183828174352218,-1.7840203738238194,825,0.5343030303030716,0.851488729685183,2408,-0.4206810631228912
GBPUSD,3,2,1,,1580,0.6688607594935743,1.4632375393564363,825,-0.33660606060612114,-0.5455090433569921,2405,0.3239501039500197
GBPUSD,3,2,-1,,1580,-1.0688607594935744,-2.338300110205605,825,-0.06339393939387884,-0.10273720910168636,2405,-0.7239501039500198
GBPUSD,4,2,1,,1578,-0.9522813688212538,-2.5823631472018977,822,-0.14805352798049473,-0.26790434617653064,2400,-0.6768333333332938
GBPUSD,4,2,-1,,1578,0.5522813688212539,1.4976572055542607,822,-0.2519464720195053,-0.45589967208860827,2400,0.27683333333329385
GBPUSD,5,2,1,,1522,-1.7529566360052422,-4.469643090852173,822,-2.1127737226277317,-5.162269588655859,2344,-1.8791382252559614
GBPUSD,5,2,-1,,1522,1.352956636005242,3.4497335279920436,822,1.7127737226277313,4.184925061247526,2344,1.4791382252559615
GBPUSD,6,2,1,,1532,0.7215404699739214,2.2448162333521884,809,1.1402966625463784,1.95906243642803,2341,0.8662537377189525
GBPUSD,6,2,-1,,1532,-1.1215404699739213,-3.489273794233464,809,-1.5402966625463788,-2.6462739317430404,2341,-1.2662537377189527
GBPUSD,7,2,1,,1580,0.6803164556961587,1.5574849252380312,821,3.2069427527405674,5.692734854440451,2401,1.544273219491852
GBPUSD,7,2,-1,,1580,-1.0803164556961586,-2.473226364209563,821,-3.6069427527405673,-6.402786176632041,2401,-1.9442732194918517
GBPUSD,8,2,1,,1580,0.2290506329113519,0.5488493161662764,821,0.2912302070646283,0.608390754900684,2401,0.2503123698458958
GBPUSD,8,2,-1,,1580,-0.6290506329113519,-1.507326154566796,821,-0.6912302070646282,-1.4440056604186033,2401,-0.6503123698458958
GBPUSD,9,2,1,,1580,0.4043670886075675,1.1429704248515773,821,-0.5049939098660137,-0.9702490891489934,2401,0.09341940857974156
GBPUSD,9,2,-1,,1580,-0.8043670886075676,-2.273596983790764,821,0.10499390986601352,0.20172569099045096,2401,-0.4934194085797416
GBPUSD,10,2,1,,1579,0.07447751741611808,0.10992292156436158,821,0.9213154689403037,1.9831861490198426,2400,0.36416666666668324
GBPUSD,10,2,-1,,1579,-0.4744775174161182,-0.7002912656121593,821,-1.321315468940304,-2.8442098551781267,2400,-0.7641666666666833
GBPUSD,11,2,1,,1579,0.25484483850541,0.39035373779414567,821,-0.19354445797808434,-0.5271608680773725,2400,0.101458333333348
GBPUSD,11,2,-1,,1579,-0.65484483850541,-1.0030461353854887,821,-0.2064555420219155,-0.5623270430403189,2400,-0.5014583333333479
GBPUSD,12,2,1,,1580,-0.18867088607594662,-0.6825657175643054,821,-0.717052375152284,-2.238017394077296,2401,-0.3693461057892632
GBPUSD,12,2,-1,,1580,-0.2113291139240533,-0.7645377158494724,821,0.3170523751522842,0.9895633220287952,2401,-0.030653894210736724
GBPUSD,13,2,1,,1583,-0.31876184459889595,-0.9591941245675364,824,0.2876213592232405,0.7684303203343863,2407,-0.111175737432531
GBPUSD,13,2,-1,,1583,-0.08123815540110406,-0.2444557360668297,824,-0.6876213592232403,-1.8370996603439511,2407,-0.28882426256746896
GBPUSD,14,2,1,,1583,-1.020846493998735,-2.246743762514374,824,0.27390776699032665,0.5142944154780975,2407,-0.5776069796426955
GBPUSD,14,2,-1,,1583,0.6208464939987349,1.3663983724004483,824,-0.6739077669903265,-1.2653419978509772,2407,0.1776069796426956
GBPUSD,15,2,1,,1585,-1.570157728706617,-2.5834312556762278,824,-1.171116504854425,-1.4902933800903582,2409,-1.4336654213366684
GBPUSD,15,2,-1,,1585,1.170157728706617,1.9252983284054694,824,0.7711165048544256,0.9812771126522671,2409,1.0336654213366687
GBPUSD,16,2,1,,1587,-1.217706364209224,-1.5550021025191703,824,-1.0004854368931937,-1.047712329277796,2411,-1.1434674408959062
GBPUSD,16,2,-1,,1587,0.8177063642092243,1.044205034121163,824,0.6004854368931938,0.6288307381448931,2411,0.7434674408959066
GBPUSD,17,2,1,,1587,-0.905482041587902,-1.2106427148450793,824,0.545995145631029,0.6291829570999725,2411,-0.40941518042307445
GBPUSD,17,2,-1,,1587,0.5054820415879026,0.6758368725460848,824,-0.9459951456310286,-1.090126950565555,2411,0.009415180423074994
GBPUSD,18,2,1,,1587,-0.6399495904221607,-0.9784927463369464,824,0.4627427184465969,0.5521311554253541,2411,-0.2630858564910714
GBPUSD,18,2,-1,,1587,0.23994959042216096,0.3668866067399475,824,-0.862742718446597,-1.0293995237133131,2411,-0.13691414350892844
GBPUSD,19,2,1,,1587,-1.005419029615643,-1.478294851653914,824,-0.810922330097088,-0.9667569692009581,2411,-0.9389464952302056
GBPUSD,19,2,-1,,1587,0.6054190296156426,0.8901640094441556,824,0.4109223300970885,0.48988911968189913,2411,0.5389464952302058
GBPUSD,20,2,1,,1587,-0.60497794580973,-0.843587538128563,824,-1.2690533980582688,-1.4306760133198941,2411,-0.8319369556200975
GBPUSD,20,2,-1,,1587,0.20497794580972986,0.28582337897431986,824,0.8690533980582689,0.979733282144384,2411,0.43193695562009743
GBPUSD,21,2,1,,1587,-0.7710144927535684,-1.002154540365581,824,0.6180825242718195,0.6393103649519177,2411,-0.2962671090833404
GBPUSD,21,2,-1,,1587,0.37101449275356857,0.48223977882249847,824,-1.0180825242718199,-1.0530482331792117,2411,-0.10373289091665956
GBPUSD,22,2,1,,1586,-1.1249684741488042,-1.53007065729741,823,0.8685297691372931,0.850681056804416,2409,-0.44391863843919105
GBPUSD,22,2,-1,,1586,0.7249684741488043,0.9860302890710481,823,-1.2685297691372925,-1.2424608608055583,2409,0.043918638439191277
GBPUSD,23,2,1,,1587,-0.3462507876496812,-0.48127734560359675,823,-0.9600243013365427,-0.9428726626741806,2410,-0.5558506224066468
GBPUSD,23,2,-1,,1587,-0.05374921235031853,-0.07470965892622766,823,0.5600243013365428,0.550018997881939,2410,0.155850622406647
GBPUSD,0,3,1,,1586,0.8196090794451784,1.157230628250393,825,-0.18739393939387844,-0.18190296289186028,2411,0.47503110742434806
GBPUSD,0,3,-1,,1586,-1.2196090794451788,-1.7220026188358386,825,-0.21260606060612142,-0.2063763240055097,2411,-0.8750311074243484
GBPUSD,1,3,1,,1586,1.3486128625472655,2.1488744588356408,825,-0.674303030303072,-0.7599007064746318,2411,0.6564081294068557
GBPUSD,1,3,-1,,1586,-1.7486128625472657,-2.786232893865494,825,0.2743030303030721,0.3091237279799115,2411,-1.0564081294068557
GBPUSD,2,3,1,,1583,0.5970941250789429,1.0115253679850764,825,-0.18945454545458124,-0.26827129252512905,2408,0.3276162790697413
GBPUSD,2,3,-1,,1583,-0.9970941250789425,-1.6891574701943148,825,-0.21054545454541873,-0.29813642681764674,2408,-0.727616279069741
GBPUSD,3,3,1,,1580,-0.14981012658233755,-0.30715295812848326,825,-0.9820606060606238,-1.3786617814972324,2405,-0.4353014553015003
GBPUSD,3,3,-1,,1580,-0.2501898734176624,-0.5129597141872111,825,0.5820606060606239,0.8171234108553188,2405,0.03530145530150027
GBPUSD,4,3,1,,1578,-1.489733840304175,-2.9824111156148643,822,-1.3693430656933872,-2.3724190346044773,2400,-1.4484999999999801
GBPUSD,4,3,-1,,1578,1.0897338403041748,2.1816207905442013,822,0.9693430656933869,1.6794096364364093,2400,1.0484999999999798
GBPUSD,5,3,1,,1522,-1.295466491458556,-3.223322536228698,821,-0.8252131546893962,-1.2064135029198708,2343,-1.1306871532223288
GBPUSD,5,3,-1,,1522,0.8954664914585561,2.2280601940589415,821,0.42521315468939586,0.6216368322794441,2343,0.7306871532223288
GBPUSD,6,3,1,,1532,0.6266318537858798,1.3647261679834775,809,2.716687268232396,4.347679303982838,2341,1.3489107219137018
GBPUSD,6,3,-1,,1532,-1.02663185378588,-2.235876371879627,809,-3.1166872682323965,-4.987823549486907,2341,-1.7489107219137023
GBPUSD,7,3,1,,1580,1.1925316455695805,2.4121306535327793,821,2.1130328867235235,3.3847827048469643,2401,1.5072886297375885
GBPUSD,7,3,-1,,1580,-1.5925316455695804,-3.2212096117287072,821,-2.513032886723524,-4.025526675490114,2401,-1.9072886297375886
GBPUSD,8,3,1,,1580,0.3244936708860452,0.6227330402344181,821,1.102436053593233,1.7632729768183744,2401,0.5905039566847129
GBPUSD,8,3,-1,,1580,-0.7244936708860453,-1.3903696336188334,821,-1.5024360535932328,-2.4030463119052436,2401,-0.9905039566847129
GBPUSD,9,3,1,,1580,0.5937341772151997,0.8113813955208522,821,-0.19464068209499527,-0.3214525566929037,2401,0.3241566014160868
GBPUSD,9,3,-1,,1580,-0.9937341772151999,-1.358010797470719,821,-0.20535931790500467,-0.339154574833726,2401,-0.7241566014160868
GBPUSD,10,3,1,,1579,0.34110196326791914,0.44631573598385943,821,0.6142509135201013,1.2239499468473563,2400,0.4345416666666864
GBPUSD,10,3,-1,,1579,-0.7411019632679192,-0.9696967587231511,821,-1.0142509135201012,-2.0209857639099567,2400,-0.8345416666666864
GBPUSD,11,3,1,,1579,-0.011906269790988038,-0.016594438494006124,821,-0.4058465286236825,-0.9896583689774824,2400,-0.14666666666667225
GBPUSD,11,3,-1,,1579,-0.388093730209012,-0.5409080802735967,821,0.005846528623682631,0.014256783226693544,2400,-0.25333333333332775
GBPUSD,12,3,1,,1580,-0.03189873417724358,-0.09403161844147856,821,-0.06467722289890675,-0.15081056805197718,2401,-0.04310703873388059
GBPUSD,12,3,-1,,1580,-0.3681012658227563,-1.085095025506171,821,-0.3353227771010931,-0.7818860524426934,2401,-0.3568929612661193
GBPUSD,13,3,1,,1583,-1.2990524320909524,-2.7366662537417508,824,0.06541262135916485,0.1101084296724676,2407,-0.8319484835895413
GBPUSD,13,3,-1,,1583,0.8990524320909526,1.8940008813096876,824,-0.46541262135916467,-0.7834245413622214,2407,0.4319484835895414
GBPUSD,14,3,1,,1583,-1.4272267845862736,-2.031432723659766,824,-0.4803398058252223,-0.5928873985931606,2407,-1.1030743664312648
GBPUSD,14,3,-1,,1583,1.0272267845862737,1.4620956720856841,824,0.08033980582522263,0.09916408738468693,2407,0.703074366431265
GBPUSD,15,3,1,,1585,-2.1673817034700043,-2.5638978526607668,824,-1.2422330097087615,-1.1770849106597754,2409,-1.85093399750933
GBPUSD,15,3,-1,,1585,1.7673817034700048,2.090719021529004,824,0.8422330097087621,0.798062649470391,2409,1.4509339975093307
GBPUSD,16,3,1,,1587,-1.3212980466288686,-1.461628311166359,824,-0.1959951456310961,-0.17756725235281082,2411,-0.9367067606802314
GBPUSD,16,3,-1,,1587,0.9212980466288686,1.0191457645840716,824,-0.20400485436890378,-0.18482387071516454,2411,0.5367067606802314
GBPUSD,17,3,1,,1587,-1.2573408947699645,-1.439573326701069,824,0.395995145631046,0.38433262262538037,2411,-0.6922853587722736
GBPUSD,17,3,-1,,1587,0.8573408947699647,0.981599412804172,824,-0.7959951456310457,-0.7725521519460433,2411,0.29228535877227385
GBPUSD,18,3,1,,1587,-1.104158790170184,-1.3310432347394439,824,-0.010558252427194317,-0.010070393058989211,2411,-0.7304023226877188
GBPUSD,18,3,-1,,1587,0.7041587901701839,0.8488505477494538,824,-0.38944174757280586,-0.3714470267386831,2411,0.33040232268771874
GBPUSD,19,3,1,,1587,-0.9516698172652704,-1.0919820936450968,824,-1.4037621359223558,-1.3368739269164844,2411,-1.1061800082953155
GBPUSD,19,3,-1,,1587,0.5516698172652704,0.6330069012688042,824,1.0037621359223563,0.9559336257911584,2411,0.7061800082953155
GBPUSD,20,3,1,,1587,-1.2010081915564175,-1.2977486339483804,824,0.17512135922327887,0.15548960982824442,2411,-0.7306926586478859
GBPUSD,20,3,-1,,1587,0.8010081915564171,0.8655288895462724,824,-0.5751213592232786,-0.5106481365045838,2411,0.33069265864788566
GBPUSD,21,3,1,,1587,-1.082419659735322,-1.1671755566786903,824,0.21116504854369855,0.1668193534628525,2411,-0.6403152218996053
GBPUSD,21,3,-1,,1587,0.6824196597353223,0.7358546558871831,824,-0.6111650485436985,-0.4828173931258051,2411,0.24031522189960547
GBPUSD,22,3,1,,1586,-0.9129886506935528,-1.0269956091066699,823,0.4863912515188346,0.4007009407920785,2409,-0.4349107513490967
GBPUSD,22,3,-1,,1586,0.5129886506935526,0.5770467041223584,823,-0.8863912515188348,-0.7302306677687261,2409,0.03491075134909648
GBPUSD,23,3,1,,1587,0.5044108380592147,0.635555867141483,823,-0.7291616038882163,-0.620674152412999,2410,0.08315352697094265
GBPUSD,23,3,-1,,1587,-0.9044108380592142,-1.139554448604851,823,0.32916160388821647,0.28018768186749243,2410,-0.4831535269709422
GBPUSD,0,4,1,,1586,1.5960277427490543,2.063143371617566,825,-1.0998787878788134,-0.916198744949723,2411,0.6735379510576438
GBPUSD,0,4,-1,,1586,-1.9960277427490538,-2.5802129228182062,825,0.6998787878788136,0.5829988487260053,2411,-1.0735379510576435
GBPUSD,1,4,1,,1586,1.4335435056746362,2.0754425866949897,825,0.07054545454541815,0.07452455849851364,2411,0.9671505599336138
GBPUSD,1,4,-1,,1586,-1.833543505674636,-2.6545509509628102,825,-0.47054545454541796,-0.4970864881294789,2411,-1.3671505599336136
GBPUSD,2,4,1,,1583,-0.24365129500946292,-0.3983411725110527,825,-0.8349090909090838,-1.0330762554635822,2408,-0.4462209302325474
GBPUSD,2,4,-1,,1583,-0.15634870499053705,-0.25561171946201383,825,0.43490909090908425,0.5381355407379946,2408,0.04622093023254749
GBPUSD,3,4,1,,1580,-0.6879113924051524,-1.1387697922912556,825,-2.2699393939394086,-3.1932232823218993,2405,-1.2306029106029743
GBPUSD,3,4,-1,,1580,0.2879113924051524,0.4766090519030135,825,1.8699393939394087,2.63052574231751,2405,0.8306029106029742
GBPUSD,4,4,1,,1578,-1.0508871989860138,-2.092512080825502,821,-0.029841656516399605,-0.03677496873516616,2399,-0.7014589412254665
GBPUSD,4,4,-1,,1578,0.6508871989860139,1.296037603700065,821,-0.37015834348360055,-0.45615971422998813,2399,0.3014589412254664
GBPUSD,5,4,1,,1522,-1.3094612352168313,-2.373994675510446,821,0.5381242387332494,0.7437668222696104,2343,-0.6620571916346647
GBPUSD,5,4,-1,,1522,0.9094612352168315,1.6488125588768552,821,-0.9381242387332491,-1.2966256371934246,2343,0.26205719163466495
GBPUSD,6,4,1,,1532,1.0778720626631781,2.147478456105469,809,1.8584672435105212,2.8418392454999264,2341,1.3476292182827851
GBPUSD,6,4,-1,,1532,-1.4778720626631785,-2.944411053393328,809,-2.2584672435105215,-3.4534915101116788,2341,-1.7476292182827857
GBPUSD,7,4,1,,1580,1.2879746835442736,2.167929855400528,821,2.9242387332521282,3.89572162948342,2401,1.8474802165764057
GBPUSD,7,4,-1,,1580,-1.6879746835442733,-2.8412132306404128,821,-3.324238733252128,-4.428608576801962,2401,-2.247480216576405
GBPUSD,8,4,1,,1580,0.5138607594936774,0.5441873295793302,821,1.412789281364251,1.9916250515452598,2401,0.8212411495210581
GBPUSD,8,4,-1,,1580,-0.9138607594936774,-0.9677941682221832,821,-1.8127892813642512,-2.555509582045678,2401,-1.2212411495210582
GBPUSD,9,4,1,,1580,0.8646835443038032,1.0624271891590453,821,-0.5017052375151976,-0.808989528024513,2401,0.3974593919200466
GBPUSD,9,4,-1,,1580,-1.2646835443038036,-1.5539028029407118,821,0.10170523751519764,0.1639976343530764,2401,-0.7974593919200468
GBPUSD,10,4,1,,1579,0.07435085497152123,0.0903393985086509,821,0.40194884287450294,0.7439213059204035,2400,0.18641666666666623
GBPUSD,10,4,-1,,1579,-0.47435085497152135,-0.5763561284749913,821,-0.801948842874503,-1.484235720660661,2400,-0.5864166666666664
GBPUSD,11,4,1,,1579,0.14046865104495276,0.23555751175954176,821,0.24652862362969463,0.48038897087407134,2400,0.1767499999999832
GBPUSD,11,4,-1,,1579,-0.5404686510449528,-0.9063335461479083,821,-0.6465286236296943,-1.2598343168971002,2400,-0.5767499999999831
GBPUSD,12,4,1,,1580,-1.0208860759493494,-2.0966183298148997,821,-0.3025578562728391,-0.4820978816506179,2401,-0.7752603082049034
GBPUSD,12,4,-1,,1580,0.6208860759493499,1.2751286928384349,821,-0.09744214372716099,-0.15526501824496333,2401,0.3752603082049036
GBPUSD,13,4,1,,1583,-1.7054327226784916,-2.391537688878208,824,-0.6888349514563851,-0.8092287854268789,2407,-1.3574158703781112
GBPUSD,13,4,-1,,1583,1.3054327226784916,1.830615488412359,824,0.2888349514563847,0.3393172144672758,2407,0.957415870378111
GBPUSD,14,4,1,,1583,-2.032280480101099,-2.20335493027014,824,-0.5514563106795595,-0.5157234089500223,2407,-1.5253427503115897
GBPUSD,14,4,-1,,1583,1.6322804801010995,1.7696835051210824,824,0.1514563106795595,0.1416423447115905,2407,1.1253427503115903
GBPUSD,15,4,1,,1585,-2.2394321766561087,-2.36467002005392,824,-0.4377427184466645,-0.37006063973442105,2409,-1.6231631382316247
GBPUSD,15,4,-1,,1585,1.839432176656109,1.9423004489272226,824,0.03774271844666461,0.0319070859322372,2409,1.223163138231625
GBPUSD,16,4,1,,1587,-1.6731568998109307,-1.6628554731541592,824,-0.3459951456310789,-0.277212718974174,2411,-1.2195769390294302
GBPUSD,16,4,-1,,1587,1.2731568998109306,1.2653182252506148,824,-0.054004854368921,-0.04326890913485735,2411,0.8195769390294301
GBPUSD,17,4,1,,1587,-1.7215500945179876,-1.7164981932605534,824,-0.07730582524274547,-0.06406774244821124,2411,-1.1596018249689208
GBPUSD,17,4,-1,,1587,1.3215500945179874,1.3176719961660908,824,-0.3226941747572547,-0.2674350505019152,2411,0.7596018249689209
GBPUSD,18,4,1,,1587,-1.0504095778198115,-1.060201473021557,824,-0.603398058252462,-0.49624217652886793,2411,-0.8976358357528285
GBPUSD,18,4,-1,,1587,0.6504095778198115,0.6564726817353735,824,0.20339805825246232,0.1672771294976827,2411,0.4976358357528286
GBPUSD,19,4,1,,1587,-1.5477000630119575,-1.4692518880914538,824,0.040412621359191825,0.0323779550082546,2411,-1.0049357113231034
GBPUSD,19,4,-1,,1587,1.1477000630119578,1.0895266627187385,824,-0.4404126213591917,-0.35285164782294,2411,0.6049357113231036
GBPUSD,20,4,1,,1587,-1.512413358538171,-1.420811102623108,824,-0.23179611650484222,-0.16359330930389973,2411,-1.0747407714641506
GBPUSD,20,4,-1,,1587,1.1124133585381704,1.0450378804144915,824,-0.1682038834951578,-0.11871221292944154,2411,0.6747407714641503
GBPUSD,21,4,1,,1587,-0.8406427221171564,-0.797470932220387,824,-0.17791262135920338,-0.12600159578821823,2411,-0.6141435089174246
GBPUSD,21,4,-1,,1587,0.4406427221171561,0.4180132095807576,824,-0.2220873786407965,-0.15728712161833952,2411,0.21414350891742445
GBPUSD,22,4,1,,1586,-0.09174022698610203,-0.09665923621266487,823,0.7280680437423742,0.5396863479312467,2409,0.1883354088833608
GBPUSD,22,4,-1,,1586,-0.3082597730138983,-0.32478832016762665,823,-1.1280680437423742,-0.8361895951591741,2409,-0.588335408883361
GBPUSD,23,4,1,,1587,0.4424700693131414,0.5087098563734149,823,-0.5443499392465863,-0.4437359675943196,2410,0.10547717842324274
GBPUSD,23,4,-1,,1587,-0.8424700693131417,-0.9685916803920203,823,0.14434993924658676,0.11766926997809363,2410,-0.5054771784232428
GBPUSD,0,6,1,,1586,0.8443253467844014,1.0010521878348086,825,-1.0004848484848257,-0.7830979364015569,2411,0.21306511820824528
GBPUSD,0,6,-1,,1586,-1.2443253467844015,-1.4753016897109748,825,0.6004848484848258,0.47001056178013745,2411,-0.6130651182082454
GBPUSD,1,6,1,,1586,0.06286254728876824,0.0793796292599377,825,-1.862787878787869,-1.8749862749354527,2411,-0.5960597262546683
GBPUSD,1,6,-1,,1586,-0.46286254728876836,-0.5844792962861298,825,1.462787878787869,1.4723668900260938,2411,0.19605972625466836
GBPUSD,2,6,1,,1583,-0.3020214782059205,-0.42444590257141757,824,-0.7717233009708655,-0.8037392858725616,2407,-0.4628167843788805
GBPUSD,2,6,-1,,1583,-0.09797852179407954,-0.13769412149935692,824,0.3717233009708655,0.3871447448698896,2407,0.06281678437888044
GBPUSD,3,6,1,,1580,-0.19822784810138205,-0.27995509850382266,824,0.44635922330094757,0.4819611230644768,2404,0.02271214642254457
GBPUSD,3,6,-1,,1580,-0.20177215189861814,-0.2849606813630747,824,-0.8463592233009474,-0.9138653812538724,2404,-0.4227121464225446
GBPUSD,4,6,1,,1578,-0.582192648922676,-0.9060638409587697,821,0.45322777101100387,0.5470333912698485,2399,-0.22784493538972428
GBPUSD,4,6,-1,,1578,0.18219264892267606,0.2835456125782471,821,-0.8532277710110036,-1.029822334277109,2399,-0.17215506461027555
GBPUSD,5,6,1,,1522,-0.9629434954007665,-1.4346667005782923,821,0.519853836784387,0.6189217639145083,2343,-0.4433632095603862
GBPUSD,5,6,-1,,1522,0.5629434954007665,0.8387161770301998,821,-0.9198538367843869,-1.0951492879762075,2343,0.043363209560386216
GBPUSD,6,6,1,,1532,1.3629895561357934,1.3412612810077709,809,2.856983930778746,3.3815085751173237,2341,1.8792823579666986
GBPUSD,6,6,-1,,1532,-1.7629895561357931,-1.7348846290282427,809,-3.2569839307787465,-3.854946110230881,2341,-2.2792823579666983
GBPUSD,7,6,1,,1580,1.7482911392405096,1.5804906777470598,821,2.927527405602944,3.5684951320971954,2401,2.151520199916711
GBPUSD,7,6,-1,,1580,-2.1482911392405093,-1.942098797189604,821,-3.3275274056029445,-4.056073164708267,2401,-2.5515201999167108
GBPUSD,8,6,1,,1580,0.5160759493670833,0.4810426280651165,821,0.8934226552984504,1.1741079789021618,2401,0.6451062057476133
GBPUSD,8,6,-1,,1580,-0.9160759493670831,-0.8538890113581711,821,-1.2934226552984505,-1.69977540940176,2401,-1.0451062057476133
GBPUSD,9,6,1,,1580,0.7593037974683207,1.0235048649899605,821,-0.06163215590741867,-0.08550249333582276,2401,0.47859225322780335
GBPUSD,9,6,-1,,1580,-1.1593037974683205,-1.562685555724047,821,-0.33836784409258136,-0.46941882704934207,2401,-0.8785922532278032
GBPUSD,10,6,1,,1579,-0.7607346421785594,-0.9400802598543874,821,0.8164433617539478,1.0523473080928283,2400,-0.2212083333333142
GBPUSD,10,6,-1,,1579,0.36073464217855944,0.4457789843598336,821,-1.216443361753948,-1.5679237007195468,2400,-0.1787916666666858
GBPUSD,11,6,1,,1579,-1.2670677644078647,-1.5853017011914607,821,-0.7378806333739746,-0.7957058523847252,2400,-1.0860416666666883
GBPUSD,11,6,-1,,1579,0.8670677644078651,1.0848385860455037,821,0.3378806333739751,0.3643592001511018,2400,0.6860416666666885
GBPUSD,12,6,1,,1580,-2.0229113924050734,-2.2099055075995904,821,-1.0719853836784254,-0.9550454097405267,2401,-1.697750937109539
GBPUSD,12,6,-1,,1580,1.6229113924050735,1.7729302617442204,821,0.671985383678426,0.5986803233199004,2401,1.2977509371095395
GBPUSD,13,6,1,,1583,-2.3869867340492705,-2.325817210708543,824,0.044538834951376206,0.036385211736507474,2407,-1.5545907769007317
GBPUSD,13,6,-1,,1583,1.9869867340492704,1.9360677114705576,824,-0.4445388349513763,-0.36315812150147847,2407,1.1545907769007315
GBPUSD,14,6,1,,1583,-2.4331648768161402,-2.220210197297445,824,0.10303398058255502,0.07744621065360226,2407,-1.5649356044868818
GBPUSD,14,6,-1,,1583,2.0331648768161403,1.8552188695905205,824,-0.5030339805825552,-0.37810900254311586,2407,1.1649356044868817
GBPUSD,15,6,1,,1585,-3.0353312302838966,-2.592490225130314,824,-1.0610436893204385,-0.7242776332696145,2409,-2.3600249066002563
GBPUSD,15,6,-1,,1585,2.6353312302838967,2.250848403735047,824,0.6610436893204383,0.45123416086237006,2409,1.9600249066002562
GBPUSD,16,6,1,,1587,-2.0836168872085814,-1.6664187726260429,824,-1.4121359223301377,-0.9180562571353331,2411,-1.854126918291187
GBPUSD,16,6,-1,,1587,1.6836168872085808,1.346509909752783,824,1.0121359223301376,0.6580086958154661,2411,1.454126918291187
GBPUSD,17,6,1,,1587,-2.263831127914302,-1.769277662984575,824,0.7740291262135346,0.5111952750576203,2411,-1.2255910410618187
GBPUSD,17,6,-1,,1587,1.8638311279143018,1.4566611181958065,824,-1.174029126213535,-0.7753689386810201,2411,0.8255910410618184
GBPUSD,18,6,1,,1587,-1.957844990548252,-1.5303399908115718,824,0.4338592233009649,0.2665517376373308,2411,-1.1404396515968813
GBPUSD,18,6,-1,,1587,1.5578449905482512,1.2176819411295003,824,-0.8338592233009645,-0.5123012557499612,2411,0.7404396515968809
GBPUSD,19,6,1,,1587,-1.6173282923755452,-1.2550382101350137,824,-0.755582524271831,-0.44270531494329984,2411,-1.3228121111571876
GBPUSD,19,6,-1,,1587,1.2173282923755446,0.944640323434694,824,0.3555825242718305,0.20834027831414076,2411,0.9228121111571868
GBPUSD,20,6,1,,1587,-0.44291115311911233,-0.36807908439969095,824,-0.37985436893204827,-0.22379954977864144,2411,-0.42136043135629986
GBPUSD,20,6,-1,,1587,0.04291115311911177,0.03566109780570355,824,-0.020145631067951364,-0.011869241298158301,2411,0.02136043135629965
GBPUSD,21,6,1,,1587,-0.08487712665401745,-0.0733381942620276,824,0.1234223300971469,0.07831424018045562,2411,-0.013687266694266549
GBPUSD,21,6,-1,,1587,-0.31512287334598255,-0.27228233816232883,824,-0.5234223300971463,-0.3321232231053886,2411,-0.38631273330573324
GBPUSD,22,6,1,,1586,0.6152585119798043,0.5736571702286463,823,0.11543134872414074,0.07653716263176036,2409,0.44449979244497195
GBPUSD,22,6,-1,,1586,-1.0152585119798043,-0.9466107557923525,823,-0.5154313487241411,-0.34175857250948727,2409,-0.8444997924449721
GBPUSD,23,6,1,,1587,1.3069313169501655,1.336776211536064,823,-0.7048602673147129,-0.5035736659875979,2410,0.6199170124480929
GBPUSD,23,6,-1,,1587,-1.7069313169501656,-1.7459105537004387,823,0.3048602673147136,0.21780147008497006,2410,-1.0199170124480927
GBPUSD,0,8,1,,1586,0.7957755359395128,0.8844885891533076,824,-0.9262135922329843,-0.7077416341723785,2410,0.2070124481328167
GBPUSD,0,8,-1,,1586,-1.1957755359395126,-1.3290805873775595,824,0.5262135922329844,0.4020922072551585,2410,-0.6070124481328165
GBPUSD,1,8,1,,1586,0.5891551071878555,0.6747717620243333,824,0.8430825242718464,0.738433329249311,2410,0.675975103734415
GBPUSD,1,8,-1,,1586,-0.9891551071878556,-1.1329001929193088,824,-1.243082524271847,-1.0887825811862233,2410,-1.0759751037344154
GBPUSD,2,8,1,,1583,0.11187618445986885,0.1320744532226189,824,-0.24927184466018565,-0.24995817867863396,2407,-0.011757374324894303
GBPUSD,2,8,-1,,1583,-0.5118761844598687,-0.6042909624297069,824,-0.15072815533981437,-0.1511431635437642,2407,-0.38824262567510553
GBPUSD,3,8,1,,1580,0.11335443037966784,0.14037164104453456,824,0.4385922330096637,0.4326638304557722,2404,0.22483361064885113
GBPUSD,3,8,-1,,1580,-0.5133544303796675,-0.6357087551718802,824,-0.8385922330096641,-0.8272570748338501,2404,-0.6248336106488511
GBPUSD,4,8,1,,1578,-0.35963244613431383,-0.3433856561631555,821,1.410840438489682,1.4351089020298555,2399,0.24626927886622826
GBPUSD,4,8,-1,,1578,-0.04036755386568625,-0.038543905370243534,821,-1.8108404384896815,-1.8419894713353828,2399,-0.6462692788662282
GBPUSD,5,8,1,,1522,-0.4205650459920758,-0.36795526673761353,821,0.2942752740560354,0.32189269677695226,2343,-0.17008109261627583
GBPUSD,5,8,-1,,1522,0.020565045992075197,0.017992500935581548,821,-0.6942752740560351,-0.759432273025085,2343,-0.22991890738372442
GBPUSD,6,8,1,,1532,1.3285248041775704,1.16645655150473,809,2.3541409147094945,2.7066966837872326,2341,1.6829560017086793
GBPUSD,6,8,-1,,1532,-1.7285248041775703,-1.5176600963197868,809,-2.7541409147094944,-3.166600620187105,2341,-2.0829560017086797
GBPUSD,7,8,1,,1580,1.6429113924050265,1.6387983046329901,821,3.3676004872107232,3.760406371553077,2401,2.2326530612244673
GBPUSD,7,8,-1,,1580,-2.0429113924050264,-2.03779689024362,821,-3.7676004872107227,-4.2070634362297366,2401,-2.632653061224467
GBPUSD,8,8,1,,1580,-0.30101265822783824,-0.29200304230146223,821,1.3079171741778952,1.3851093960870797,2401,0.2491461890879082
GBPUSD,8,8,-1,,1580,-0.09898734177216116,-0.09602454965507666,821,-1.7079171741778953,-1.8087170750542756,2401,-0.6491461890879079
GBPUSD,9,8,1,,1580,-0.6446835443038301,-0.7176295170891955,821,-1.0460414129110882,-0.9430759997507998,2401,-0.7819241982507518
GBPUSD,9,8,-1,,1580,0.2446835443038302,0.2723694986321481,821,0.6460414129110882,0.5824493598833553,2401,0.3819241982507518
GBPUSD,10,8,1,,1579,-1.7808739708676309,-1.7538477560114203,821,0.047015834348361506,0.038299838844243185,2400,-1.1555833333333267
GBPUSD,10,8,-1,,1579,1.380873970867631,1.359918082221656,821,-0.44701583434836134,-0.36414613616154606,2400,0.755583333333327
GBPUSD,11,8,1,,1579,-1.9303989867004194,-1.8423168616884722,821,0.09232643118143961,0.07234251990986258,2400,-1.2384583333333334
GBPUSD,11,8,-1,,1579,1.530398986700419,1.4605684512549384,821,-0.49232643118143954,-0.38576314706567794,2400,0.8384583333333333
GBPUSD,12,8,1,,1580,-2.4074050632910913,-2.1739018576555917,821,-0.32971985383679386,-0.2412354876041821,2401,-1.696959600166569
GBPUSD,12,8,-1,,1580,2.007405063291091,1.812699351138684,821,-0.0702801461632063,-0.05141960707336189,2401,1.2969596001665684
GBPUSD,13,8,1,,1583,-3.1818066961465807,-2.608376843466177,824,-0.5787621359223981,-0.3842463113559787,2407,-2.290693809721684
GBPUSD,13,8,-1,,1583,2.781806696146581,2.2804654280272536,824,0.17876213592239765,0.11868207519972825,2407,1.8906938097216839
GBPUSD,14,8,1,,1583,-2.855527479469373,-2.151326653673197,824,-0.9631067961165032,-0.5905040097394714,2407,-2.207685916078112
GBPUSD,14,8,-1,,1583,2.4555274794693736,1.8499705407811629,824,0.5631067961165032,0.34525436053315817,2407,1.8076859160781125
GBPUSD,15,8,1,,1585,-3.562460567823298,-2.492626070430332,824,-0.2097087378641582,-0.11978217070866952,2409,-2.415649647156494
GBPUSD,15,8,-1,,1585,3.1624605678232975,2.2127491681629357,824,-0.19029126213584197,-0.10869122897629767,2409,2.0156496471564935
GBPUSD,16,8,1,,1587,-2.991052299937022,-2.021910192884046,824,-0.3748786407767111,-0.19745723492268727,2411,-2.09693073413524
GBPUSD,16,8,-1,,1587,2.591052299937021,1.7515156975518682,824,-0.025121359223289574,-0.013231999879888769,2411,1.6969307341352389
GBPUSD,17,8,1,,1587,-2.3334593572778894,-1.5917120179925335,824,-0.021966019417488034,-0.011439091086741621,2411,-1.5434674408959026
GBPUSD,17,8,-1,,1587,1.9334593572778895,1.3188618373321164,824,-0.37803398058251325,-0.19686612560872457,2411,1.143467440895902
GBPUSD,18,8,1,,1587,-0.8883427851291936,-0.644470245325181,824,0.28580097087375916,0.14704429533490326,2411,-0.4870593114890306
GBPUSD,18,8,-1,,1587,0.4883427851291922,0.3542803519130534,824,-0.6858009708737598,-0.35284386961256275,2411,0.08705931148902944
GBPUSD,19,8,1,,1587,-0.8615626969124058,-0.6306391865072468,824,-0.45424757281548067,-0.24753115652334806,2411,-0.7223558689340291
GBPUSD,19,8,-1,,1587,0.4615626969124057,0.3378506575854272,824,0.05424757281548119,0.02956089419338549,2411,0.3223558689340292
GBPUSD,20,8,1,,1587,0.25349716446118314,0.192994165045941,824,-1.1196601941747737,-0.6156397543614258,2411,-0.21580257154712393
GBPUSD,20,8,-1,,1587,-0.653497164461184,-0.4975248535152295,824,0.7196601941747731,0.39570168473480183,2411,-0.18419742845287676
GBPUSD,21,8,1,,1587,0.7872085696282475,0.6363701671184064,824,0.04563106796114293,0.027053315467041823,2411,0.5337619245126547
GBPUSD,21,8,-1,,1587,-1.1872085696282482,-0.9597254717584095,824,-0.4456310679611436,-0.26420152764633226,2411,-0.9337619245126554
GBPUSD,22,8,1,,1586,-0.13089533417400143,-0.11570494082147569,823,0.2405832320777711,0.15501071049350856,2409,-0.003985056039834217
GBPUSD,22,8,-1,,1586,-0.2691046658259986,-0.23787509028235915,823,-0.6405832320777712,-0.41273558874836513,2409,-0.39601494396016584
GBPUSD,23,8,1,,1587,-0.07359798361693386,-0.06901031409537478,823,-2.60814094775209,-1.8867254068690418,2410,-0.9391286307054124
GBPUSD,23,8,-1,,1587,-0.3264020163830663,-0.30605601627890744,823,2.20814094775209,1.597365982717494,2410,0.5391286307054124
GBPUSD,0,12,1,,1586,1.4235182849937305,1.1023894704582715,824,0.5618932038835118,0.38866408366624045,2410,1.1289211618257553
GBPUSD,0,12,-1,,1586,-1.8235182849937313,-1.4121542222227714,824,-0.9618932038835116,-0.6653459021897588,2410,-1.5289211618257557
GBPUSD,1,12,1,,1586,1.4025220680958699,1.1041948627738538,824,0.5519417475728259,0.4342799246924791,2410,1.1117012448133021
GBPUSD,1,12,-1,,1586,-1.8025220680958702,-1.4191117936063113,824,-0.9519417475728262,-0.7490087355514029,2410,-1.5117012448133025
GBPUSD,2,12,1,,1583,0.2967150979153518,0.2322024637198234,824,0.22621359223297505,0.20168234136207808,2407,0.27257997507269355
GBPUSD,2,12,-1,,1583,-0.6967150979153517,-0.5452333345467163,824,-0.6262135922329743,-0.5583051938993688,2407,-0.6725799750726932
GBPUSD,3,12,1,,1580,0.5031012658226773,0.4589759327200586,824,0.6002427184465706,0.52429950695474,2404,0.5363976705490036
GBPUSD,3,12,-1,,1580,-0.9031012658226774,-0.8238932675787063,824,-1.0002427184465703,-0.8736911719209576,2404,-0.9363976705490035
GBPUSD,4,12,1,,1578,-1.1754752851710704,-1.054184089632677,821,1.1158343483556967,0.9565895784026095,2399,-0.39132972071693295
GBPUSD,4,12,-1,,1578,0.77547528517107,0.69545801416976,821,-1.515834348355697,-1.2995041265386296,2399,-0.008670279283067467
GBPUSD,5,12,1,,1522,-2.349277266754254,-2.031029874722837,821,-0.33885505481123157,-0.2627425998094358,2343,-1.6448143405889868
GBPUSD,5,12,-1,,1522,1.9492772667542542,1.685216308403542,821,-0.06114494518876831,-0.047410778254590585,2343,1.2448143405889867
GBPUSD,6,12,1,,1532,-0.32193211488249734,-0.2645923954262369,809,1.9962917181706055,1.3890408012365312,2341,0.47919692439130024
GBPUSD,6,12,-1,,1532,-0.07806788511750269,-0.06416311940994032,809,-2.396291718170606,-1.6673650137938913,2341,-0.8791969243913005
GBPUSD,7,12,1,,1580,-0.4342405063291132,-0.34013087200475256,821,3.213398294762468,2.182193323221869,2401,0.8130362349021187
GBPUSD,7,12,-1,,1580,0.034240506329112894,0.026819822439085546,821,-3.6133982947624688,-2.4538301541467678,2401,-1.213036234902119
GBPUSD,8,12,1,,1580,-1.7177848101265427,-1.2369701201363266,821,1.280755176613941,0.8116005949013385,2401,-0.6924614743856277
GBPUSD,8,12,-1,,1580,1.3177848101265421,0.9489316853232477,821,-1.680755176613941,-1.0650762348115506,2401,0.2924614743856273
GBPUSD,9,12,1,,1580,-2.0908860759493915,-1.510748714031389,821,-0.7704019488428722,-0.46768170304970486,2401,-1.6393586005831058
GBPUSD,9,12,-1,,1580,1.690886075949391,1.2217327353209435,821,0.37040194884287164,0.22485692632002305,2401,1.2393586005831052
GBPUSD,10,12,1,,1579,-2.572894236858749,-1.7519488006592605,821,-0.2371498172960246,-0.13692597149332023,2400,-1.7738750000000005
GBPUSD,10,12,-1,,1579,2.172894236858749,1.4795786774631798,821,-0.16285018270397558,-0.09402672002387558,2400,1.3738750000000002
GBPUSD,11,12,1,,1579,-3.278974034198835,-2.1461951739558933,821,0.45943970767350406,0.25385479187092996,2400,-2.000125000000006
GBPUSD,11,12,-1,,1579,2.8789740341988344,1.8843821615231449,821,-0.8594397076735043,-0.47486728829305397,2400,1.6001250000000051
GBPUSD,12,12,1,,1580,-3.719430379746852,-2.387248252192356,821,-0.22667478684531894,-0.1136145243008307,2401,-2.525114535610176
GBPUSD,12,12,-1,,1580,3.319430379746851,2.130515579878716,821,-0.17332521315468213,-0.08687451267064446,2401,2.1251145356101753
GBPUSD,13,12,1,,1583,-3.7725205306380345,-2.3212581435626416,824,-0.5234223300971402,-0.24459314945599672,2407,-2.6602409638554434
GBPUSD,13,12,-1,,1583,3.372520530638033,2.075135359104786,824,0.12342233009713917,0.05767475840408715,2407,2.260240963855442
GBPUSD,14,12,1,,1583,-2.635439039797853,-1.602811979592834,824,-0.07390776699028281,-0.03319072326467166,2407,-1.758537598670542
GBPUSD,14,12,-1,,1583,2.2354390397978525,1.3595413965303964,824,-0.3260922330097183,-0.14644248507748037,2407,1.3585375986705412
GBPUSD,15,12,1,,1585,-2.8346372239747235,-1.7101743983772044,824,-0.7043689320388317,-0.319081323850729,2409,-2.1059775840597483
GBPUSD,15,12,-1,,1585,2.434637223974723,1.4688490698430365,824,0.3043689320388299,0.137880075847281,2409,1.7059775840597475
GBPUSD,16,12,1,,1587,-1.2251417769376678,-0.7329275603021956,824,-1.262742718446642,-0.5574907136643636,2411,-1.237992534218213
GBPUSD,16,12,-1,,1587,0.8251417769376664,0.4936319704859037,824,0.8627427184466414,0.380893943627104,2411,0.8379925342182121
GBPUSD,17,12,1,,1587,-0.7056080655324858,-0.44073638233887497,824,0.20157766990285883,0.09462548059318528,2411,-0.39556200746582304
GBPUSD,17,12,-1,,1587,0.30560806553248504,0.19088868140236434,824,-0.6015776699028588,-0.28239524822426404,2411,-0.004437992534177445
GBPUSD,18,12,1,,1587,-0.9354757403906983,-0.612548840748006,824,-0.34344660194173693,-0.16525318550116755,2411,-0.7331397760265572
GBPUSD,18,12,-1,,1587,0.5354757403906973,0.35062912896919346,824,-0.05655339805826356,-0.027211301923520007,2411,0.3331397760265564
GBPUSD,19,12,1,,1587,-1.3779458097038562,-0.9009522399032766,824,-2.387742718446583,-1.2386669430475383,2411,-1.72306097055164
GBPUSD,19,12,-1,,1587,0.9779458097038551,0.6394173570193382,824,1.9877427184465828,1.0311626866671204,2411,1.3230609705516394
GBPUSD,20,12,1,,1587,-0.5383742911153343,-0.3822734389713511,823,-0.8421628189550148,-0.4505894338890373,2410,-0.6421161825726194
GBPUSD,20,12,-1,,1587,0.13837429111533306,0.09825286423000705,823,0.442162818955014,0.23657408020807322,2410,0.2421161825726183
GBPUSD,21,12,1,,1587,-0.05513547574039354,-0.0406892410594827,823,0.921385176184714,0.5169081615747755,2410,0.27834024896266185
GBPUSD,21,12,-1,,1587,-0.34486452425960695,-0.2545053900783265,823,-1.321385176184714,-0.7413129707405565,2410,-0.6783402489626621
GBPUSD,22,12,1,,1586,0.2742118537200444,0.21799309148472498,822,0.8801703163017098,0.536182723061517,2408,0.4810631229235864
GBPUSD,22,12,-1,,1586,-0.6742118537200446,-0.5359853132320522,822,-1.2801703163017097,-0.779854982000875,2408,-0.8810631229235864
GBPUSD,23,12,1,,1587,0.7315689981095995,0.6230571856601956,822,0.12080291970803682,0.0778950458473522,2409,0.5231631382316069
GBPUSD,23,12,-1,,1587,-1.1315689981095993,-0.9637261791633087,822,-0.5208029197080369,-0.33581942726334213,2409,-0.9231631382316067
GBPUSD,0,24,1,,1586,-2.2483606557377014,-1.1198616044934824,824,0.1364077669903013,0.05432981527910433,2410,-1.4329875518672142
GBPUSD,0,24,-1,,1586,1.8483606557377001,0.9206299373433467,824,-0.5364077669903018,-0.21364571488756956,2410,1.0329875518672131
GBPUSD,1,24,1,,1586,-2.1068095838587366,-1.0521541333740565,824,0.04441747572815992,0.017565161560321438,2410,-1.371286307053922
GBPUSD,1,24,-1,,1586,1.706809583858736,0.8523915840795958,824,-0.44441747572816176,-0.17574760009259946,2410,0.9712863070539213
GBPUSD,2,24,1,,1583,-2.0530006317119427,-1.0422120460969673,824,0.38956310679609524,0.15582432048025605,2407,-1.2168259243872133
GBPUSD,2,24,-1,,1583,1.65300063171194,0.8391508234166991,824,-0.789563106796096,-0.31582337353413553,2407,0.8168259243872114
GBPUSD,3,24,1,,1580,-1.7610759493671497,-0.8902737574997955,824,0.12912621359224058,0.05274103077400619,2404,-1.113186356073249
GBPUSD,3,24,-1,,1580,1.3610759493671485,0.6880624314477369,824,-0.5291262135922419,-0.21611926144234714,2404,0.7131863560732477
GBPUSD,4,24,1,,1578,-1.9787705956907498,-0.9887018088681756,821,0.5210718635809939,0.20883344433905665,2399,-1.1232596915381439
GBPUSD,4,24,-1,,1578,1.578770595690749,0.7888399732372411,821,-0.9210718635809955,-0.36914411082093396,2399,0.7232596915381428
GBPUSD,5,24,1,,1522,-2.587976346911939,-1.2459655552662308,821,0.42764920828254194,0.17470480727568813,2343,-1.531284677763553
GBPUSD,5,24,-1,,1522,2.1879763469119387,1.053387975219495,821,-0.8276492082825427,-0.33811425959508856,2343,1.1312846777635521
GBPUSD,6,24,1,,1532,-0.8498694516971061,-0.4165341706668895,809,2.216069221260828,0.9021427027771097,2341,0.20965399401966817
GBPUSD,6,24,-1,,1532,0.4498694516971048,0.22048798035607745,809,-2.6160692212608287,-1.064979259347096,2341,-0.6096539940196694
GBPUSD,7,24,1,,1580,-1.5048101265823048,-0.7144306408751774,821,1.1873325213154857,0.4948975278142882,2401,-0.5842565597667755
GBPUSD,7,24,-1,,1580,1.1048101265823034,0.5245247841149545,821,-1.5873325213154865,-0.6616233670984596,2401,0.18425655976677421
GBPUSD,8,24,1,,1580,-1.9381012658227859,-0.9440976180813284,820,0.9898780487805617,0.4035528881187935,2400,-0.9377083333333087
GBPUSD,8,24,-1,,1580,1.5381012658227842,0.74924761003894,820,-1.3898780487805635,-0.5666246477626952,2400,0.537708333333307
GBPUSD,9,24,1,,1580,-1.8313924050633423,-0.9177530900252046,820,0.6643902439024576,0.27043648311784485,2400,-0.978666666666694
GBPUSD,9,24,-1,,1580,1.4313924050633409,0.7173038389552863,820,-1.0643902439024586,-0.43325433638996463,2400,0.5786666666666928
GBPUSD,10,24,1,,1579,-1.991893603546552,-0.9907717702120414,820,0.8828048780487786,0.3632802110266813,2399,-1.0092955398082566
GBPUSD,10,24,-1,,1579,1.5918936035465516,0.7918109886827508,820,-1.28280487804878,-0.5278829313150528,2399,0.6092955398082557
GBPUSD,11,24,1,,1579,-2.2096263457884713,-1.118189761729104,820,1.0331707317072798,0.4215057551561852,2399,-1.1012088370154343
GBPUSD,11,24,-1,,1579,1.8096263457884707,0.915768250262178,820,-1.4331707317072802,-0.5846949521477266,2399,0.7012088370154337
GBPUSD,12,24,1,,1580,-2.104873417721519,-1.042047502505273,820,0.8369512195121934,0.3414632786123745,2400,-1.0997500000000007
GBPUSD,12,24,-1,,1580,1.7048734177215177,0.8440218172109484,820,-1.2369512195121946,-0.5046571521150109,2400,0.6997499999999994
GBPUSD,13,24,1,,1583,-2.2071383449146986,-1.076438162536531,823,0.46294046172534986,0.19067884543401528,2406,-1.293807148794682
GBPUSD,13,24,-1,,1583,1.807138344914698,0.8813551193704018,823,-0.8629404617253514,-0.3554333753995905,2406,0.8938071487946811
GBPUSD,14,24,1,,1583,-2.1925457991156194,-1.0671792916194989,823,0.6352369380315968,0.2613686562234258,2406,-1.225270157938496
GBPUSD,14,24,-1,,1583,1.792545799115618,0.8724870225594941,823,-1.0352369380315978,-0.42594891947658436,2406,0.8252701579384947
GBPUSD,15,24,1,,1585,-2.240883280757103,-1.138556690460419,823,0.4359659781287567,0.17702563636984206,2408,-1.3259966777408811
GBPUSD,15,24,-1,,1585,1.8408832807571027,0.9353231351498991,823,-0.8359659781287576,-0.3394471511216746,2408,0.9259966777408805
GBPUSD,16,24,1,,1587,-2.359483301827359,-1.1784206963553803,823,0.3793438639125119,0.15448212596274172,2410,-1.4241908713693037
GBPUSD,16,24,-1,,1587,1.9594833018273579,0.9786446359878028,823,-0.7793438639125123,-0.31737615500481436,2410,1.0241908713693026
GBPUSD,17,24,1,,1587,-2.5746691871455845,-1.328246890960455,823,0.3854191980558565,0.1567926388399377,2410,-1.5638174273859224
GBPUSD,17,24,-1,,1587,2.174669187145583,1.1218907660505941,823,-0.7854191980558567,-0.3195169033610991,2410,1.1638174273859212
GBPUSD,18,24,1,,1587,-2.4594833018273747,-1.2590458890158145,823,0.323693803159191,0.1286498245351786,2410,-1.509045643153539
GBPUSD,18,24,-1,,1587,2.059483301827374,1.054279971218307,823,-0.7236938031591916,-0.28762701010942254,2410,1.1090456431535383
GBPUSD,19,24,1,,1587,-2.529552614996848,-1.2782866291997552,823,0.5113001215066716,0.2049266446623456,2410,-1.4911203319502104
GBPUSD,19,24,-1,,1587,2.1295526149968467,1.0761502321750422,823,-0.9113001215066729,-0.3652447326443938,2410,1.0911203319502092
GBPUSD,20,24,1,,1587,-2.32381852551982,-1.1613216329315479,823,0.6041312272175081,0.23976649829146562,2410,-1.3239419087136701
GBPUSD,20,24,-1,,1587,1.923818525519819,0.9614227819364133,823,-1.0041312272175098,-0.39851776787623916,2410,0.9239419087136689
GBPUSD,21,24,1,,1587,-2.600126023944532,-1.3060943670992267,823,0.5730255164033982,0.2309945504476358,2410,-1.5165145228215666
GBPUSD,21,24,-1,,1587,2.2001260239445304,1.105166511284328,823,-0.9730255164034003,-0.3922401102596855,2410,1.1165145228215647
GBPUSD,22,24,1,,1586,-2.3449558638083157,-1.1683590401951134,822,0.7139902676398682,0.2946783132640761,2408,-1.300747508305655
GBPUSD,22,24,-1,,1586,1.9449558638083146,0.9690616362264693,822,-1.1139902676398699,-0.4597664533241091,2408,0.9007475083056536
GBPUSD,23,24,1,,1587,-2.5398865784499027,-1.2744122371671147,822,0.27615571776153436,0.11622716439571039,2409,-1.5789954337899603
GBPUSD,23,24,-1,,1587,2.1398865784499015,1.0737084344099233,822,-0.6761557177615357,-0.2845773478904807,2409,1.178995433789959
