pair,hour,hold,n,mean,t,n_tr,t_tr,n_te,t_te,win
USDJPY,0,1,2411,-0.4031936955620141,-1.4422411580373518,1586,-1.093508471933935,825,-0.9839769059145406,46.20489423475736
USDJPY,1,1,2411,-0.24910825383658516,-1.078785092245897,1586,-0.6393259165168158,825,-1.1321376143555477,48.23724595603484
USDJPY,2,1,2408,-0.22724252491694383,-0.9599128131337431,1583,-0.7664030077844632,825,-0.6671637191607204,46.84385382059801
USDJPY,3,1,2404,-0.3073211314475838,-1.3317386787691756,1579,-1.06404646636852,825,-0.8282787910356998,46.297836938435935
USDJPY,4,1,2399,-0.2992913714047463,-1.3605943997376735,1578,-1.24904441164638,821,-0.5400887811909424,47.47811588161734
USDJPY,5,1,2346,-0.4338022165387924,-2.609649878814817,1524,-2.884152359137316,822,-0.149985457772932,46.248934356351235
USDJPY,6,1,2346,-0.8984654731457948,-5.580978581617485,1536,-5.4982850172986435,810,-1.3762653392781385,42.88150042625746
USDJPY,7,1,2401,-0.7061640982923647,-3.4543617321906006,1580,-1.7735037722391642,821,-3.4012574201380796,42.81549354435652
USDJPY,8,1,2401,-0.22823823406914723,-1.0846753327781185,1580,-0.02958830645541925,821,-2.321307245795903,47.73011245314452
USDJPY,9,1,2401,-0.1412328196584495,-0.5406148065036782,1580,0.24274427025386183,821,-1.5892810148677035,48.68804664723032
USDJPY,10,1,2400,0.46045833333332314,1.741642150907423,1579,0.33190430612539285,821,2.7828673657233565,51.083333333333336
USDJPY,11,1,2401,0.4434818825489334,1.7970363638599216,1580,2.2889123873890744,821,-0.8848254573496172,50.31236984589754
USDJPY,12,1,2402,-0.06935886761033153,-0.2925223356328745,1581,0.09845157527817842,821,-1.2658357967385214,47.87676935886761
USDJPY,13,1,2407,-0.020315745741618155,-0.09878492778541612,1583,0.23832132262947517,824,-0.7959672056636733,47.2787702534275
USDJPY,14,1,2407,-0.18483589530533182,-0.9627241780921856,1583,-1.431538844629375,824,0.8427958246053545,48.35895305359369
USDJPY,15,1,2409,-0.7346616853466118,-3.3374219756604564,1585,-2.1340601600411886,824,-3.690407573899799,46.4508094645081
USDJPY,16,1,2411,-0.6113645790128603,-2.4331989016951185,1587,-2.6054699377796458,824,-0.316065696195228,47.36623807548735
USDJPY,17,1,2411,-0.024802986312731302,-0.10639527138423867,1587,0.16860516308670648,824,-0.5495798152974148,47.53214433844878
USDJPY,18,1,2411,-0.35014516798010437,-1.666727855403269,1587,-1.2538827803405075,824,-1.1805534316972075,47.6980506014102
USDJPY,19,1,2411,-0.6223973454997871,-3.37452627879393,1587,-2.8293711980352563,824,-1.878185537649469,46.57818332642057
USDJPY,20,1,2411,-0.5430941518042326,-2.408123400820038,1587,-1.9546530617899207,824,-1.4880738729313707,47.32476150974699
USDJPY,21,1,2411,-0.46366652841144773,-1.5192652987246933,1587,-1.2259858870908444,824,-0.9387431168544065,45.62422231439237
USDJPY,22,1,2409,0.036488169364868164,0.11484256680746402,1586,0.640458077459244,823,-0.9260939888541191,50.31133250311333
USDJPY,23,1,2410,0.033236514522844145,0.10639104447373775,1587,0.4971627255064907,823,-0.648535692965728,48.50622406639004
USDJPY,0,2,2411,-0.46159270012443226,-1.2889748497580447,1586,-0.8432777985959807,825,-1.1885766348553477,46.41227706345914
USDJPY,1,2,2411,-0.30215678141850033,-0.9101972734014762,1586,-0.6428255349604095,825,-0.8129858408615462,47.61509746992949
USDJPY,2,2,2408,-0.3831810631229209,-1.152799990983128,1583,-0.9895986991477395,825,-0.6101580755997745,47.176079734219265
USDJPY,3,2,2404,-0.4174708818635625,-1.3229889425346766,1579,-1.188620797421813,825,-0.580922252651608,47.1297836938436
USDJPY,4,2,2399,-0.7675698207586404,-2.761323303460252,1578,-3.015236679485396,821,0.08141671068282022,47.39474781158816
USDJPY,5,2,2346,-0.5757033248081955,-2.1583559512806634,1524,-3.663226408741648,822,2.3124468733859294,47.9539641943734
USDJPY,6,2,2345,-1.2392324093816665,-4.5907170478118005,1536,-4.72912642785704,809,-1.3318359068042671,43.070362473347544
USDJPY,7,2,2401,-0.7449396084964551,-2.7504231360482887,1580,-0.7418702259197767,821,-4.445622385515485,45.522698875468556
USDJPY,8,2,2401,-0.187088713036222,-0.5622193570645914,1580,0.5679105385899247,821,-2.1817247179571324,47.85506039150354
USDJPY,9,2,2401,0.5122448979591911,1.3762425560320002,1580,0.7849515077880325,821,1.4059735969465426,50.81216159933361
USDJPY,10,2,2400,1.094833333333324,2.9521435687895217,1579,2.1881490791801568,821,2.2352880558224313,52.0
USDJPY,11,2,2401,0.5700957934194054,1.6032370614743467,1580,1.9953870429257121,821,-0.9070500058715486,50.56226572261557
USDJPY,12,2,2402,0.11686094920896185,0.3649136666672841,1581,0.6890459006367069,821,-0.792478070329368,47.50208159866778
USDJPY,13,2,2407,-0.01130037390943669,-0.038760550047556984,1583,-0.2976827622089829,824,0.5836931160371316,47.694225176568345
USDJPY,14,2,2407,-0.7249272953884269,-2.4553687238065365,1583,-2.0530658277674565,824,-1.4729391071191797,46.69713336103033
USDJPY,15,2,2409,-1.1535907015359033,-3.4819555084824882,1585,-2.9737991186094734,824,-1.8441980203037465,46.4508094645081
USDJPY,16,2,2411,-0.43678971381170795,-1.2788049856167707,1587,-1.3466884404562403,824,-0.18071143152792518,47.11737868104521
USDJPY,17,2,2411,-0.1836167565325605,-0.5779202958789162,1587,-0.2669434730852534,824,-0.7360938103560044,48.44462878473663
USDJPY,18,2,2411,-0.7769805060141081,-2.7718020186493915,1587,-2.296934126101792,824,-1.583169867212738,46.868519286603075
USDJPY,19,2,2411,-0.9696391538780537,-3.464318739950037,1587,-2.9568803745931307,824,-1.824910389290051,45.74865201161344
USDJPY,20,2,2411,-0.8117378681045211,-2.126124359651352,1587,-1.7920022584394462,824,-1.1564649023443567,46.329323931978436
USDJPY,21,2,2411,-0.22206553297387532,-0.49146224062924526,1587,-0.04269107871320811,824,-0.9859771601541273,48.112816258813766
USDJPY,22,2,2409,0.26479867164800225,0.5910999874946691,1586,1.1214182495698304,823,-0.7229186263859566,49.19053549190536
USDJPY,23,2,2410,-0.1792116182572645,-0.4257600854762781,1587,0.009859663399065985,823,-0.8501605351380817,47.88381742738589
USDJPY,0,3,2411,-0.5146412277063473,-1.1960930290118508,1586,-0.8513809233827279,825,-1.020194434111644,46.70261302364164
USDJPY,1,3,2411,-0.4558689340522595,-1.1099143885241267,1586,-0.8774309986579613,825,-0.7407783925024228,47.241808378266285
USDJPY,2,3,2408,-0.4847176079734243,-1.222161546741573,1583,-1.1425625650884106,825,-0.4367777060745611,47.71594684385382
USDJPY,3,3,2404,-0.8827787021630611,-2.519108575496649,1579,-2.695834732566733,825,-0.16104653855909548,46.54742096505824
USDJPY,4,3,2399,-0.8992080033347208,-2.643010858353622,1578,-3.835856911292244,821,2.2805543676564017,47.519799916631925
USDJPY,5,3,2345,-0.8412366737739884,-2.5314313727794593,1524,-3.723199190483649,821,0.969672611423717,45.07462686567164
USDJPY,6,3,2345,-1.3614498933902037,-4.35285354174733,1536,-3.6364926544088516,809,-2.399388232734826,43.582089552238806
USDJPY,7,3,2401,-0.7037900874635303,-1.911757583932202,1580,-0.019394660878427807,821,-3.934858098708947,45.64764681382757
USDJPY,8,3,2401,0.4663890045814187,1.099132976838906,1580,0.977584074873608,821,0.502943046124771,49.31278633902541
USDJPY,9,3,2401,1.1475635152020072,2.580908923708576,1580,2.3009979261503934,821,1.1688347304379219,49.68763015410246
USDJPY,10,3,2400,1.2202916666666588,2.6838429352400723,1579,2.0997958674528414,821,1.895162253050783,51.916666666666664
USDJPY,11,3,2401,0.7551853394418724,1.8326790745633383,1580,2.21194658047068,821,-0.7097221074103133,49.35443565181175
USDJPY,12,3,2402,0.12023313905078598,0.31796305469709485,1581,0.2268369108271214,821,0.28624255829383005,48.62614487926727
USDJPY,13,3,2407,-0.5513917739925319,-1.4972059322634732,1583,-1.1437090649744195,824,-1.167449881063204,45.90776900706273
USDJPY,14,3,2407,-1.1449106771915027,-2.998029697639577,1583,-2.8959131363421613,824,-0.8668646090652284,47.569588699626095
USDJPY,15,3,2409,-0.9804068078040736,-2.4589297360881326,1585,-2.014851369312391,824,-1.475995833594002,46.86591946865919
USDJPY,16,3,2411,-0.595603484031537,-1.4722704609753012,1587,-1.4392696745913525,824,-0.41914257441267777,47.739527167150555
USDJPY,17,3,2411,-0.6104520945665641,-1.6770828111605776,1587,-1.282100754768808,824,-1.1617040197775965,45.66569888013273
USDJPY,18,3,2411,-1.1242223143923746,-3.173818278184099,1587,-2.690160275897588,824,-1.6985353789346143,46.95147241808378
USDJPY,19,3,2411,-1.2382828701783422,-2.974214140585528,1587,-2.569351002355068,824,-1.5013157563511192,45.58274574865201
USDJPY,20,3,2411,-0.5701368726669486,-1.1196239126671528,1587,-0.6362153457528946,824,-1.1974416618566173,48.527581916217336
USDJPY,21,3,2411,0.0009124844463112543,0.0016410906657895316,1587,0.47100893562229573,824,-0.8207047284937821,48.44462878473663
USDJPY,22,3,2409,0.056745537567446096,0.10662867777089166,1586,0.6767879460139261,823,-0.9120417647306793,48.484848484848484
USDJPY,23,3,2410,-0.23697095435684595,-0.4910468612881453,1587,0.0011764105579045196,823,-1.0240345489678904,48.29875518672199
USDJPY,0,4,2411,-0.6683533803401066,-1.3449741446623011,1586,-1.0326525631441639,825,-0.9596177227395668,46.53670676068021
USDJPY,1,4,2411,-0.5648278722521817,-1.224631919003081,1586,-1.0710262845758585,825,-0.6019148505724173,47.32476150974699
USDJPY,2,4,2408,-0.9554817275747512,-2.282510802908829,1583,-2.448957710140246,825,-0.08676109837931069,46.38704318936877
USDJPY,3,4,2404,-1.0245840266223012,-2.6161675765307018,1579,-3.5939507040134218,825,1.7135316177912747,46.92179700499168
USDJPY,4,4,2398,-1.0842368640533664,-2.760435797221179,1578,-3.7730741873914457,820,0.9729420227108512,44.91242702251876
USDJPY,5,4,2345,-1.008997867803846,-2.750899114617374,1524,-3.1472311013892518,821,-0.04079555813758545,45.07462686567164
USDJPY,6,4,2345,-1.3319829424306933,-3.378119296380949,1536,-2.472609833263161,809,-2.45812492806726,45.28784648187633
USDJPY,7,4,2401,-0.050312369845889424,-0.11036944751877353,1580,0.4852472300997278,821,-1.0742753159899487,47.93835901707622
USDJPY,8,4,2401,1.101707621824235,2.21131358707109,1580,2.2827393196225594,821,0.3784080157522507,50.39566847147022
USDJPY,9,4,2401,1.2748021657642745,2.4790368636128677,1580,2.27129690114151,821,0.9955669706415247,51.14535610162433
USDJPY,10,4,2400,1.4036249999999686,2.826783093076817,1579,2.3037410095339457,821,1.8203813235974662,52.45833333333333
USDJPY,11,4,2401,0.7610162432319854,1.6907044868590908,1580,1.7480329306052196,821,0.180440571984719,50.93710953769263
USDJPY,12,4,2402,-0.4228143213988441,-0.9454285689857603,1581,-0.5516417861694332,821,-1.2105779813112427,47.751873438801
USDJPY,13,4,2407,-0.9713751557956073,-2.2044034377163446,1583,-2.062062742386383,824,-0.7823291305866761,46.86331533028667
USDJPY,14,4,2407,-0.971832156211038,-2.170660646266493,1583,-2.093467268205787,824,-0.6499805632418401,46.61404237640216
USDJPY,15,4,2409,-1.138397675383985,-2.495120654974205,1585,-2.023885196699142,824,-1.5433368363754711,46.16023246160233
USDJPY,16,4,2411,-1.0224388220655405,-2.30924385608205,1587,-2.1766924502570455,824,-0.8186183603422736,47.36623807548735
USDJPY,17,4,2411,-0.9576939029448305,-2.2391844173935462,1587,-1.8043688192033298,824,-1.3805298701102895,46.70261302364164
USDJPY,18,4,2411,-1.392866030692663,-3.0057169214060484,1587,-2.575910559834076,824,-1.5528568461430547,47.034425549564496
USDJPY,19,4,2411,-0.9966818747407695,-1.8638193451507148,1587,-1.320929471377519,824,-1.4961450001605632,47.86395686437163
USDJPY,20,4,2411,-0.34715885524676193,-0.5793098902671909,1587,-0.08171871018951973,824,-1.0209809680522477,48.5690584819577
USDJPY,21,4,2411,-0.20779759435918838,-0.3337382382367273,1587,0.19445411367041707,824,-0.9835137268925424,48.36167565325591
USDJPY,22,4,2409,0.002822748028221279,0.004873287783253015,1586,0.6078053431630128,823,-1.0497149356511626,48.27729348277294
USDJPY,23,4,2410,-0.293070539419085,-0.5527577409566251,1587,-0.13204508509902188,823,-0.9373970613778085,47.17842323651452
USDJPY,0,6,2411,-1.2480713396930752,-2.2690556006940135,1586,-2.2202739442108634,825,-0.5992345173439332,45.167980091248445
USDJPY,1,6,2411,-1.178432185815022,-2.328997925343021,1586,-3.002497985515856,825,1.1848544327013424,47.44919120696806
USDJPY,2,6,2407,-1.2818861653510571,-2.603417231133946,1583,-3.294101450124755,824,0.7884937948654143,45.65849605317823
USDJPY,3,6,2403,-1.291260923845195,-2.784999677427413,1579,-3.0891319744070196,824,-0.08100552912057274,44.06991260923846
USDJPY,4,6,2398,-1.21759799833192,-2.5443259407165706,1578,-2.583362768580824,820,-0.5533288741923873,46.45537948290242
USDJPY,5,6,2345,-0.3207249466951025,-0.6215568606103951,1524,-1.6051944622176975,821,1.468947797780581,46.95095948827292
USDJPY,6,6,2345,-0.06660980810235338,-0.11948052417192992,1536,-0.019859795207377986,809,-0.2102345698249327,47.462686567164184
USDJPY,7,6,2401,0.7122448979591939,1.193918202047416,1580,1.8574824938978192,821,-1.079662617461886,49.02124114952103
USDJPY,8,6,2401,1.412369845897516,2.3545772240312863,1580,2.4629825992950534,821,0.26337621586993,50.52061640982923
USDJPY,9,6,2401,1.4643898375676916,2.5377313400403905,1580,2.132628972501697,821,1.4285719305249553,51.02040816326531
USDJPY,10,6,2400,0.8646249999999895,1.5027459216031613,1579,1.1671581469808032,821,1.1038812007802925,50.458333333333336
USDJPY,11,6,2401,-0.1989171178675605,-0.3662138895281898,1580,-0.05996333464377448,821,-0.8419241708058152,49.02124114952103
USDJPY,12,6,2402,-0.6858451290591362,-1.2163105908789094,1581,-1.0068312880591122,821,-0.7406113928684771,48.45961698584513
USDJPY,13,6,2407,-0.9559617781470945,-1.7425458864411691,1583,-1.5812222511114922,824,-0.7319734616467026,48.525135022850016
USDJPY,14,6,2407,-1.5546738678853171,-2.9624595534222484,1583,-2.75001430726389,824,-1.1238083665855794,45.90776900706273
USDJPY,15,6,2409,-1.9113325031133264,-3.5230126492281326,1585,-2.96171304830909,824,-1.9548808535648337,45.579078455790786
USDJPY,16,6,2411,-1.6383243467440953,-2.83878330161892,1587,-2.6346279245916224,824,-1.099602724704253,46.41227706345914
USDJPY,17,6,2411,-0.9847366238075463,-1.6087491750674037,1587,-1.0701197729075334,824,-1.3917703431790653,47.86395686437163
USDJPY,18,6,2411,-0.9282870178349036,-1.410320399423846,1587,-0.8485333507932025,824,-1.3601776204516434,48.154292824554126
USDJPY,19,6,2411,-0.9824139361260825,-1.440108235005187,1587,-0.8597654281733402,824,-1.3747874054545932,48.19576939029449
USDJPY,20,6,2411,-0.6069265864786368,-0.8662080102354492,1587,-0.275626120928854,824,-1.240767626086079,48.693488179178765
USDJPY,21,6,2411,-0.34442140190791887,-0.4850456886454151,1587,0.06177632180763977,824,-1.1198302153776682,48.07133969307341
USDJPY,22,6,2409,-0.18331257783312757,-0.2712010678171963,1586,0.18620741579327718,823,-0.91155973128318,47.53009547530095
USDJPY,23,6,2410,-0.5558091286307052,-0.890283898750097,1587,-0.5628016627542715,823,-0.8523908558994129,47.26141078838174
USDJPY,0,8,2410,-1.5901244813277997,-2.6544039200565055,1586,-2.990196036569775,824,0.10835984612402647,45.601659751037346
USDJPY,1,8,2410,-1.4775933609958534,-2.6122113938844826,1586,-2.762478436702955,824,-0.24370186745932682,46.016597510373444
USDJPY,2,8,2407,-1.4036975488159404,-2.44197837094024,1583,-2.441600214710221,824,-0.5529732013835652,45.78313253012048
USDJPY,3,8,2403,-0.6285892634207264,-1.068968006736895,1579,-1.9270387193989742,824,1.2947426089543228,46.650020807324175
USDJPY,4,8,2398,0.07385321100918144,0.12209396147571518,1578,-0.4953781845274538,820,1.1742166806301468,48.45704753961635
USDJPY,5,8,2345,0.4601705756929637,0.7157099556774684,1524,0.24930075388691877,821,1.06730409197946,48.57142857142857
USDJPY,6,8,2345,0.20204690831553473,0.3105662138491421,1536,0.4805500070886316,809,-0.2612207110049712,47.33475479744136
USDJPY,7,8,2401,0.9018325697626113,1.3876463123847056,1580,1.8077998202694583,821,-0.5205070173992643,48.52144939608497
USDJPY,8,8,2401,0.8746355685131135,1.3041683827669293,1580,1.4849039761244873,821,-0.14159392234339824,49.7292794668888
USDJPY,9,8,2401,0.5016243231986751,0.7557428196344107,1580,0.5794565328225837,821,0.55088146189918,49.5210329029571
USDJPY,10,8,2400,0.606249999999981,0.9192666484809524,1579,0.5500232482869325,821,1.0354547341473341,49.916666666666664
USDJPY,11,8,2401,-0.1953769262807349,-0.3030834339470757,1580,0.0429500858058035,821,-0.8535772726408373,49.02124114952103
USDJPY,12,8,2402,-1.2634054954204983,-2.0019194318108933,1581,-1.6877770349046886,821,-1.1186293630255202,47.16902581182348
USDJPY,13,8,2407,-1.7285417532197924,-2.7755483331754673,1583,-2.485818632052098,824,-1.234805261403629,47.07104279185708
USDJPY,14,8,2407,-2.1633153302866446,-3.327794741992881,1583,-3.0523412364317943,824,-1.3429603615908126,46.19858745326132
USDJPY,15,8,2409,-1.9289746782897512,-2.7317256019162346,1585,-2.1045261980083363,824,-1.8731178350837072,47.40556247405562
USDJPY,16,8,2411,-1.1737453338863362,-1.572606811433839,1587,-1.194877657633989,824,-1.0753397275872822,48.44462878473663
USDJPY,17,8,2411,-0.9704686851928593,-1.2867358695763575,1587,-0.6977803000618209,824,-1.345399356303777,48.61053504769805
USDJPY,18,8,2411,-1.1880547490667783,-1.5771171617040882,1587,-0.9371262322633636,824,-1.52176500148573,47.573620904189134
USDJPY,19,8,2411,-1.1190377436748131,-1.472622215412851,1587,-0.8602588820234944,824,-1.4784571554242072,47.9883865615927
USDJPY,20,8,2411,-0.8258399004562356,-1.0517837903248504,1587,-0.5268432327968887,824,-1.2218372350394648,48.23724595603484
USDJPY,21,8,2411,-0.5884695147241787,-0.7549995298808497,1587,-0.3116799320215876,824,-1.0159132246603626,48.02986312733306
USDJPY,22,8,2409,-0.7525114155251188,-1.0667649232540373,1586,-0.8480568511128278,823,-0.682532732090516,46.699875466998755
USDJPY,23,8,2410,-1.1663070539419125,-1.797590105369013,1587,-2.145880482054998,823,0.33952104294422897,47.13692946058091
USDJPY,0,12,2410,-0.41950207468879924,-0.5453513352921847,1586,-0.8704352782439576,824,0.5693276193496447,46.51452282157676
USDJPY,1,12,2410,-0.004896265560161475,-0.006364324002578923,1586,-0.3674778177658327,824,0.7644160039240929,47.84232365145228
USDJPY,2,12,2407,0.23099293726629022,0.30397581185807016,1583,-0.1372950220373511,824,1.013408547228423,48.068134607395095
USDJPY,3,12,2403,0.22438618393674528,0.30232912604802076,1579,-0.2614073145085672,824,1.2145217711013947,48.18976279650437
USDJPY,4,12,2398,-0.2501668056713862,-0.3330095090185145,1578,-0.6502720978030345,820,0.5661781002139155,48.62385321100918
USDJPY,5,12,2345,-0.3524093816631187,-0.46473702854867527,1524,-0.9119647000932419,821,0.7910468240622911,48.656716417910445
USDJPY,6,12,2345,-0.5218763326226175,-0.6698835249001666,1536,-0.5085986614662871,809,-0.4858553938992714,46.95095948827292
USDJPY,7,12,2401,-0.056892961266143335,-0.07139897994319128,1580,0.4766620986300903,821,-1.1906764911338101,48.43815077051229
USDJPY,8,12,2401,0.03831736776342048,0.047392630595403946,1580,0.24642313062650395,821,-0.4232261087426288,48.771345272802996
USDJPY,9,12,2401,-0.2579758433985829,-0.3154914647056775,1580,-0.26573427710682496,821,-0.17622241783098563,47.93835901707622
USDJPY,10,12,2400,-0.5707916666666799,-0.6915829473050439,1579,-0.7748227109362107,821,0.017313875034655597,48.875
USDJPY,11,12,2401,-0.9871720116618219,-1.1504379099684963,1580,-0.6058997490591618,821,-1.4014509842041292,47.98000832986256
USDJPY,12,12,2402,-1.3857618651123962,-1.5564173272709458,1581,-1.0884749421957565,821,-1.2894834806608364,47.543713572023314
USDJPY,13,12,2407,-1.7380141254674024,-1.9449614199171272,1583,-1.4786953284240967,824,-1.3453623631766736,47.2787702534275
USDJPY,14,12,2407,-1.9680099709181331,-2.205144806997611,1583,-1.7128217763461284,824,-1.4546092106376498,47.36186123805567
USDJPY,15,12,2409,-2.0662930676629263,-2.28373034772645,1585,-1.613985212657819,824,-1.7993700806549655,46.82440846824408
USDJPY,16,12,2411,-1.6524263790958094,-1.8197212751011287,1587,-1.384767572324403,824,-1.2443156725264803,47.781003732890916
USDJPY,17,12,2411,-1.3511406055578496,-1.5119918472932736,1587,-0.9915753032756028,824,-1.31627660445951,48.19576939029449
USDJPY,18,12,2411,-1.9778515138946497,-2.3012464921475537,1587,-1.9085610382020357,824,-1.3119935799233213,46.90999585234343
USDJPY,19,12,2411,-1.9669846536706705,-2.3150175949194276,1587,-2.3291020887709455,824,-0.5244450354013062,47.44919120696806
USDJPY,20,12,2410,-1.7576763485477107,-2.059213644332504,1587,-1.9772361473129658,823,-0.6540752837949069,46.72199170124481
USDJPY,21,12,2410,-1.519419087136926,-1.7881971742549632,1587,-1.5379920724172578,823,-0.9231328045162664,46.80497925311203
USDJPY,22,12,2408,-1.2169019933554734,-1.4861162086796071,1586,-1.146308353022402,822,-1.0234433236062073,46.926910299003325
USDJPY,23,12,2409,-0.834288086342881,-1.051879429314294,1587,-1.3819944244626186,822,0.39854673753285835,46.990452469904525
EURJPY,0,1,2412,-0.31152570480928055,-0.910307590273409,1587,-1.5410685885820692,825,0.9566672619161725,47.885572139303484
EURJPY,1,1,2412,-0.9974295190713023,-3.4765678133614717,1587,-3.145342513378128,825,-1.4822840560913326,47.92703150912106
EURJPY,2,1,2408,-0.37541528239203914,-1.406018495171979,1583,-0.7258826670963352,825,-1.8104719742589952,46.553156146179404
EURJPY,3,1,2405,-0.49692307692309184,-2.018417059869444,1580,-2.3558923154895193,825,0.07945480537103265,47.06860706860707
EURJPY,4,1,2400,-0.8042500000000158,-3.363129031482832,1578,-2.512040456234763,822,-2.617816078447704,45.75
EURJPY,5,1,2342,-0.0803586678052846,-0.3903062745420271,1520,-1.3352592480731476,822,1.8764760141666272,49.70111016225449
EURJPY,6,1,2341,-0.8537377189235461,-3.965261406417212,1531,-3.277564519994459,810,-2.408939686203491,46.09141392567279
EURJPY,7,1,2400,-1.7237916666666588,-6.492795094221246,1579,-3.266812484412783,821,-6.492297775438826,38.916666666666664
EURJPY,8,1,2400,-0.357416666666642,-1.4042184852939579,1579,0.547369984268028,821,-4.660201720623821,47.583333333333336
EURJPY,9,1,2401,0.01636817992503187,0.05352324899901574,1580,-0.449767060579115,821,0.895740753703257,48.354852144939606
EURJPY,10,1,2400,-0.11716666666671051,-0.41719492869609864,1579,-0.7860084005627936,821,0.5359778583654113,48.375
EURJPY,11,1,2401,0.036318200749687696,0.10542481156561147,1580,0.6414223354940307,821,-1.6431735374997327,48.39650145772595
EURJPY,12,1,2402,-0.057660283097411814,-0.21278576924004566,1581,-0.2693038083400096,821,0.10905516327474812,48.667776852622815
EURJPY,13,1,2407,0.2836726215205601,1.2024044218586658,1583,1.3176119298700573,824,-0.02611220755496166,49.68840880764437
EURJPY,14,1,2407,-0.5810968009970636,-2.331677074165287,1583,-2.3974790786657714,824,-0.3079196507722357,46.65558786871624
EURJPY,15,1,2409,-0.33931091739314856,-1.070420721195097,1585,-0.700765016360692,824,-1.166456094755755,49.27355749273558
EURJPY,16,1,2411,-0.5988801327250167,-1.5266239386139628,1587,-1.548499450781508,824,-0.27531148153751367,48.693488179178765
EURJPY,17,1,2411,0.3438407299875495,0.9152287057462174,1587,1.7505956971455587,824,-1.4248759834112352,49.440066362505185
EURJPY,18,1,2411,0.32675238490257313,1.0144054726906813,1587,0.7898259162724892,824,0.684477079468131,50.51845707175446
EURJPY,19,1,2411,-0.1821650767316965,-0.6278886167571808,1587,-0.4409034763150995,824,-0.5202636657784974,50.228121111571966
EURJPY,20,1,2411,0.41289921194523427,1.297691557225505,1587,0.9617342521729844,824,1.0074356393243848,50.601410203235176
EURJPY,21,1,2412,-0.5700248756219066,-1.4908023544826794,1588,-1.0205711393050905,824,-1.3284705495894014,48.507462686567166
EURJPY,22,1,2410,-0.44211618257262125,-1.0832715173965857,1587,-0.16553097013108986,823,-1.9945449962474049,49.91701244813278
EURJPY,23,1,2411,0.5440481128162558,1.3462074841958933,1588,0.9400356980089342,823,1.0522336267866559,50.559933637494815
EURJPY,0,2,2412,-1.110157545605281,-2.503865584603275,1587,-2.915871824264498,825,0.187131250918595,48.34162520729685
EURJPY,1,2,2412,-1.2102819237147753,-3.185186540974815,1587,-2.621318776355186,825,-1.896513016025617,46.434494195688224
EURJPY,2,2,2408,-0.6976744186046735,-1.9671385348029715,1583,-1.8471588361660605,825,-0.7107110608660541,46.67774086378738
EURJPY,3,2,2405,-1.124781704781722,-3.3242247181244426,1580,-3.1617140512474236,825,-1.1293804962748533,46.1954261954262
EURJPY,4,2,2400,-0.8967500000000053,-2.8661555665042866,1578,-3.0423700531208406,822,-0.17697690916425404,47.541666666666664
EURJPY,5,2,2342,0.262510674637069,0.670511810428295,1520,-1.1064960894921962,822,4.783202311066074,52.775405636208376
EURJPY,6,2,2340,-1.8563247863247798,-5.363935997173991,1531,-3.7018192952397335,809,-4.104992282857267,41.75213675213676
EURJPY,7,2,2400,-1.8823333333333179,-5.4881491171983665,1579,-1.4491620293347274,821,-8.731215880082091,40.958333333333336
EURJPY,8,2,2400,-0.15737499999999638,-0.3984966476495591,1579,0.36067448649085015,821,-1.5736254807662984,47.75
EURJPY,9,2,2401,0.08858808829652035,0.21088263021302928,1580,-0.5155326853413246,821,1.3878605564003104,48.60474802165764
EURJPY,10,2,2400,0.10337499999997746,0.22553048277542329,1579,0.3226162063396264,821,-0.20149758449087213,48.20833333333333
EURJPY,11,2,2401,0.180216576426486,0.38883094143710345,1580,0.6175426112343835,821,-0.6472495639417047,47.35526863806747
EURJPY,12,2,2402,0.42393838467943756,1.1929252266828427,1581,1.0635103304636961,821,0.5556783483829102,49.45878434637802
EURJPY,13,2,2407,-0.10581636892395548,-0.30466810310062603,1583,-0.44731226808824376,824,0.29512786919705025,48.275862068965516
EURJPY,14,2,2407,-0.7022019110926487,-1.779494793925772,1583,-1.6653783013323997,824,-0.62699349069811,47.694225176568345
EURJPY,15,2,2409,-0.7405977584059978,-1.482882521381301,1585,-1.3873749270178433,824,-0.5261327371411118,48.692403486924036
EURJPY,16,2,2411,-0.057984238905030655,-0.10582598791574346,1587,0.31811405837792484,824,-0.9315114611435047,48.02986312733306
EURJPY,17,2,2411,0.8744919120697134,1.7363951793667387,1587,2.1095395197275404,824,-0.32093666664444387,49.68892575694733
EURJPY,18,2,2411,0.3506014102032298,0.8002002111796481,1587,0.6342971289118271,824,0.5208141698435682,50.145167980091244
EURJPY,19,2,2411,0.42127747822474715,1.0036868839693398,1587,0.7622676914890579,824,0.7150857217408232,50.43550394027374
EURJPY,20,2,2411,0.028577353795107018,0.05814887085333142,1587,0.1092245059284544,824,-0.09059210171600364,50.43550394027374
EURJPY,21,2,2412,-0.8193615257048082,-1.4166076517556294,1588,-0.5478059467324186,824,-2.0779133079640695,47.67827529021559
EURJPY,22,2,2410,0.2808713692945829,0.49060915710869135,1587,0.7575968109019015,823,-0.33387503773976784,49.66804979253112
EURJPY,23,2,2411,0.43662380754873403,0.823735170883317,1588,0.01204906534726908,823,1.6912419526874547,49.73040232268768
EURJPY,0,3,2412,-1.3230099502487545,-2.559187908064701,1587,-2.6581972365739706,825,-0.3948043559763959,46.64179104477612
EURJPY,1,3,2412,-1.5218490878938902,-3.3884255194658985,1587,-3.254670040616618,825,-1.0961527893671323,47.2636815920398
EURJPY,2,3,2408,-1.3114202657807545,-2.988672784522051,1583,-2.5585049326473936,825,-1.571255406188101,44.89202657807309
EURJPY,3,3,2405,-1.2112266112266181,-3.0947469588067373,1580,-3.603349102471411,825,0.2939701264565655,46.694386694386694
EURJPY,4,3,2400,-0.5482083333333481,-1.2387561791870643,1578,-2.4110606972756554,822,3.2137663249822173,50.708333333333336
EURJPY,5,3,2341,-0.6681332763775821,-1.502887574406263,1520,-1.9134507813790016,821,0.3712191801765045,45.237078171721485
EURJPY,6,3,2340,-2.1182905982905886,-5.465120939300015,1531,-2.6661531433067944,809,-6.562058725861987,40.98290598290598
EURJPY,7,3,2400,-1.6822916666666723,-3.766390656099252,1579,-1.0969121673630127,821,-5.99907694212586,43.25
EURJPY,8,3,2400,-0.08041666666668634,-0.16510769403559888,1579,0.13918100486541712,821,-0.6468341349375116,48.16666666666667
EURJPY,9,3,2401,0.30941274468971197,0.5560615677151871,1580,0.2730683027082045,821,0.7641671977828518,48.354852144939606
EURJPY,10,3,2400,0.2469583333333071,0.4445897327314615,1579,0.38370192303711786,821,0.2416296291267409,48.66666666666667
EURJPY,11,3,2401,0.6565181174510565,1.2877262286584816,1580,1.425196974532711,821,-0.18658480775539396,48.47980008329863
EURJPY,12,3,2402,0.04587843463782793,0.10762562283801132,1581,-0.20101899151475544,821,0.8092959140477773,49.084096586178184
EURJPY,13,3,2407,-0.22692147901954077,-0.4932757260459188,1583,-0.47955129986191125,824,-0.12598613293697877,49.02368093061903
EURJPY,14,3,2407,-1.1051100955546156,-1.9765853504950917,1583,-2.0151032496649166,824,-0.28309094266997303,48.19277108433735
EURJPY,15,3,2409,-0.2120797011208239,-0.33913425591885643,1585,0.109147825117274,824,-1.0668721209751244,49.066002490660026
EURJPY,16,3,2411,0.4726669431771336,0.7449637702396089,1587,0.9104115486778543,824,-0.16831885276536465,50.4769805060141
EURJPY,17,3,2411,0.8983409373703704,1.5329669362232763,1587,1.855540901378752,824,-0.26790813015000386,50.06221484861053
EURJPY,18,3,2411,0.9540439651596737,1.7790202459311266,1587,1.3548131852337002,824,1.26177438534453,52.17751970136872
EURJPY,19,3,2411,0.03695562007461982,0.06479713805864803,1587,0.11004677699087946,824,-0.07496639740947184,50.39402737453339
EURJPY,20,3,2411,-0.21862297801740183,-0.33461582547716906,1587,0.20364666108349272,824,-1.1840284814799165,48.652011613438404
EURJPY,21,3,2412,-0.10559701492538826,-0.1520466574453924,1588,0.2282662353772575,824,-0.7366791016999212,49.004975124378106
EURJPY,22,3,2410,0.18053941908711685,0.2670448075998287,1587,0.1138811271269838,823,0.34868490938010077,50.53941908713693
EURJPY,23,3,2411,-0.36084612194108484,-0.6056533343202363,1588,-1.3049224201004808,823,1.135703947800543,49.813355454168395
EURJPY,0,4,2412,-1.6345771144278691,-2.8969708494164403,1587,-3.2498241459072785,825,-0.02846680321076266,46.64179104477612
EURJPY,1,4,2412,-2.1570480928690157,-4.177705622400312,1587,-3.793446814929653,825,-1.7606559386360354,45.56384742951907
EURJPY,2,4,2408,-1.4089285714285849,-2.9738377421772846,1583,-3.1263079126323903,825,-0.36352304892125176,46.926910299003325
EURJPY,3,4,2405,-0.8674012474012649,-1.7690171607732799,1580,-3.0650065189561477,825,2.9447859704204986,49.18918918918919
EURJPY,4,4,2399,-1.3464360150062364,-2.7851684063089253,1578,-2.845026891448166,821,-0.545822605152559,44.93538974572739
EURJPY,5,4,2341,-0.9649722340879616,-1.9990773777982989,1520,-1.4673919013990806,821,-1.55272367640161,44.21187526697992
EURJPY,6,4,2340,-1.9804700854700952,-4.276671243816129,1531,-2.3563407705501858,809,-4.679638110413107,43.333333333333336
EURJPY,7,4,2400,-1.605333333333362,-3.016166627457359,1579,-1.0530222192582703,821,-4.563452861210347,44.583333333333336
EURJPY,8,4,2400,0.1401250000000017,0.2223319750642412,1579,0.6672699890820308,821,-1.0565623574798988,48.291666666666664
EURJPY,9,4,2401,0.45689296126613466,0.7148774117571747,1580,0.34706917080721655,821,1.030858492977452,48.43815077051229
EURJPY,10,4,2400,0.7194999999999712,1.2093420445508438,1579,1.0968947924662025,821,0.5179875340909634,49.291666666666664
EURJPY,11,4,2401,0.27963348604749666,0.5274861481938578,1580,0.517172898878297,821,0.1232395542740116,49.146189087880046
EURJPY,12,4,2402,-0.07572855953372752,-0.1430886347051666,1581,-0.28248438736568116,821,0.3664046485751775,49.75020815986678
EURJPY,13,4,2407,-0.6298296634815075,-1.0331298016731607,1583,-1.1246978215580654,824,0.04153791557471345,49.02368093061903
EURJPY,14,4,2407,-0.5680515164104598,-0.8424996166316578,1583,-0.544729849632965,824,-0.8632467124523562,48.3174075612796
EURJPY,15,4,2409,0.3257783312577975,0.46273557077507216,1585,0.6754333535874734,824,-0.3519029552956592,49.39809049398091
EURJPY,16,4,2411,0.4965159684777904,0.7160273665053718,1587,0.8713337627943287,824,-0.14535022135015369,49.93778515138946
EURJPY,17,4,2411,1.5017834923268147,2.228971982295265,1587,2.272649870754765,824,0.4403820554740644,51.01617586063873
EURJPY,18,4,2411,0.5697221070095465,0.8631634935557141,1587,0.7129437606209619,824,0.5014476200177846,51.347988386561596
EURJPY,19,4,2411,-0.21024471173788853,-0.29262151281806287,1587,0.1982786414582276,824,-1.0565392464304746,49.2326835338034
EURJPY,20,4,2411,0.4878888428038181,0.6427042104599145,1587,0.7986513971794248,824,-0.13234608036731066,50.601410203235176
EURJPY,21,4,2412,-0.20775290215589992,-0.2652361573494025,1588,-0.24599698049542792,824,-0.1020770101632486,49.004975124378106
EURJPY,22,4,2410,-0.6132365145228228,-0.8427286344390404,1587,-0.9704697787308244,823,0.019900401054827353,49.54356846473029
EURJPY,23,4,2411,-0.5759021153048576,-0.8959642160836782,1588,-1.3410411390809824,823,0.6364185282774736,48.85939444214019
EURJPY,0,6,2412,-2.4024875621890542,-3.7225600016848617,1587,-4.200799237787111,825,0.12102905894197787,46.01990049751244
EURJPY,1,6,2412,-1.9609038142620496,-3.168077439988656,1587,-3.934568870555472,825,1.215735578216899,47.885572139303484
EURJPY,2,6,2407,-1.8505193186539173,-3.1239798704030446,1583,-3.1822092866249743,824,-0.6314959398264252,45.201495637723305
EURJPY,3,6,2404,-1.8772046589018185,-3.4018891093450785,1580,-2.901678727826688,824,-1.8135364722892182,43.92678868552412
EURJPY,4,6,2399,-1.510671112963738,-2.730921689112032,1578,-2.2916710318863607,821,-1.5328807961367603,45.51896623593164
EURJPY,5,6,2341,-0.6561725758223091,-1.0749013862586436,1520,-1.3152818187552882,821,0.20699158142340343,45.963263562580096
EURJPY,6,6,2340,-1.6731623931624044,-2.417025236333003,1531,-1.1315885625612103,809,-3.3515004225760765,44.48717948717948
EURJPY,7,6,2400,-1.2462083333333431,-1.6330084043796997,1579,-0.15914471181554724,821,-3.926488745581226,45.208333333333336
EURJPY,8,6,2400,0.7307499999999956,0.9883912640824366,1579,1.2164212903542417,821,-0.3950084099724533,49.0
EURJPY,9,6,2401,0.5536443148688199,0.812006666699854,1580,0.2981085201934272,821,1.3551722960859272,48.68804664723032
EURJPY,10,6,2400,0.22683333333329492,0.32958283456552734,1579,0.19381680365370177,821,0.4136865481107315,49.583333333333336
EURJPY,11,6,2401,-0.24319033735942958,-0.3539052304122371,1580,-0.37656516031063014,821,-0.009895508459330533,49.06289046230737
EURJPY,12,6,2402,0.025145711906751127,0.0331538305824719,1581,0.17853071633280487,821,-0.35334416399840596,49.084096586178184
EURJPY,13,6,2407,0.44495222268387735,0.5623719273816217,1583,0.6074326691279007,824,0.019634164107718823,49.72995429995846
EURJPY,14,6,2407,-0.004611549646861152,-0.005803990623696841,1583,0.07636756321730026,824,-0.17397785921073639,49.3560448691317
EURJPY,15,6,2409,0.9524283935242449,1.1562766534300115,1585,1.1481611431157155,824,0.28158006074097336,50.72644250726442
EURJPY,16,6,2411,0.7156366652841077,0.8484777256673279,1587,0.9448931373803449,824,0.010376325451621005,50.85026959767731
EURJPY,17,6,2411,0.8702613023641789,0.9852271878187523,1587,1.5406209492369434,824,-0.8481295449200484,50.80879303193696
EURJPY,18,6,2411,1.0290335960182577,1.171051285348842,1587,1.1719286203249215,824,0.29431140182196275,50.974699294898386
EURJPY,19,6,2411,0.39688925756943894,0.4472592018102729,1587,0.2996291040541182,824,0.39378369538528224,49.481542928245545
EURJPY,20,6,2411,-0.4075902115304607,-0.4641465753868955,1587,-0.5978501403402877,824,0.13823240766721095,49.68892575694733
EURJPY,21,6,2412,-1.201533996683267,-1.390322131390827,1588,-1.2272832326246021,824,-0.6529268526694287,47.96849087893864
EURJPY,22,6,2410,-1.1488381742738942,-1.4262779948168014,1587,-1.5374505805520076,823,-0.1542422450590045,49.33609958506224
EURJPY,23,6,2411,-1.5272501036914303,-2.0618540148064826,1588,-2.4457944289527185,823,0.23241810214319408,47.44919120696806
EURJPY,0,8,2411,-2.8869763583575043,-3.9695994108733794,1587,-4.299542912641331,824,-0.2606441607228865,45.00207382828702
EURJPY,1,8,2411,-2.9511406055578573,-4.401820078227328,1587,-3.7605408148225674,824,-2.3434313410693237,45.37536291995023
EURJPY,2,8,2407,-1.9845866223514852,-3.0379444847658434,1583,-2.6961133862623337,824,-1.4001987815644699,44.827586206896555
EURJPY,3,8,2404,-1.5673460898502827,-2.3659015341996494,1580,-2.5420744982835815,824,-0.2378569620266129,44.80033277870216
EURJPY,4,8,2399,-1.088286786160908,-1.4733048242755316,1578,-1.2213344745039911,821,-0.8744161221279887,46.47769904126719
EURJPY,5,8,2341,-0.3800085433575265,-0.4701697608742221,1520,-0.5351248070255126,821,0.052322534871967336,47.03118325501922
EURJPY,6,8,2340,-1.0817094017094186,-1.3618324583411914,1531,-0.3962335265272245,809,-2.5004169335996727,46.02564102564102
EURJPY,7,8,2400,-1.1692499999999897,-1.4898232493304695,1579,-0.20961560018276149,821,-3.2361123478711984,45.04166666666667
EURJPY,8,8,2400,0.29279166666665274,0.3614969362618314,1579,0.5389812377614177,821,-0.3809054102447815,49.333333333333336
EURJPY,9,8,2401,0.02836318200750008,0.03457168818424341,1580,-0.41538157566090167,821,1.0563538218990216,49.47938359017076
EURJPY,10,8,2400,0.3258749999999739,0.3797275453837456,1579,0.4939599472229522,821,-0.1861103531358865,48.66666666666667
EURJPY,11,8,2401,0.7819241982507666,0.8928437456298087,1580,1.0265114685095764,821,-0.12069952365538349,49.60433152852978
EURJPY,12,8,2402,0.5736053288925891,0.6565965187246079,1581,0.6409947472973655,821,0.17454329163358154,50.24979184013322
EURJPY,13,8,2407,1.0704196094723581,1.1939334459599231,1583,1.0571212970682269,824,0.5573045650392225,50.68550062318239
EURJPY,14,8,2407,0.2064395513086986,0.2218115499704583,1583,0.25923140250256765,824,-0.026038822324951715,50.602409638554214
EURJPY,15,8,2409,0.31419676214196335,0.3151785187051938,1585,0.7699541558110374,824,-0.8414979702877525,50.10377750103777
EURJPY,16,8,2411,1.174948154292819,1.1372084184471263,1587,1.314770572857578,824,-0.048712351497784245,50.43550394027374
EURJPY,17,8,2411,1.4773952716715066,1.4344331215708994,1587,1.4452907526049654,824,0.33075332414299613,51.347988386561596
EURJPY,18,8,2411,0.13355454168397932,0.1365988059292333,1587,-0.10798131284043845,824,0.4968249652530135,49.73040232268768
EURJPY,19,8,2411,-0.5944421401908302,-0.6196462466563241,1587,-0.6232283337667935,824,-0.1439225509197055,48.278722521775194
EURJPY,20,8,2411,-0.9296972210701047,-0.9832961754201115,1587,-1.1139076026956254,824,0.0060347797169578166,49.813355454168395
EURJPY,21,8,2412,-2.165049751243809,-2.3117338627892225,1588,-2.149020596894903,824,-0.8776239522973852,47.55389718076285
EURJPY,22,8,2410,-1.9197925311203583,-2.2202716857308507,1587,-2.4586071170133907,823,-0.058058133275833174,48.29875518672199
EURJPY,23,8,2411,-1.3285358772293807,-1.6320554543874402,1588,-2.834906270237835,823,2.3056674818140084,49.39858979676483
EURJPY,0,12,2411,-2.5781833264205742,-2.80688236305074,1587,-2.843870019498917,824,-0.5520490776658015,46.12194110327665
EURJPY,1,12,2411,-2.348195769390311,-2.5603550015718834,1587,-2.3869711405285794,824,-0.9373973911983123,45.541269182911655
EURJPY,2,12,2407,-1.0524304113003908,-1.1700228996363011,1583,-1.0861515644420976,824,-0.4373829275602134,46.73867885334441
EURJPY,3,12,2404,-1.3565307820299464,-1.5824836316565878,1580,-1.7254577368475579,824,-0.032886838613690565,47.1297836938436
EURJPY,4,12,2399,-1.1278866194247816,-1.28010127420058,1578,-1.2514164291478327,821,-0.3343844029164795,46.686119216340145
EURJPY,5,12,2341,-0.6812046134130489,-0.742975568699881,1520,-0.996408245178806,821,0.4154025288352696,47.50106791969244
EURJPY,6,12,2340,-1.2363247863248024,-1.2477844101297852,1531,-0.35766361935379903,809,-2.2507307743090306,46.666666666666664
EURJPY,7,12,2400,-0.6071666666666364,-0.5825839254069693,1579,0.5005939770971399,821,-2.5685229856693432,47.95833333333333
EURJPY,8,12,2400,0.9534583333333254,0.8904172528902954,1579,1.0916894090350773,821,-0.2693581771397137,49.958333333333336
EURJPY,9,12,2401,1.6773011245314295,1.5370933015413395,1580,1.1819301021336115,821,1.112021193380148,50.35401915868388
EURJPY,10,12,2400,1.0734583333333148,0.9749912672198648,1579,0.931633827272055,821,0.30691745714918334,50.875
EURJPY,11,12,2401,0.7558933777592867,0.658038685974075,1580,1.0421857262760936,821,-0.6937735995275127,51.35360266555602
EURJPY,12,12,2402,1.2359283930058438,1.0486149312578172,1581,1.1191395322994553,821,0.09825295067572581,50.87427144046628
EURJPY,13,12,2407,1.0380972164520224,0.8632273670236944,1583,0.7410664889420394,824,0.4492819558530538,51.39177399252182
EURJPY,14,12,2407,-0.24885749896132425,-0.20718896849347299,1583,-0.2938423122338023,824,0.12102152044159267,50.35313668466971
EURJPY,15,12,2409,-0.10058115400583303,-0.08402844677731604,1585,-0.001787627680846462,824,-0.1825220727774266,49.39809049398091
EURJPY,16,12,2411,-0.24263790958110348,-0.2047858583501055,1587,-0.25525158833683864,824,0.04827093260526827,49.2326835338034
EURJPY,17,12,2411,-0.4814599751140752,-0.4196634674803793,1587,-0.29176664453510975,824,-0.3494878243542594,50.352550808793026
EURJPY,18,12,2411,-1.1562836997096593,-1.0615190904277452,1587,-1.4029502416064532,824,0.4490979634780904,48.94234757362091
EURJPY,19,12,2411,-1.3710908336790193,-1.2565466503938838,1587,-1.8879272175796302,824,1.0920861331536882,49.64744919120697
EURJPY,20,12,2410,-2.2458921161825502,-2.1123491750676426,1587,-2.208435658165133,823,-0.2862832581175279,48.17427385892116
EURJPY,21,12,2411,-3.009581086686021,-2.884065958693104,1588,-2.4670729949788073,823,-1.5224963799876596,46.41227706345914
EURJPY,22,12,2409,-2.5343711083437324,-2.5765602635847555,1587,-2.429492799780243,822,-0.9059295609466231,46.57534246575342
EURJPY,23,12,2410,-2.051908713692978,-2.206754624025694,1588,-2.6224052946005676,822,0.29526541198508877,46.84647302904564
GBPJPY,0,1,2412,-0.5641791044776095,-1.1172154233725562,1587,-1.2598441781477596,825,-0.08160932442214035,47.885572139303484
GBPJPY,1,1,2412,-0.93163349917087,-2.303244411551838,1587,-2.088777822196477,825,-1.0012166178687891,47.346600331674956
GBPJPY,2,1,2409,-0.32021585720218665,-0.8867709739276379,1584,-0.6969112403239529,825,-0.5677671572986276,47.90369447903694
GBPJPY,3,1,2405,-0.5838253638253266,-1.7459798714051578,1580,-2.841617519863867,825,1.2247257486428718,48.31600831600832
GBPJPY,4,1,2399,-0.7431012922050888,-2.233625219024775,1578,-1.5330148414529363,821,-1.7823816063864315,48.89537307211338
GBPJPY,5,1,2342,0.4891118701964197,1.6859911112320587,1520,0.2870557513243315,822,2.641320131963032,52.69000853970965
GBPJPY,6,1,2343,-1.4040119504907878,-4.647231139133569,1533,-4.672928523445447,810,-1.0075707801618645,44.8997012377294
GBPJPY,7,1,2401,-2.362140774677184,-6.021503281075365,1580,-3.4494989073869435,821,-5.0700263951048115,39.566847147022074
GBPJPY,8,1,2400,-0.7413750000000288,-1.8181614583417953,1579,0.19172401308204934,821,-5.0571044524324895,46.25
GBPJPY,9,1,2400,0.022708333333314693,0.05896239131067851,1579,-0.4980444158376701,821,1.0469480735632326,48.875
GBPJPY,10,1,2399,0.30579408086703974,0.7694326460833868,1578,0.25065044930390057,821,1.106209648917335,48.97874114214255
GBPJPY,11,1,2401,0.40474802165762286,0.6533422237303415,1580,1.0329731852093762,821,-1.6063659370297423,47.93835901707622
GBPJPY,12,1,2401,-0.11645147855061219,-0.3246340153638387,1580,-0.4009908658078811,821,0.16225239479023834,47.23032069970846
GBPJPY,13,1,2407,0.35816368923972275,1.164836087622549,1583,1.230685323569336,824,0.09442815220025973,48.732862484420444
GBPJPY,14,1,2407,-0.5554216867469948,-1.557744464419839,1583,-1.2509226984874846,824,-1.0759855511721477,47.569588699626095
GBPJPY,15,1,2409,-0.17936903279369332,-0.44215003746590475,1585,0.35153846710104486,824,-1.696177374197308,48.60938148609382
GBPJPY,16,1,2411,-0.120364993778521,-0.22549125336122633,1587,-0.8268169345526472,824,1.0650179822894752,48.81791787639983
GBPJPY,17,1,2411,0.5047283284944227,0.8754438839143324,1587,1.0711425965943253,824,-0.17294575402697035,50.10369141435089
GBPJPY,18,1,2411,-0.7034425549564643,-1.4387077558403822,1587,-0.5994222917779907,824,-1.8810171313352744,47.86395686437163
GBPJPY,19,1,2411,-0.5425134798838537,-1.1909735874828538,1587,-1.018723153779823,824,-0.619308028611857,49.440066362505185
GBPJPY,20,1,2411,-0.1332227291580185,-0.27978543050289656,1587,-0.3313178328665939,824,0.013901987154529697,49.89630858564911
GBPJPY,21,1,2412,-0.40422885572141726,-0.8153710571572662,1588,-1.146070331394277,824,0.3699412468741506,49.04643449419569
GBPJPY,22,1,2410,0.10609958506222181,0.19356002880173387,1587,1.5857356671637304,823,-2.517119969833882,49.95850622406639
GBPJPY,23,1,2411,0.49825798423893425,0.9312135833738658,1588,1.0989517994224507,823,0.050884483200975904,51.09912899211946
GBPJPY,0,2,2412,-1.3094941956882913,-2.0170850978827497,1587,-2.0313277512626486,825,-0.5252624759655609,47.636815920398014
GBPJPY,1,2,2412,-1.0782338308458153,-2.0288167041011613,1587,-1.8136053437807684,825,-0.9145546120374253,47.636815920398014
GBPJPY,2,2,2409,-0.7406807804067843,-1.5500570072050737,1584,-2.260288140342386,825,0.7892871231842958,47.77916147779162
GBPJPY,3,2,2405,-1.1653222453222332,-2.5315790506739746,1580,-2.847924650299847,825,-0.19495599366283156,48.731808731808734
GBPJPY,4,2,2399,-0.4250937890787969,-0.990383377629879,1578,-1.6451801915637332,821,0.8005342540214653,49.97915798249271
GBPJPY,5,2,2342,0.9939795046968908,2.1084234486751385,1520,-0.5594741314177957,822,5.826718862701552,54.397950469684034
GBPJPY,6,2,2342,-2.8776259607172907,-5.868010033324681,1533,-5.099467092573314,809,-3.0831857914414535,40.435525192143466
GBPJPY,7,2,2401,-2.9233236151603657,-5.238337311315332,1580,-1.571062807577542,821,-7.806688962163589,41.1911703456893
GBPJPY,8,2,2400,-0.5350000000000373,-0.9666581581408156,1579,0.04284794923331728,821,-2.28573399896571,45.916666666666664
GBPJPY,9,2,2400,0.5145416666666722,0.913940817808217,1579,0.07178731174734276,821,1.8093040681746213,50.0
GBPJPY,10,2,2399,0.8935806586077657,1.1262141087503044,1578,1.0948927763314298,821,0.27188476692688807,49.81242184243435
GBPJPY,11,2,2401,0.48546438983754053,0.6214538976309292,1580,0.8084273877058251,821,-0.7096895912166469,48.85464389837568
GBPJPY,12,2,2401,0.4334027488546431,0.925398496589198,1580,0.7558539535115893,821,0.620355009762758,48.0216576426489
GBPJPY,13,2,2407,-0.012505193186530957,-0.02655075477209954,1583,0.10035008317492734,824,-0.30741397366037776,49.14831740756128
GBPJPY,14,2,2407,-0.5314914831740919,-0.9919537154624816,1583,-0.31768972979983906,824,-1.708224070256025,47.90195263813876
GBPJPY,15,2,2409,-0.09124117891241267,-0.1379951726503668,1585,-0.2241096864096228,824,0.12890622069197255,49.31506849315068
GBPJPY,16,2,2411,0.5877644131066208,0.7323244110671914,1587,0.4166447786722062,824,0.7834536758012073,50.145167980091244
GBPJPY,17,2,2411,0.00041476565738133415,0.0005497632961974493,1587,0.6282070102046544,824,-1.1691714577851704,50.974699294898386
GBPJPY,18,2,2411,-1.0395686437162883,-1.5555929675871782,1587,-0.901517053621232,824,-1.59412785384893,48.73496474491912
GBPJPY,19,2,2411,-0.4905018664454606,-0.758622885689114,1587,-0.7749684514554599,824,-0.17689779328621077,49.440066362505185
GBPJPY,20,2,2411,-0.35653255910412196,-0.5238467135588628,1587,-0.8742865920929043,824,0.44861145464849395,49.19120696806304
GBPJPY,21,2,2412,-0.10406301824213393,-0.1381574466834984,1588,0.593361088957383,824,-1.3649708793537403,49.08789386401327
GBPJPY,22,2,2410,0.8130705394190664,1.0897611400208964,1587,2.1734354191347,823,-1.347812149956382,51.65975103734441
GBPJPY,23,2,2411,0.1478224802986955,0.2012694936112089,1588,0.17895747176532983,823,0.09334601441845425,47.82248029863128
GBPJPY,0,3,2412,-1.456094527363236,-1.9618046779301892,1587,-1.9548311212141438,825,-0.5385823995921435,46.93200663349917
GBPJPY,1,3,2412,-1.4944444444444358,-2.3964199063401046,1587,-2.9416200715712923,825,0.15287474946221588,48.507462686567166
GBPJPY,2,3,2409,-1.294562058945622,-2.265642170302664,1584,-2.4496865560189294,825,-0.26532289311788537,47.40556247405562
GBPJPY,3,3,2405,-0.8666112266112258,-1.6292798272808782,1580,-2.849458625096094,825,1.5287880840293828,49.68814968814969
GBPJPY,4,3,2399,0.056815339724915585,0.10131069851551917,1578,-1.8079099303229897,821,4.002086992016014,51.52146727803252
GBPJPY,5,3,2341,-0.39278086287904773,-0.6796623983966469,1520,-1.6537731205179798,821,0.9954242632238584,46.86031610422896
GBPJPY,6,3,2342,-3.523825789923153,-5.983096229987108,1533,-3.5610010359538995,809,-5.620387486670777,39.2399658411614
GBPJPY,7,3,2401,-2.711037067888404,-4.132125678062804,1580,-1.3916837284345498,821,-6.1185704649727395,42.440649729279464
GBPJPY,8,3,2400,-0.04316666666667961,-0.06084153707594377,1579,0.35223655372480106,821,-0.8834006743485523,47.791666666666664
GBPJPY,9,3,2400,1.1060000000000068,1.2520364552322094,1579,0.9368211820035873,821,1.1213304274270859,49.541666666666664
GBPJPY,10,3,2399,0.9735306377657416,1.0458454187764177,1578,0.9176730263775783,821,0.5816987901079919,49.68736973739058
GBPJPY,11,3,2401,1.0353186172427962,1.2378421894476797,1580,1.3355004783720437,821,-0.22178891277600407,49.18783840066639
GBPJPY,12,3,2401,0.07480216576426518,0.13270958917193768,1580,0.059150183078198616,821,0.20584214592427738,48.52144939608497
GBPJPY,13,3,2407,0.011425010386371944,0.018422291224197248,1583,0.5354510888468879,824,-1.1645839719232067,49.60531782301621
GBPJPY,14,3,2407,-0.4452014956377385,-0.5794158112915879,1583,-0.597544606745218,824,-0.08984254076966192,49.72995429995846
GBPJPY,15,3,2409,0.6078040680780727,0.6857605365096714,1585,0.6964544611706149,824,0.1505722855040212,48.9829804898298
GBPJPY,16,3,2411,0.08345085026957955,0.08908286810941544,1587,0.19835330097265036,824,-0.18199460087274735,50.145167980091244
GBPJPY,17,3,2411,-0.33571132310244245,-0.3820247408507595,1587,0.1869645791792762,824,-1.1582385472936902,49.56449605972625
GBPJPY,18,3,2411,-0.9875570302778949,-1.2004705414191286,1587,-0.7748728324445189,824,-1.063903887572184,48.61053504769805
GBPJPY,19,3,2411,-0.7138116963915639,-0.8610935382238583,1587,-1.1260867336726554,824,0.22809933973166083,49.60597262546661
GBPJPY,20,3,2411,-0.062214848610538206,-0.06937465484264871,1587,0.4702941345467751,824,-0.9858437291121349,50.020738282870184
GBPJPY,21,3,2412,0.5907960199004856,0.6467189653074986,1588,1.2611219970151213,824,-0.7859573449536346,50.33167495854063
GBPJPY,22,3,2410,0.47195020746889266,0.5239095856196545,1587,1.3028861362217437,823,-1.1292977447422055,49.12863070539419
GBPJPY,23,3,2411,-0.5957279137287462,-0.7106348517035626,1588,-0.6765970712971489,823,-0.25246908503916116,48.19576939029449
GBPJPY,0,4,2412,-1.8723051409618563,-2.3211455374374768,1587,-2.862017920991035,825,0.21632595938437338,47.01492537313433
GBPJPY,1,4,2412,-2.0632669983416427,-2.9532560142261293,1587,-3.1123360401223543,825,-0.5813283956140425,47.67827529021559
GBPJPY,2,4,2409,-0.986508924865101,-1.5790984519292819,1584,-2.5695409704116594,825,1.2512068766956066,49.19053549190536
GBPJPY,3,4,2405,-0.3688149688149225,-0.5773650186936488,1580,-2.8110597583528176,825,4.322367988108416,51.725571725571726
GBPJPY,4,4,2398,-1.2120100083402392,-1.8796219306778181,1578,-2.5234415254789146,820,0.24795705859533185,48.665554628857386
GBPJPY,5,4,2341,-1.0034173430158064,-1.4602365455927442,1520,-1.1346689902588976,821,-0.9462750970769482,45.74967962409227
GBPJPY,6,4,2342,-3.4411614005123927,-5.153835347076534,1533,-3.296541084340945,809,-4.575325425115294,41.673783091374894
GBPJPY,7,4,2401,-2.220491461890878,-2.762264044331703,1580,-0.8402905892546835,821,-4.354424514479819,43.14868804664723
GBPJPY,8,4,2400,0.5482916666666547,0.5046816115332183,1579,0.9370542140291706,821,-1.3192838846839037,48.583333333333336
GBPJPY,9,4,2400,1.1892500000000004,1.1828157127408605,1579,0.8100414757509075,821,1.3365117855587365,48.20833333333333
GBPJPY,10,4,2399,1.5212588578574537,1.5611555565341344,1578,1.374065738271875,821,0.8571142497450331,49.81242184243435
GBPJPY,11,4,2401,0.676718034152418,0.8644914039684827,1580,1.052900933019038,821,-0.4156905331274311,49.18783840066639
GBPJPY,12,4,2401,0.10574760516450554,0.14971754924092362,1580,0.4570770530530981,821,-0.7016388955772014,49.06289046230737
GBPJPY,13,4,2407,0.09771499792272531,0.1176263678447324,1583,0.05677483992004163,824,0.15828944139740223,49.14831740756128
GBPJPY,14,4,2407,0.2596177814707278,0.2668685210598798,1583,0.3037821986593662,824,-0.01508538743807435,49.72995429995846
GBPJPY,15,4,2409,0.07957658779575405,0.07906429293346977,1585,0.4393306941508135,824,-0.6467162327498353,49.605645496056454
GBPJPY,16,4,2411,-0.2526752384902439,-0.24494356469547046,1587,-0.11992798264716834,824,-0.2930426079048934,49.77187888842804
GBPJPY,17,4,2411,-0.28369970966404895,-0.28280350089115636,1587,0.13623173933429136,824,-0.8372429078507961,49.68892575694733
GBPJPY,18,4,2411,-1.2108668602239983,-1.2496770893934297,1587,-1.1053365666344892,824,-0.5841777246153321,49.93778515138946
GBPJPY,19,4,2411,-0.4194939858979801,-0.41324238983673656,1587,0.08104148869630663,824,-1.0026669274330477,49.68892575694733
GBPJPY,20,4,2411,0.6340107839070885,0.6116409755170915,1587,1.0872994100324025,824,-0.5737906665230543,51.22355868934052
GBPJPY,21,4,2412,0.23146766169156338,0.2208815768125937,1588,0.6649356168382433,824,-0.6702709220342951,49.004975124378106
GBPJPY,22,4,2410,-0.25058091286312395,-0.25560058133109287,1587,0.5017965069967993,823,-1.346882933602717,49.12863070539419
GBPJPY,23,4,2411,-0.7452094566569786,-0.8265178725708074,1588,-0.771911695420674,823,-0.3180220642287905,47.15885524678556
GBPJPY,0,6,2412,-2.1361940298507807,-2.4080029586340905,1587,-3.211289506792443,825,0.6447069059653133,46.683250414593694
GBPJPY,1,6,2412,-1.261028192371458,-1.5369017125739681,1587,-3.2250793049465494,825,2.7270777763311993,50.124378109452735
GBPJPY,2,6,2408,-1.7795681063122444,-2.273121799858168,1584,-3.230768627630122,824,0.7805107620043457,47.3421926910299
GBPJPY,3,6,2404,-2.167221297836953,-2.7470424032821192,1580,-2.733198523059874,824,-0.7723231983517171,46.04825291181364
GBPJPY,4,6,2398,-1.7118432026688952,-2.2082582471529077,1578,-1.9497909079921079,820,-1.0397614675871258,44.78732276897415
GBPJPY,5,6,2341,-0.3413498504912189,-0.3908561867010768,1520,-0.7122322435366172,821,0.4549724837903674,45.87782998718497
GBPJPY,6,6,2342,-2.351494449188717,-1.9973105902514785,1533,-0.8976999616858774,809,-3.1904408909135697,44.192997438087104
GBPJPY,7,6,2401,-1.5420658059142072,-1.1798142344801268,1580,0.11706244465593532,821,-4.083469199810719,43.481882548937946
GBPJPY,8,6,2400,1.1761666666666555,0.9484238708308865,1579,1.2002267514382488,821,-0.7128213792153633,47.041666666666664
GBPJPY,9,6,2400,1.3937083333333422,1.4156731083852807,1579,1.0398371485812774,821,1.2339369868174603,48.5
GBPJPY,10,6,2399,1.2195081283868332,1.175591349423488,1578,1.3124081576253432,821,-0.15606106653280263,49.43726552730304
GBPJPY,11,6,2401,0.7968346522282127,0.820747000110585,1580,0.8822860069283693,821,0.028444745249058788,49.47938359017076
GBPJPY,12,6,2401,0.8516867971678729,0.7965678704259306,1580,0.7315737610727084,821,0.31602357455195346,49.5210329029571
GBPJPY,13,6,2407,0.27727461570418577,0.24505081933343612,1583,0.5664691117835351,824,-0.5770911768927471,49.72995429995846
GBPJPY,14,6,2407,-0.6208973826339849,-0.5404267754470891,1583,-0.1754776088579357,824,-0.828772068359637,48.982135438304944
GBPJPY,15,6,2409,-0.21901203819011972,-0.1820332437281174,1585,0.07286298947226964,824,-0.5114371698696276,49.066002490660026
GBPJPY,16,6,2411,-0.423973454997954,-0.3398642733416521,1587,-0.46878302443579717,824,0.13917139558799138,49.93778515138946
GBPJPY,17,6,2411,-0.2126918291165681,-0.16865926019550959,1587,0.5664571592173803,824,-1.3705938758361687,51.05765242637909
GBPJPY,18,6,2411,-0.2203235172127881,-0.17544612534325496,1587,0.49586243934866525,824,-1.1755492276287598,49.89630858564911
GBPJPY,19,6,2411,-0.08788884280379584,-0.069862880141875,1587,0.2538483337643548,824,-0.5480325945656733,48.61053504769805
GBPJPY,20,6,2411,-0.4521360431356642,-0.3734147014731844,1587,-0.010689555728520674,824,-0.696379111528616,50.06221484861053
GBPJPY,21,6,2412,-0.628648424543978,-0.5426036046804695,1588,-0.093108010084456,824,-0.9085811717656291,48.09286898839137
GBPJPY,22,6,2410,-0.8219087136929343,-0.754946955893967,1587,-0.4225952337987894,823,-0.7652782530235562,48.29875518672199
GBPJPY,23,6,2411,-1.7362090418912937,-1.7285864514099123,1588,-1.8791652336824263,823,-0.2378943111312587,46.61965989216093
GBPJPY,0,8,2411,-2.960514309415157,-2.9968162243161505,1587,-3.815937543531331,824,0.37784501904688184,46.37080049771879
GBPJPY,1,8,2411,-3.1252592285359193,-3.3013538911940916,1587,-3.2168381778104904,824,-1.0181379599546962,46.287847366238076
GBPJPY,2,8,2408,-2.243853820598008,-2.4780546029633457,1584,-2.627152377334363,824,-0.37883043348710316,45.4734219269103
GBPJPY,3,8,2404,-1.4985024958402435,-1.5669904623456672,1580,-2.061905741538251,824,0.42739826775045586,46.67221297836938
GBPJPY,4,8,2398,-0.5472477064220183,-0.4561232951211206,1578,-0.31874365206085303,820,-0.4116496802285079,46.872393661384486
GBPJPY,5,8,2341,0.4063220845792608,0.3056212500622323,1520,0.17967840343583683,821,0.3835575668124897,47.07390004271679
GBPJPY,6,8,2342,-1.7806148590947801,-1.3482465378162343,1533,-0.4687666116397145,809,-2.6565979590019686,43.85140905209223
GBPJPY,7,8,2401,-1.3411495210328985,-1.073339208355351,1580,0.2761784019322427,821,-3.6682381515548257,44.06497292794669
GBPJPY,8,8,2400,0.8702499999999818,0.6843872018922322,1579,1.1819004590486366,821,-1.274070026641817,47.125
GBPJPY,9,8,2400,1.514541666666668,1.3137222177067205,1579,0.9104146377318195,821,1.1901608646091824,48.833333333333336
GBPJPY,10,8,2399,1.985077115464819,1.6136079662681397,1578,1.5256382825222727,821,0.5444974948017669,50.97957482284286
GBPJPY,11,8,2401,0.9109537692627709,0.7395030187877446,1580,1.174004802054139,821,-0.7308886420049487,50.31236984589754
GBPJPY,12,8,2401,-0.06289046230736398,-0.0502969388147266,1580,0.227979594247785,821,-0.5677616516433566,49.104539775093706
GBPJPY,13,8,2407,-0.02039883672621304,-0.015755779068599558,1583,0.22809899318299517,824,-0.4621971275488574,49.106771915247194
GBPJPY,14,8,2407,-0.7733277939343942,-0.5703519802208953,1583,-0.4729465004321842,824,-0.32288714883387826,49.02368093061903
GBPJPY,15,8,2409,-0.1457866334578754,-0.10081019586428668,1585,0.4610922848958494,824,-1.0482692385684031,50.2283105022831
GBPJPY,16,8,2411,0.5665698880132559,0.3855112745184688,1587,0.7571849024126759,824,-0.5145567223543208,52.218996267109084
GBPJPY,17,8,2411,0.11891331397761526,0.08150555939022394,1587,0.6586375962156006,824,-0.9443332118693426,49.85483201990875
GBPJPY,18,8,2411,-1.3064703442555403,-0.9355452903883897,1587,-0.35877175963971225,824,-1.2111943756603296,48.23724595603484
GBPJPY,19,8,2411,-0.9396101202820729,-0.7016774555530786,1587,-0.35567351575966116,824,-0.7684229225803951,48.02986312733306
GBPJPY,20,8,2411,-1.0113645790128296,-0.7777644851820491,1587,-0.7379831420460284,824,-0.2830084912802085,49.60597262546661
GBPJPY,21,8,2412,-1.6302653399668374,-1.3132122688359293,1588,-1.0435581007702321,824,-0.8143667116803658,48.54892205638474
GBPJPY,22,8,2410,-1.0804149377593582,-0.9401895857846503,1587,-0.8617278693755007,823,-0.38727541670578497,48.04979253112033
GBPJPY,23,8,2411,-0.9366238075486617,-0.8633848631796085,1588,-2.16994650341791,823,2.1761682300234186,48.5690584819577
GBPJPY,0,12,2411,-2.2514309415180636,-1.5885416059996937,1587,-1.7030489347184479,824,-0.11906000063721306,46.41227706345914
GBPJPY,1,12,2411,-1.643011198672761,-1.1459906603866885,1587,-1.2739209124762412,824,0.05819280913867075,46.329323931978436
GBPJPY,2,12,2408,-0.42811461794018973,-0.30173220158898617,1584,-0.4964518657218266,824,0.420933903219002,47.25913621262458
GBPJPY,3,12,2404,-0.6717970049916653,-0.5106177492751521,1580,-0.7194104422837646,824,0.3511041850042824,46.214642262895175
GBPJPY,4,12,2398,-0.36096747289406833,-0.26387343477290287,1578,-0.07199617110508585,820,-0.48393938593835484,47.372810675562974
GBPJPY,5,12,2341,0.9571123451516677,0.6903982722303975,1520,0.45650724830629713,821,0.6582956462158104,48.73985476292183
GBPJPY,6,12,2342,-1.322544833475622,-0.8985080134406994,1533,-0.11402901293944089,809,-1.8598869232535629,46.883005977796756
GBPJPY,7,12,2401,-1.104664723032084,-0.7123507314641934,1580,0.5996878121892115,821,-3.024340969795864,47.8134110787172
GBPJPY,8,12,2400,0.7159166666666648,0.4390012367282171,1579,0.9285486840893055,821,-1.024128833294061,48.833333333333336
GBPJPY,9,12,2400,1.3280833333333373,0.8346412872932233,1579,0.8220465326884766,821,0.21415205814051957,49.625
GBPJPY,10,12,2399,0.9134639433097,0.5600037480132379,1578,0.59719175135411,821,0.05324642965172692,49.02042517715715
GBPJPY,11,12,2401,0.6498125780924279,0.3933011713986794,1580,1.0185048346431302,821,-1.1656015645076812,49.89587671803415
GBPJPY,12,12,2401,0.7425655976676208,0.4505024496257145,1580,0.934993119748288,821,-0.7447713655101288,50.06247396917951
GBPJPY,13,12,2407,0.37083506439553754,0.21875520989578323,1583,0.6499221293657153,824,-0.6911685212959409,49.314499376817615
GBPJPY,14,12,2407,-0.9264229331118152,-0.5449456491429223,1583,-0.07921162084578,824,-0.9390185500617929,48.857498961362694
GBPJPY,15,12,2409,-0.7215857202158871,-0.42738889630537097,1585,0.03342338679667926,824,-0.9092926648898596,48.775425487754255
GBPJPY,16,12,2411,-1.078805474906662,-0.6409643736460457,1587,-0.564183727553731,824,-0.3049533570885032,49.73040232268768
GBPJPY,17,12,2411,-1.7380754873496607,-1.0890799120500547,1587,-0.6420316820403529,824,-1.0500273341365252,49.2326835338034
GBPJPY,18,12,2411,-2.1213604313562984,-1.3972205714681936,1587,-1.304039021084439,824,-0.5399064051504194,48.36167565325591
GBPJPY,19,12,2411,-1.151596847780973,-0.7728395235880124,1587,-1.447032223750174,824,0.9897643699021657,49.108253836582335
GBPJPY,20,12,2410,-2.1549377593360473,-1.5069329934616396,1587,-1.6417161437780667,823,-0.20061465554200078,48.96265560165975
GBPJPY,21,12,2411,-2.754790543343042,-1.9496788265865488,1588,-1.5412863520532847,823,-1.234952705230204,47.781003732890916
GBPJPY,22,12,2409,-2.4187629721876416,-1.8128329213254435,1587,-1.342115373231867,822,-1.3120878867519852,47.61311747613117
GBPJPY,23,12,2410,-2.1601659751036846,-1.6609712741696347,1588,-1.9487242601862353,822,0.055923164406346745,47.01244813278008
AUDJPY,0,1,2412,-0.14660033167495554,-0.4940597323290186,1587,-0.8293627830543324,825,0.36594796096500565,47.76119402985074
AUDJPY,1,1,2412,-0.409950248756224,-1.7328149535718003,1587,-1.157651731739429,825,-1.4906702687232516,47.09784411276949
AUDJPY,2,1,2408,-0.2852159468438521,-1.249734998269471,1583,-0.9102788851204979,825,-0.9871382201738225,46.470099667774086
AUDJPY,3,1,2406,-0.3650041562759802,-1.6550887597579393,1581,-2.177178558991418,825,0.42646985599801046,46.34247714048213
AUDJPY,4,1,2399,-0.38862025844103093,-1.7933793526201076,1578,-1.1820630177258695,821,-1.580065743202037,46.727803251354736
AUDJPY,5,1,2341,0.2785134557881363,1.4925539813326345,1519,-0.14273763666995218,822,3.028077832895147,51.644596326356265
AUDJPY,6,1,2343,-0.29923175416131387,-1.5565844072934012,1533,-0.8624724477550194,810,-1.7646518700523992,46.43619291506616
AUDJPY,7,1,2401,-0.5665139525197841,-2.307771563708398,1580,-1.0980686660745362,821,-2.1907469344086525,44.68971261974177
AUDJPY,8,1,2401,-0.7563931695127022,-2.8902863131446113,1580,-0.2959704258204385,821,-5.3121908873019805,45.77259475218659
AUDJPY,9,1,2401,-0.06476468138277376,-0.19341203610129604,1580,-1.1697319624362845,821,1.784880863843431,47.31361932528113
AUDJPY,10,1,2400,-0.06141666666667535,-0.17071543677472828,1579,-0.3843265235762014,821,0.2660196833779973,48.333333333333336
AUDJPY,11,1,2401,0.08867138692210796,0.2767132565216719,1580,1.137073694767884,821,-1.9792121730205496,47.18867138692212
AUDJPY,12,1,2403,-0.1397836038285309,-0.524485565702177,1582,-0.5457701321398972,821,-0.06891803945469561,46.774864752392844
AUDJPY,13,1,2408,-0.05880398671094762,-0.2538762466229845,1584,0.06708400149164032,824,-0.7327597448047546,47.79900332225914
AUDJPY,14,1,2408,-0.7597591362126268,-3.41970950949683,1584,-3.1342528058923946,824,-1.4145747985455337,45.30730897009967
AUDJPY,15,1,2409,-0.503902034039027,-1.9282766137786942,1585,-1.1561531673034395,824,-1.8350724144893895,46.65836446658365
AUDJPY,16,1,2410,-0.5894605809128511,-2.0849279425035587,1586,-1.4013235606182315,824,-1.772826684251455,47.01244813278008
AUDJPY,17,1,2411,0.0106594773952731,0.038843968155309744,1587,0.42392603419610153,824,-0.6338514292089356,48.527581916217336
AUDJPY,18,1,2412,-0.23167495854062922,-0.9510846672625396,1588,-0.988756442713014,824,-0.17790240723229947,48.8391376451078
AUDJPY,19,1,2412,-0.43627694859038924,-2.0769300904681307,1588,-2.5328300152906547,824,0.22506310931005508,48.217247097844115
AUDJPY,20,1,2412,-0.587147595356535,-2.6471791898750374,1588,-1.756679006350517,824,-2.2565161048911375,46.06135986733001
AUDJPY,21,1,2411,-0.028121111571968106,-0.1057776224408285,1587,0.3770683859853867,824,-0.8537072370345624,48.900871007880546
AUDJPY,22,1,2410,0.23082987551868378,0.7613664186423215,1587,2.200081998302031,823,-2.3513438604332397,50.29045643153527
AUDJPY,23,1,2411,0.18793031936956525,0.6030109797618866,1588,1.0657970591990134,823,-0.5339067316899343,48.98382413936126
AUDJPY,0,2,2412,-0.3796849087893925,-1.038878491915122,1587,-1.0457665988373719,825,-0.26751211142787745,46.766169154228855
AUDJPY,1,2,2412,-0.4984660033167594,-1.5291452187297392,1587,-1.0431773045483885,825,-1.294629546989824,47.01492537313433
AUDJPY,2,2,2408,-0.4638289036544843,-1.455867350202143,1583,-1.7685393411916572,825,0.16030177819950042,47.176079734219265
AUDJPY,3,2,2406,-0.574106400665027,-1.9024274012868405,1581,-2.013916404870219,825,-0.35550988892594837,46.633416458852864
AUDJPY,4,2,2399,-0.1277615673197082,-0.4492717462644245,1578,-1.3005878401480904,821,1.5277736749003534,49.97915798249271
AUDJPY,5,2,2341,1.217300299017531,4.130720995748152,1519,1.6019498762662734,822,5.471956504932879,55.19008970525417
AUDJPY,6,2,2342,-0.2729291204099069,-0.8619058478942192,1533,-0.305401245463011,809,-0.9760224011130242,45.900939368061486
AUDJPY,7,2,2401,-1.124489795918359,-3.3568044656752596,1580,-0.4451690781943989,821,-5.845681478149588,43.481882548937946
AUDJPY,8,2,2401,-0.6400249895876855,-1.5555735360524294,1580,-0.8012352422920522,821,-1.7608654913358293,48.0216576426489
AUDJPY,9,2,2401,0.05835068721364361,0.11753942082433211,1580,-0.8146968790361138,821,1.592104310049221,47.56351520199917
AUDJPY,10,2,2400,0.22349999999999046,0.4523298873288556,1579,0.7883364938661168,821,-0.5911033921041231,47.625
AUDJPY,11,2,2401,0.14773011245315495,0.34578591134708236,1580,0.8356966434068384,821,-1.150789842261115,47.31361932528113
AUDJPY,12,2,2403,-0.008905534748214716,-0.025070517247230303,1582,0.014554870911715923,821,-0.09208678515810838,46.650020807324175
AUDJPY,13,2,2408,-0.6244601328903605,-1.8912854613853922,1584,-1.5883389579185399,824,-1.0410339056269071,46.88538205980066
AUDJPY,14,2,2408,-1.0487541528239157,-3.0174054236692127,1584,-2.3914859105079946,824,-1.8854778434275983,45.97176079734219
AUDJPY,15,2,2409,-0.89124117891242,-2.3280051088293097,1585,-1.4081255032520166,824,-2.2919262032784986,47.53009547530095
AUDJPY,16,2,2410,-0.39257261410786953,-0.9966282450241807,1586,-0.38026182094876937,824,-1.3595580611298566,47.80082987551867
AUDJPY,17,2,2411,-0.01410203235172597,-0.03868278424039933,1587,0.07539988495365924,824,-0.2066001349311145,49.27416009954376
AUDJPY,18,2,2412,-0.46616915422886007,-1.4374819709173121,1588,-1.8997264629394852,824,0.4587249101631687,48.507462686567166
AUDJPY,19,2,2412,-0.8259950248756106,-2.7907121223098157,1588,-2.6631891352277735,824,-0.9978083376490157,46.558872305140966
AUDJPY,20,2,2412,-0.4334162520729728,-1.2301808972645076,1588,-0.45015066205019166,824,-1.6179175204350782,47.2636815920398
AUDJPY,21,2,2411,0.3953546246370808,0.9667756553473874,1587,2.218191487097914,824,-2.0182930523145526,50.933222729158025
AUDJPY,22,2,2410,0.6056431535269832,1.421509797760594,1587,2.7101934465193227,823,-1.5585799410208727,50.70539419087137
AUDJPY,23,2,2411,0.2206553297387233,0.5196459549289992,1588,0.5342005801943164,823,0.12424786812122378,48.154292824554126
AUDJPY,0,3,2412,-0.4682006633499278,-1.0986210304849449,1587,-1.0468060532782184,825,-0.3762684720498783,46.766169154228855
AUDJPY,1,3,2412,-0.6782752902155995,-1.7001313496061798,1587,-1.741602580673007,825,-0.3783377480743403,47.67827529021559
AUDJPY,2,3,2408,-0.6758720930232746,-1.7560802994160694,1583,-1.7952641988364748,825,-0.4061732403034705,45.43189368770764
AUDJPY,3,3,2406,-0.31625103906899554,-0.8855069744787356,1581,-2.0223941711784144,825,1.597016139888818,47.547797173732334
AUDJPY,4,3,2399,0.8384743643184793,2.4031418268923246,1578,0.4520217386474301,821,4.572941477148372,52.31346394330971
AUDJPY,5,3,2340,1.2699145299145338,3.410038825699874,1519,1.805234361860524,821,3.246426119342504,51.581196581196586
AUDJPY,6,3,2342,-0.9158838599487579,-2.3928893032457745,1533,-0.3399435530299237,809,-4.105233338178078,43.68061485909479
AUDJPY,7,3,2401,-1.0081216159933422,-2.236587933258569,1580,-0.8830261581939105,821,-3.0457644630587644,45.77259475218659
AUDJPY,8,3,2401,-0.516909620991268,-0.9431948767497211,1580,-0.6128220930016198,821,-0.8189715555059118,47.68846314035818
AUDJPY,9,3,2401,0.342440649729261,0.5769831743702745,1580,0.2221668475758201,821,0.8354988354692278,47.98000832986256
AUDJPY,10,3,2400,0.28329166666667577,0.49246921064223315,1579,0.6648709293019832,821,-0.2641764934003905,47.291666666666664
AUDJPY,11,3,2401,0.2786339025406187,0.5750432282079984,1580,1.049948789721763,821,-0.9979358543909391,47.98000832986256
AUDJPY,12,3,2403,-0.5746150645026984,-1.3608714728847027,1582,-1.2527180510369595,821,-0.5368032606203006,45.401581356637536
AUDJPY,13,3,2408,-0.9134551495016492,-2.184133297338385,1584,-1.5871573305441007,824,-1.6347287956258112,46.71926910299003
AUDJPY,14,3,2408,-1.4288621262458443,-3.202905943961404,1584,-2.343779549989601,824,-2.4153234748722725,45.59800664451827
AUDJPY,15,3,2409,-0.6887505188875114,-1.4671350271697468,1585,-0.6206986191124021,824,-1.8672430301538108,47.19800747198008
AUDJPY,16,3,2410,-0.42240663900414116,-0.9038893809038625,1586,-0.5183669418524356,824,-0.9285987807098626,47.55186721991701
AUDJPY,17,3,2411,-0.25309000414766647,-0.591808875209309,1587,-0.8289226039012426,824,0.2629647530907741,48.320199087515554
AUDJPY,18,3,2412,-0.8558872305140816,-2.246234449324744,1588,-2.314542712678769,824,-0.5301018272721161,47.59535655058043
AUDJPY,19,3,2412,-0.6722636815920483,-1.6845085718153983,1588,-1.383003999200931,824,-0.9649669832414315,46.39303482587065
AUDJPY,20,3,2412,-0.016417910447758047,-0.03509939043310252,1588,1.3910444035667564,824,-2.518846297063377,49.834162520729684
AUDJPY,21,3,2411,0.7677727084197439,1.5349393357292656,1587,2.7628952025986266,824,-1.5678526306108738,50.64288676897553
AUDJPY,22,3,2410,0.6470539419087434,1.2577481478377832,1587,2.0496574671109973,823,-0.8855978793097048,48.79668049792531
AUDJPY,23,3,2411,-0.012650352550792077,-0.026810918664873916,1588,0.16623121172377828,823,-0.33840567996751747,47.11737868104521
AUDJPY,0,4,2412,-0.6480099502487681,-1.3347222989426142,1587,-1.6416065582351844,825,0.19267257904213,46.807628524046436
AUDJPY,1,4,2412,-0.909121061359897,-2.0089357194694406,1587,-1.8696287570681558,825,-0.7819958603646593,48.175787728026535
AUDJPY,2,4,2408,-0.41378737541528016,-0.9741267237485814,1583,-1.8877104479160312,825,1.2740291784599127,47.59136212624585
AUDJPY,3,4,2406,0.6531587697423148,1.6359927954369513,1581,-0.43141023164447206,825,4.041059622638172,50.49875311720699
AUDJPY,4,4,2398,0.9073811509591342,2.2086187755324507,1578,0.8576390807013605,820,2.6730698892325386,50.75062552126772
AUDJPY,5,4,2340,0.6267521367521406,1.4488638560521763,1519,1.2861852808796854,821,0.6756774365541092,49.059829059829056
AUDJPY,6,4,2342,-0.8157984628522702,-1.706387721873387,1533,-0.7892018248613467,809,-2.1003739449966887,45.77284372331341
AUDJPY,7,4,2401,-0.8850062473969245,-1.5245016839311953,1580,-0.6991445570847643,821,-1.8260803457241166,45.93919200333195
AUDJPY,8,4,2401,-0.23281965847565078,-0.3562814356090605,1580,0.299469629334184,821,-1.3893673928738355,47.77176176593086
AUDJPY,9,4,2401,0.4019158683881723,0.6068560294954355,1580,0.19015827623856596,821,1.0114134516849806,47.68846314035818
AUDJPY,10,4,2400,0.4145416666666758,0.6717867349662565,1579,0.8609926283053876,821,-0.2747844751238041,48.125
AUDJPY,11,4,2401,-0.2750520616409826,-0.5326455463424284,1580,0.0036565140848822198,821,-1.2556024788882778,46.89712619741774
AUDJPY,12,4,2403,-0.8625884311277445,-1.7505793314034865,1582,-1.3563836495258543,821,-1.1761899354542908,47.06616729088639
AUDJPY,13,4,2408,-1.2935631229235778,-2.5978648881884,1584,-1.7828325192384784,824,-2.191409732963326,45.84717607973422
AUDJPY,14,4,2408,-1.2367109634551439,-2.369137430144488,1584,-1.5652270615591828,824,-2.050679616950298,45.84717607973422
AUDJPY,15,4,2409,-0.7112079701120912,-1.332454601598078,1585,-0.7048663445977893,824,-1.4513824210529565,47.11498547114986
AUDJPY,16,4,2410,-0.6511203319502044,-1.2580434893133186,1586,-1.1762503771380424,824,-0.4710617310363032,48.42323651452282
AUDJPY,17,4,2411,-0.6495230194939766,-1.3744785972836664,1587,-1.3045249538236967,824,-0.5006998987188195,47.946909995852344
AUDJPY,18,4,2412,-0.7021558872305189,-1.5081403315987807,1588,-1.3881292833042478,824,-0.6258428912100553,47.09784411276949
AUDJPY,19,4,2412,-0.25526533996683376,-0.5076322854404345,1588,0.5354383216717504,824,-1.9114215000136872,48.0514096185738
AUDJPY,20,4,2412,0.3517827529021591,0.6424276098415158,1588,2.0351580639786593,824,-2.047425063750439,50.08291873963516
AUDJPY,21,4,2411,0.8117793446702797,1.4030544019351925,1587,2.228304941607965,824,-0.9641622904676203,50.68436333471589
AUDJPY,22,4,2410,0.41431535269711606,0.7465075380578932,1587,1.6244817139602896,823,-1.2248008559209946,49.08713692946058
AUDJPY,23,4,2411,-0.10041476565739123,-0.19496269243803543,1588,0.02282709623662996,823,-0.43200000776541947,47.49066777270842
AUDJPY,0,6,2412,-0.6407960199005073,-1.1595740377577892,1587,-1.9431417673550475,825,1.097647238615098,47.67827529021559
AUDJPY,1,6,2412,0.26670812603648053,0.5168011901956514,1587,-0.9100043275493199,825,2.723461786904463,49.585406301824214
AUDJPY,2,6,2407,0.6547569588699592,1.2991259065738359,1583,-0.0989416058683511,824,2.4742879323781986,48.857498961362694
AUDJPY,3,6,2405,0.12731808731807795,0.24901072126423568,1581,-0.07803699886483316,824,0.6011111282148918,48.31600831600832
AUDJPY,4,6,2398,0.3499165971642958,0.6466431674012108,1578,0.03412276356269693,820,1.279858067584959,47.289407839866556
AUDJPY,5,6,2340,0.8770085470085417,1.3785357253243622,1519,0.4856290393296754,821,1.8003727576022088,48.547008547008545
AUDJPY,6,6,2342,-0.3573014517506521,-0.49987146897289014,1533,0.24352063585772,809,-1.5477026187871212,46.66951323654996
AUDJPY,7,6,2401,-0.5414410662223961,-0.7213422029129343,1580,0.16275236065641766,821,-2.0140686225759743,45.93919200333195
AUDJPY,8,6,2401,-0.04285714285713967,-0.05720962575442554,1580,0.45218774148381563,821,-1.1133377301767553,47.10537276134944
AUDJPY,9,6,2401,-0.02357351103707694,-0.032753136783237706,1580,-0.3381309483817607,821,0.6146500506889256,47.43856726364015
AUDJPY,10,6,2400,-0.4142916666666616,-0.5967518588969325,1579,-0.13630734382964194,821,-1.0827785169800077,46.625
AUDJPY,11,6,2401,-0.9296543107038676,-1.4990164615131372,1580,-0.5604678600653191,821,-2.197497247589589,46.77217825905873
AUDJPY,12,6,2403,-1.0598002496878762,-1.6917344670087338,1582,-1.0515363950750176,821,-1.6200684950752589,46.650020807324175
AUDJPY,13,6,2408,-1.1274086378737462,-1.8079060375848732,1584,-1.1994241312155305,824,-1.5552152816808087,46.553156146179404
AUDJPY,14,6,2408,-1.493480066445188,-2.4168131989059103,1584,-2.073384809579938,824,-1.242406997068442,45.80564784053156
AUDJPY,15,6,2409,-1.3269821502698196,-2.1603665822616205,1585,-1.6213110275678106,824,-1.500866516178781,46.4508094645081
AUDJPY,16,6,2410,-0.8914107883817401,-1.464026601515839,1586,-1.0427562144385665,824,-1.1113773624673453,47.9253112033195
AUDJPY,17,6,2411,-0.09137287432600869,-0.14738328481454013,1587,0.6880841798372779,824,-1.414886170441368,48.85939444214019
AUDJPY,18,6,2412,0.08304311774461272,0.1315612244387252,1588,1.0012209404344774,824,-1.3267199874891473,48.88059701492538
AUDJPY,19,6,2412,0.14834162520731312,0.2302638393528173,1588,0.9745502456722336,824,-1.0827915746748185,48.175787728026535
AUDJPY,20,6,2412,0.15713101160863485,0.24217593965042952,1588,1.3350968687775595,824,-1.733032422117156,48.96351575456053
AUDJPY,21,6,2411,0.5271671505599392,0.8115441241106524,1587,1.6669219172480092,824,-1.2364386771252902,49.89630858564911
AUDJPY,22,6,2410,0.13070539419088634,0.20606021773342093,1587,0.7489201627293894,823,-0.878228307562144,48.50622406639004
AUDJPY,23,6,2411,-0.5165076731646694,-0.8656922126995297,1588,-0.8070650064201413,823,-0.33076062432812836,46.744089589382
AUDJPY,0,8,2411,0.3913313977602495,0.6294455938844319,1587,-0.6078057044347588,824,2.1658334442305507,48.73496474491912
AUDJPY,1,8,2411,-0.23944421401909585,-0.3959352950256076,1587,-0.5485226595476373,824,0.1599035241942292,47.28328494400664
AUDJPY,2,8,2407,0.10448691316990862,0.16932459537422118,1583,-0.5797855321476517,824,1.3344433015878348,45.86622351474865
AUDJPY,3,8,2405,0.34498960498958536,0.5010332107690676,1581,-0.44763071048147457,824,1.6315422807367366,46.9022869022869
AUDJPY,4,8,2398,0.7855296080066595,1.0670460906235133,1578,0.7227920773009847,820,0.9102998796420337,47.956630525437866
AUDJPY,5,8,2340,1.311538461538477,1.6546900228245054,1519,1.1386407762017394,821,1.3920458108616827,48.84615384615385
AUDJPY,6,8,2342,-0.17480785653286995,-0.21708894739155588,1533,0.3675397544514355,809,-1.2511792206305894,46.07173356105893
AUDJPY,7,8,2401,-0.9669304456476453,-1.21943686964939,1580,-0.3122581829866483,821,-2.1221449987227854,44.89795918367347
AUDJPY,8,8,2401,-0.8723865056226577,-1.0664410925844106,1580,-0.35813735787458534,821,-1.6849127634986816,46.81382757184506
AUDJPY,9,8,2401,-0.6711370262390716,-0.8269647164482127,1580,-0.7229044737925893,821,-0.40243437522992687,47.23032069970846
AUDJPY,10,8,2400,-0.6129166666666597,-0.7776313391456905,1579,-0.10993491038139679,821,-1.5033412243411717,46.916666666666664
AUDJPY,11,8,2401,-0.7757600999583469,-1.051706448698209,1580,-0.25868306198915897,821,-1.7303195615555607,47.10537276134944
AUDJPY,12,8,2403,-1.3200166458593392,-1.8588522610322173,1582,-1.5699340174922725,821,-1.0029746118890688,46.35871826883063
AUDJPY,13,8,2408,-1.752823920265759,-2.5262097487798743,1584,-1.9887198234334766,824,-1.603270186360499,46.262458471760795
AUDJPY,14,8,2408,-1.7400332225913677,-2.4549045352340757,1584,-1.8628567009146435,824,-1.6659434495432295,46.926910299003325
AUDJPY,15,8,2409,-0.7479452054794624,-1.0053557187197104,1585,0.08595205127558228,824,-2.100207718940184,48.318804483188046
AUDJPY,16,8,2410,-0.10311203319501082,-0.13926718355255752,1586,0.850558118445619,824,-1.652912548046853,49.00414937759336
AUDJPY,17,8,2411,0.3054749066777417,0.4121006896248625,1587,1.045834604582376,824,-0.8684320100780503,50.26959767731232
AUDJPY,18,8,2412,-0.11160862354891118,-0.15323042255722968,1588,0.533160670593298,824,-1.134529144648063,48.714759535655055
AUDJPY,19,8,2412,-0.14552238805969825,-0.20548236360132147,1588,0.5826062744765949,824,-1.3221214747986718,48.54892205638474
AUDJPY,20,8,2412,-0.10559701492536716,-0.14753636474264148,1588,0.6245894560932808,824,-1.3532992963644233,48.383084577114424
AUDJPY,21,8,2411,0.10456242223142548,0.14571710615501668,1587,0.815909951156724,824,-1.161651582303122,49.31563666528411
AUDJPY,22,8,2410,0.1346473029045809,0.196430729995836,1587,0.280793614232169,823,-0.1021377573676695,48.04979253112033
AUDJPY,23,8,2411,0.6583160514309605,1.021257540028807,1588,-0.1460413096879561,823,2.3576194406219644,49.025300705101614
AUDJPY,0,12,2411,0.3183741186229487,0.36975556753416755,1587,-0.14179286050038414,824,1.0039917070662978,46.12194110327665
AUDJPY,1,12,2411,0.44251347988386,0.5044147891444822,1587,0.06995879952369653,824,0.9315785330739845,46.744089589382
AUDJPY,2,12,2407,0.7775654341503972,0.8957553673187492,1583,0.40103592897843965,824,1.165322931286925,46.86331533028667
AUDJPY,3,12,2405,0.27280665280664435,0.31633490185280577,1581,-0.18980564701328098,824,1.0204819860056573,46.52806652806653
AUDJPY,4,12,2398,0.02589658048374044,0.029456659722555248,1578,-0.09966595416071179,820,0.25401139474761747,46.830692243536284
AUDJPY,5,12,2340,0.196666666666671,0.21892139181356213,1519,0.1537075590092881,821,0.17507373017253935,47.008547008547005
AUDJPY,6,12,2342,-1.0984201537147664,-1.1725138548496352,1533,-0.21451747671281443,809,-2.1583651124311594,46.32792485055508
AUDJPY,7,12,2401,-1.4634319033735899,-1.5471434002043551,1580,-0.45932385948951654,821,-2.5116817503537283,45.93919200333195
AUDJPY,8,12,2401,-1.3261557684298297,-1.3814973529543213,1580,-0.7580663879585265,821,-1.5506810329778584,47.0637234485631
AUDJPY,9,12,2401,-1.1578925447730046,-1.2208732783411596,1580,-1.10374120122563,821,-0.5233292777382227,47.23032069970846
AUDJPY,10,12,2400,-1.1369583333333366,-1.2241486354100461,1579,-0.6235896031186192,821,-1.4301411590451183,46.833333333333336
AUDJPY,11,12,2401,-0.8542690545605958,-0.9396030947376457,1580,0.22807114378637192,821,-2.316832161503955,47.68846314035818
AUDJPY,12,12,2403,-0.7880149812733982,-0.8775740342046277,1582,0.09860858024025226,821,-1.8413974697132736,48.31460674157304
AUDJPY,13,12,2408,-0.7992524916943257,-0.8766698633500593,1584,-0.018407568170263188,824,-1.629038831116628,48.17275747508305
AUDJPY,14,12,2408,-1.1678156146179297,-1.277404391458842,1584,-0.3557763931921985,824,-1.831814369233164,48.671096345514954
AUDJPY,15,12,2409,-0.6464092984640983,-0.7099209621213771,1585,0.21189507069499858,824,-1.7107353696331518,48.401826484018265
AUDJPY,16,12,2410,-0.5409128630705259,-0.6084843039689414,1586,-0.0038582978672670573,824,-1.1816586965682863,48.83817427385892
AUDJPY,17,12,2411,-0.4009954375777864,-0.46613461698266445,1587,0.08579163422461529,824,-1.0491632510155446,48.320199087515554
AUDJPY,18,12,2412,-0.36194029850745496,-0.43267228259112717,1588,-0.3641833397185477,824,-0.2340626286274243,49.04643449419569
AUDJPY,19,12,2412,0.5853233830845878,0.7177361672952048,1588,0.3689046367261774,824,0.7923650209571679,48.8391376451078
AUDJPY,20,12,2411,0.9178349232683551,1.1163241631928549,1588,1.102846156129862,823,0.32910369681500723,49.14973040232269
AUDJPY,21,12,2410,0.7324896265560157,0.8747353874265803,1587,1.319038613902986,823,-0.5296806788900879,49.33609958506224
AUDJPY,22,12,2409,0.6389373183893763,0.7693035687121431,1587,0.7691225404695524,822,0.20747721487305623,48.06973848069738
AUDJPY,23,12,2410,0.3502904564315302,0.4143015397940601,1588,-0.2520713063974446,822,1.1846713597256777,46.59751037344398
EURUSD,0,1,2412,-0.03893034825869128,-0.12965597761527495,1587,-1.0395552954225804,825,1.2991488635000508,49.04643449419569
EURUSD,1,1,2411,-0.9094151804230787,-3.7951902559250095,1586,-3.8065295693420316,825,-1.024256586909135,47.28328494400664
EURUSD,2,1,2408,-0.2615863787375326,-1.0729086251689093,1583,-0.24025252666670072,825,-2.1183063457120817,48.588039867109636
EURUSD,3,1,2405,-0.32374220374220647,-1.3735853449227158,1580,-1.7894141934741592,825,0.39312096085619,48.482328482328484
EURUSD,4,1,2399,-0.6145477282200769,-2.9525901638735235,1578,-1.813125861838066,821,-3.0576150893040785,46.89453939141309
EURUSD,5,1,2347,0.2629314017895117,1.866703706931554,1525,1.211535408802706,822,1.5960379332820978,51.810822326374094
EURUSD,6,1,2338,-0.2105645851155087,-1.5776284225796793,1529,-0.17372959400388,809,-3.7235275498239364,45.76561163387511
EURUSD,7,1,2401,-1.0160349854227706,-8.091993325832183,1580,-4.750409264689031,821,-8.18721031516381,38.23406913785923
EURUSD,8,1,2401,-0.29362765514369854,-2.139498995573363,1580,-0.13926927833999145,821,-4.242024945061319,45.5643481882549
EURUSD,9,1,2401,-0.14452311536859622,-0.8478923227583463,1580,-2.6781156027461224,821,2.410574104280156,50.020824656393174
EURUSD,10,1,2400,-0.8425416666666717,-5.126939706760952,1579,-3.0695573106198326,821,-4.786717283860089,44.83333333333333
EURUSD,11,1,2400,-0.6106666666666618,-3.4668083532707117,1579,-2.974216298122885,821,-1.8154355488516374,45.33333333333333
EURUSD,12,1,2401,-0.20024989587671493,-1.6005274397409253,1580,-2.044928752619286,821,0.28601770258853426,47.98000832986256
EURUSD,13,1,2407,0.035770668882397195,0.31577219601655954,1583,0.4039503878625524,824,-0.07500993687766452,49.43913585375987
EURUSD,14,1,2407,-0.5521395928541556,-3.583024812514911,1583,-2.6318615383754436,824,-2.875252755188038,45.57540506855006
EURUSD,15,1,2409,0.24242424242422383,1.0669543429204738,1585,0.6122713719665371,824,1.2202167373308288,50.43586550435866
EURUSD,16,1,2411,-0.20912484446287444,-0.6814224853737423,1587,-0.47452584005723003,824,-0.5706391061428185,48.02986312733306
EURUSD,17,1,2411,0.07639983409374201,0.2668314966253137,1587,1.3109300182055397,824,-1.687304948768691,48.36167565325591
EURUSD,18,1,2411,0.4891331397760342,2.024430645490387,1587,1.6236954123346214,824,1.2286054540035383,51.4309415180423
EURUSD,19,1,2411,0.27586063873912464,1.2111354324765877,1587,1.237844499519605,824,0.2840823953207748,51.38946495230194
EURUSD,20,1,2411,0.7163002903359356,2.6149473487833745,1587,2.100776637005828,824,1.6897875195770402,50.80879303193696
EURUSD,21,1,2411,-0.2785151389465314,-0.7613673292727919,1587,-0.3661928697442213,824,-1.0037149086559876,50.51845707175446
EURUSD,22,1,2410,-0.6740663900414705,-1.8456699532186716,1587,-1.181129831186861,823,-1.770969446445982,48.13278008298755
EURUSD,23,1,2410,0.2780912863070554,0.7878240156737399,1587,0.11840818026626818,823,1.3557547950195483,50.995850622406635
EURUSD,0,2,2412,-0.7564262023217528,-2.022121366757111,1587,-2.9811339763413915,825,0.775719561659238,48.88059701492538
EURUSD,1,2,2411,-0.9666528411447471,-2.895691418273815,1586,-2.3783219513861193,825,-1.69401415146793,47.241808378266285
EURUSD,2,2,2408,-0.3800664451827291,-1.102035183980508,1583,-0.9555946943194957,825,-0.5505668817211435,48.754152823920265
EURUSD,3,2,2405,-0.7474844074844044,-2.3485714688437134,1580,-2.1019292639000717,825,-1.0477538674507236,47.44282744282744
EURUSD,4,2,2399,-0.14085035431427648,-0.5683838415978093,1578,-0.2650499493051881,821,-0.7264766668298908,50.60441850771154
EURUSD,5,2,2347,0.7936940775457891,3.20055670194105,1525,2.495746752140591,822,2.5688094714914564,54.367277375372815
EURUSD,6,2,2337,-0.7483953786906614,-3.9591969963766678,1529,-1.2009222127250325,808,-5.777177532367363,41.762943945228926
EURUSD,7,2,2401,-1.128404831320304,-6.218939416937452,1580,-2.5644748863497773,821,-8.365767984190452,40.94127446897126
EURUSD,8,2,2401,-0.24364847980009893,-1.1395245501963422,1580,-1.4293733644279059,821,0.18722455456983306,48.52144939608497
EURUSD,9,2,2401,-0.7978758850478966,-3.4665239821049822,1580,-3.498627642333889,821,-0.9456809148102455,47.0637234485631
EURUSD,10,2,2400,-1.2602916666666544,-5.067283440973301,1579,-3.534572205054014,821,-4.155025353277638,45.25
EURUSD,11,2,2400,-0.6068749999999832,-2.6250937270073855,1579,-2.6581339875727483,821,-0.514012713483282,46.75
EURUSD,12,2,2401,0.025655976676362418,0.14958399782246606,1580,-0.35404914093844586,821,0.9408017826269943,50.77051228654727
EURUSD,13,2,2407,-0.3187370170336629,-1.6744440329400274,1583,-1.1764382622219574,824,-1.384157895975208,47.77731616119651
EURUSD,14,2,2407,-0.08899044453674974,-0.3340147761249242,1583,-0.38342406033120763,824,0.04028643985848067,49.60531782301621
EURUSD,15,2,2409,0.2384806973847597,0.6336110459911809,1585,0.3889519154929382,824,0.6416040991168523,49.27355749273558
EURUSD,16,2,2411,0.06665284114478624,0.1611057419706843,1587,0.891565384815706,824,-1.275086840513469,48.320199087515554
EURUSD,17,2,2411,0.7686437163002987,2.0227371409030814,1587,2.4079940295425497,824,-0.13002063774259437,50.228121111571966
EURUSD,18,2,2411,0.979303193695584,2.9257533656436037,1587,2.5224372593025626,824,1.4817999664449502,52.84114475321443
EURUSD,19,2,2411,1.1849854832019733,3.3100103539952825,1587,2.807031548724709,824,1.7764338972125693,51.26503525508088
EURUSD,20,2,2411,0.6228535877229054,1.381754802179494,1587,1.2809527470781956,824,0.5215702584661634,50.725839900456236
EURUSD,21,2,2411,-0.7603898797179771,-1.4248090413774723,1587,-0.791793811358102,824,-1.66367413678166,49.19120696806304
EURUSD,22,2,2410,-0.21767634854768714,-0.42398474369839556,1587,-0.509743826188878,823,0.05536690056545608,49.70954356846473
EURUSD,23,2,2410,0.4236514522821625,0.9023463660039579,1587,-0.28104501536953447,823,2.1790718345474867,50.62240663900415
EURUSD,0,3,2412,-0.8115257048092913,-1.8426996076653914,1587,-2.2112182189749796,825,0.10186708691725474,48.96351575456053
EURUSD,1,3,2411,-1.089216092907515,-2.620911760541005,1586,-2.600919893050736,825,-0.7184490584227243,47.49066777270842
EURUSD,2,3,2408,-0.792815614617938,-1.9548242233889435,1583,-1.3998897526859317,825,-1.5700071216994815,48.79568106312293
EURUSD,3,3,2405,-0.2787941787941695,-0.8124572381262617,1580,-1.011833918425608,825,0.16629931266296774,49.72972972972973
EURUSD,4,3,2399,0.37957482284286537,1.185829247701078,1578,1.2456494956368365,821,0.06331856297714897,52.897040433513965
EURUSD,5,3,2346,0.26248934356348524,0.9843338737338545,1525,1.7967934884621606,821,-1.5528919460838235,49.40323955669224
EURUSD,6,3,2337,-0.8711168164313405,-4.001155172037373,1529,-0.5815891532752829,808,-6.933477440197141,43.003851091142494
EURUSD,7,3,2401,-1.0784256559767045,-4.440554264205467,1580,-3.088915161255613,821,-3.5751855147999394,45.356101624323195
EURUSD,8,3,2401,-0.8970012494793996,-3.5115819983791843,1580,-2.5869678008835484,821,-2.53026413294287,47.23032069970846
EURUSD,9,3,2401,-1.2140774677217654,-3.997266122402126,1580,-3.9458554323642296,821,-1.1890706112094263,45.855893377759266
EURUSD,10,3,2400,-1.2564999999999757,-4.3075842736660075,1579,-3.311723206875786,821,-2.990694827515708,45.125
EURUSD,11,3,2400,-0.3822500000000086,-1.4446464291197703,1579,-1.6249643658359847,821,0.0910404598228025,48.375
EURUSD,12,3,2401,-0.3146189087880084,-1.3953218168749522,1580,-1.4663816081253083,821,-0.20098902694810858,48.97959183673469
EURUSD,13,3,2407,0.14441213128374283,0.497807860145132,1583,0.2895826277116324,824,0.5622670664388855,50.06231823847113
EURUSD,14,3,2407,-0.09239717490653337,-0.22926727726767776,1583,-0.24105148871838722,824,-0.025765027055015884,48.732862484420444
EURUSD,15,3,2409,0.5049398090493791,1.0886010746855224,1585,1.4071572025896564,824,-0.3153548919526842,49.10751349107513
EURUSD,16,3,2411,0.7588967233513433,1.5867886403450673,1587,1.9005372561575138,824,-0.14636445781393373,50.933222729158025
EURUSD,17,3,2411,1.2588137702198492,2.8446853139141557,1587,3.081751601168225,824,0.3531339420528813,51.76275404396517
EURUSD,18,3,2411,1.8884280381584329,4.3353806965682,1587,3.597423329023704,824,2.454690094879198,54.2098714226462
EURUSD,19,3,2411,1.0915387805889434,2.1489218669122385,1587,1.9588331813359983,824,0.8858738075441445,51.67980091248444
EURUSD,20,3,2411,0.1409788469514599,0.23761392480181182,1587,0.48765067597543366,824,-0.49216974752101317,50.974699294898386
EURUSD,21,3,2411,-0.3124014931563775,-0.4918763722810814,1587,-0.4159824280311541,824,-0.2668401760868136,50.68436333471589
EURUSD,22,3,2410,-0.06240663900411545,-0.10291036622902429,1587,-0.6964657407239372,823,1.03659807714381,49.70954356846473
EURUSD,23,3,2410,-0.3007053941909094,-0.5804989207276061,1587,-1.8107320263090283,823,1.7619950271272378,49.95850622406639
EURUSD,0,4,2412,-0.9351160862355071,-1.827860777410657,1587,-2.465716311750217,825,0.5401470239757536,48.175787728026535
EURUSD,1,4,2411,-1.5034425549564505,-3.2373593372064016,1586,-2.8403440454865216,825,-1.553149386260006,46.744089589382
EURUSD,2,4,2408,-0.3382890365448445,-0.7939199611784703,1583,-0.6164602761993156,825,-0.5335652318429382,50.16611295681063
EURUSD,3,4,2405,0.2425363825363846,0.6137228987178602,1580,0.34736463200323237,825,0.7270603142361164,52.141372141372145
EURUSD,4,4,2398,-0.121643035863217,-0.3650024353926622,1578,0.8105321554825246,820,-2.6371983836433452,49.45788156797331
EURUSD,5,4,2346,0.13094629156009452,0.4433880139576118,1525,1.8143559374042288,821,-2.8823948677158366,48.93435635123615
EURUSD,6,4,2337,-0.8410355156183433,-3.239360258147147,1529,-1.5434686044308548,808,-3.8098529743952048,46.21309370988447
EURUSD,7,4,2401,-1.7317784256560051,-6.133031002499165,1580,-3.9421967449475,821,-5.418106385305403,45.14785506039151
EURUSD,8,4,2401,-1.313202832153268,-4.053854017095942,1580,-3.252844771347543,821,-2.481860058593093,46.647230320699705
EURUSD,9,4,2401,-1.2174927113702334,-3.598925790521131,1580,-3.794904332675619,821,-0.5881728049450211,46.39733444398168
EURUSD,10,4,2400,-1.0318750000000012,-3.2368016691667636,1579,-2.435195674134716,821,-2.3833761983567876,46.416666666666664
EURUSD,11,4,2400,-0.7154583333333229,-2.4675413542436155,1579,-2.3830766914630037,821,-0.7297147721218047,47.375
EURUSD,12,4,2401,0.15339441899208073,0.4961450719724109,1580,-0.05450666218417854,821,1.2791564430283453,50.97875885047897
EURUSD,13,4,2407,0.14100540091395922,0.3387936739747276,1583,0.2172578254884948,824,0.332490328790565,49.89613626921479
EURUSD,14,4,2407,0.18267552970504405,0.37734799725339474,1583,0.8460726269100362,824,-0.8169335360851206,48.400498545907766
EURUSD,15,4,2409,1.2028227480282132,2.3185814393589532,1585,2.313967732508517,824,0.6070072921427215,50.6434205064342
EURUSD,16,4,2411,1.2490667772708932,2.362661974069708,1587,2.5822611694668582,824,0.2582119654129065,51.26503525508088
EURUSD,17,4,2411,2.167938614682698,4.108533440057663,1587,3.9566913922608187,824,1.3328505890703353,53.21443384487764
EURUSD,18,4,2411,1.7949813355454027,3.178777158853442,1587,2.7394417549023258,824,1.6227690228673461,53.007051016175865
EURUSD,19,4,2411,0.6096640398174977,0.9535427889712149,1587,1.0920048074689523,824,-0.08262060493282997,50.601410203235176
EURUSD,20,4,2411,0.5889672335130595,0.8587667919445784,1587,0.6669348287379948,824,0.5879147791441667,50.80879303193696
EURUSD,21,4,2411,-0.15354624637080788,-0.21561548427133623,1587,-0.5864401081797663,824,0.6511257235096255,49.93778515138946
EURUSD,22,4,2410,-0.7914522821576855,-1.2284090859177939,1587,-1.8873181576529572,823,0.797925886890165,49.46058091286307
EURUSD,23,4,2410,-0.3502904564315488,-0.619931130928183,1587,-1.4372532907927933,823,1.2182636880540385,49.54356846473029
EURUSD,0,6,2412,-0.8976782752902219,-1.588549035914528,1587,-2.0978540577903977,825,0.4391528664338342,49.62686567164179
EURUSD,1,6,2411,-0.5594773952716736,-1.0755120566217646,1586,-1.0390834885200866,825,-0.322543887109025,49.56449605972625
EURUSD,2,6,2407,-0.35845450768592646,-0.7501427114877827,1583,0.07761536039085139,824,-1.9091437270828668,48.64977149979227
EURUSD,3,6,2404,-0.43148918469217135,-1.0078237952227878,1580,0.015502152892331554,824,-2.375928111140192,49.001663893510816
EURUSD,4,6,2398,-0.2534612176813929,-0.6809060680622316,1578,0.10965901383047873,820,-1.7898714913477274,49.04086738949125
EURUSD,5,6,2346,-0.39279624893437637,-1.116137639043329,1525,0.14559652033374168,821,-2.6360168431551343,48.08184143222506
EURUSD,6,6,2337,-1.854899443731294,-5.014804106744375,1529,-2.991874701452168,808,-4.946289126044972,44.244758237056054
EURUSD,7,6,2401,-2.151395251978342,-5.62476069423953,1580,-4.140589062503155,821,-4.19803995992594,43.60683048729696
EURUSD,8,6,2401,-1.091503540191599,-2.8993735242238152,1580,-2.529939347911308,821,-1.418203206072634,46.688879633486046
EURUSD,9,6,2401,-1.3256559766763623,-3.5431738680776497,1580,-3.5910798059774893,821,-0.784285560969779,47.39691795085381
EURUSD,10,6,2400,-0.897458333333318,-2.294171813953845,1579,-1.8516059518441104,821,-1.4414957043337107,47.458333333333336
EURUSD,11,6,2400,-0.2539583333333527,-0.5747157066636629,1579,-0.8732877267250589,821,0.4525800638587103,49.0
EURUSD,12,6,2401,0.4042065805914147,0.7992704173647874,1580,0.9667408917192448,821,-0.11748730050918939,49.146189087880046
EURUSD,13,6,2407,1.1135438304943812,2.014685931610777,1583,2.0676817711549056,824,0.4025688732924105,51.474864977149984
EURUSD,14,6,2407,1.370918155380178,2.351642981800996,1583,2.4130398332668963,824,0.504189956629212,51.84877440797674
EURUSD,15,6,2409,2.6006641760066116,4.071883715738811,1585,3.7349995217977017,824,1.6625609562135166,52.6774595267746
EURUSD,16,6,2411,2.064744919120712,2.9490392825517664,1587,2.969524877402821,824,0.7054796849452583,51.26503525508088
EURUSD,17,6,2411,1.592617171298222,2.129502761895175,1587,2.339797101611822,824,0.06913295834582259,51.18208212360017
EURUSD,18,6,2411,1.7610949813355568,2.310965793975238,1587,1.857014739339668,824,1.4438233995691525,52.67523849025301
EURUSD,19,6,2411,1.2165076731646673,1.5433216600365907,1587,0.922013047604859,824,1.5721242234365842,51.22355868934052
EURUSD,20,6,2411,0.016341766901655876,0.020920716162157096,1587,-0.5951561484078791,824,1.1428275408270931,49.64744919120697
EURUSD,21,6,2411,-0.8833678971381419,-1.124819763069984,1587,-1.3725732389817717,824,0.19452553470842443,49.813355454168395
EURUSD,22,6,2410,-0.9976763485477174,-1.3455859508016308,1587,-1.8374741349743748,823,0.548696351382999,48.7551867219917
EURUSD,23,6,2410,-0.8943568464730497,-1.352686359847582,1587,-2.026740388056827,823,0.8217741703383555,48.7551867219917
EURUSD,0,8,2411,-0.9207797594359409,-1.544817698936344,1587,-1.4434457852158262,824,-0.5749832376446865,48.77644131065948
EURUSD,1,8,2410,-1.2116597510373412,-2.224613178240519,1586,-1.2077162988773358,824,-2.54860602489261,47.34439834024896
EURUSD,2,8,2407,-0.46248442044038696,-0.897246803343476,1583,-0.30228798048470507,824,-1.415666114083503,48.732862484420444
EURUSD,3,8,2404,-0.9328618968386059,-2.0053956321907562,1580,-0.9968918873293942,824,-2.4615325345092884,48.460898502495844
EURUSD,4,8,2398,-1.182402001668033,-2.6570824387530187,1578,-1.3097194147094748,820,-3.282269011220318,47.66472060050042
EURUSD,5,8,2346,-0.8486786018755271,-1.9204062594893365,1525,-1.1470794417506016,821,-1.9626017208578528,46.41943734015345
EURUSD,6,8,2337,-1.6166880616174821,-3.847554360864907,1529,-2.4042589361014604,808,-3.689804564368113,44.801026957637994
EURUSD,7,8,2401,-2.259558517284471,-5.5089298830384745,1580,-4.0266973654093725,821,-4.211928713680964,43.731778425655975
EURUSD,8,8,2401,-0.9551853394418953,-2.181424396232569,1580,-2.057465745055812,821,-0.7743208372619519,48.10495626822158
EURUSD,9,8,2401,-0.8600166597251214,-1.7203743580582513,1580,-2.061277239865212,821,0.182501689091043,47.10537276134944
EURUSD,10,8,2400,-0.6484999999999845,-1.1769724648374036,1579,-0.4262052604824183,821,-1.6986427263239927,47.708333333333336
EURUSD,11,8,2400,0.6795000000000105,1.1752135751625756,1579,1.1127720895668642,821,0.4149568510213886,50.29166666666667
EURUSD,12,8,2401,1.5724698042482423,2.6134334285009024,1580,2.4550916965972367,821,0.9649161994620897,52.01999167013744
EURUSD,13,8,2407,2.509015371832131,3.770898632391759,1583,3.481024633773308,824,1.4887519144523147,53.38595762359783
EURUSD,14,8,2407,2.170378063980059,2.9232593330512526,1583,2.8353582043252947,824,0.891703268869605,52.264229331117576
EURUSD,15,8,2409,2.0102117061020985,2.4266387357157777,1585,2.4541467914005017,824,0.5305768748858648,51.76421751764217
EURUSD,16,8,2411,2.030858564910866,2.3282529230478444,1587,2.226801488673723,824,0.769930419517938,51.721277478224806
EURUSD,17,8,2411,2.199460804645392,2.509052823356885,1587,2.0480910532817123,824,1.489249224331593,52.46785566155122
EURUSD,18,8,2411,1.1884695147241529,1.40847766719134,1587,0.5976347285742105,824,1.8338518999563265,50.559933637494815
EURUSD,19,8,2411,0.4866860223973327,0.5689767827671147,1587,0.07926396668730175,824,1.079632232317129,50.68436333471589
EURUSD,20,8,2411,-0.14172542513483394,-0.1634819595659894,1587,-0.7160397864341818,824,1.0171499212609107,50.06221484861053
EURUSD,21,8,2411,-1.4669846536707083,-1.7189785473559098,1587,-1.8798290562508597,824,-0.10353837518030808,49.5230194939859
EURUSD,22,8,2410,-0.9746058091286183,-1.255915925090267,1587,-1.6749938979193395,823,0.4569434725336605,49.66804979253112
EURUSD,23,8,2410,0.04962655601657615,0.07112579539044928,1587,-0.7876924171221048,823,1.6256024411166712,51.078838174273855
EURUSD,0,12,2411,-1.9489423475736238,-2.9265002594902794,1587,-2.5180642048708894,824,-1.4999924216339748,47.44919120696806
EURUSD,1,12,2410,-2.1592946058091114,-3.438918223740376,1586,-2.6677552088805037,824,-2.322575644273499,45.10373443983403
EURUSD,2,12,2407,-1.2354798504362308,-2.0598150753770117,1583,-1.2589914418844008,824,-2.069722818836595,47.611134191940174
EURUSD,3,12,2404,-1.5099833610648719,-2.8037129798188984,1580,-2.0755114676486244,824,-2.0949386091012516,47.1297836938436
EURUSD,4,12,2398,-0.8584653878231562,-1.660999186348714,1578,-1.0439852813641104,820,-1.558443663442021,47.539616346955796
EURUSD,5,12,2346,-0.327664109121939,-0.586388661550894,1525,-0.21553399803817896,821,-0.8118816355860939,47.44245524296675
EURUSD,6,12,2337,-1.158065896448445,-1.9113287165343917,1529,-0.723982086162847,808,-2.6237955562085613,46.46983311938382
EURUSD,7,12,2401,-0.8600583090379066,-1.3553341434882418,1580,-0.4955789415617352,821,-1.8874955593505514,49.18783840066639
EURUSD,8,12,2401,0.4638067471886935,0.6868599915400609,1580,0.8633256190385197,821,-0.12748235031064728,50.104123281965855
EURUSD,9,12,2401,1.4632653061224579,1.993845690193425,1580,1.6175541534429048,821,1.1955126106892995,52.061640982923784
EURUSD,10,12,2400,1.3001666666666656,1.6479662068347773,1579,1.8279013602796208,821,0.06565977933441554,51.45833333333333
EURUSD,11,12,2400,1.4771250000000073,1.7067508999704568,1579,1.7374667842657516,821,0.3493112380128148,51.125
EURUSD,12,12,2401,2.3121615993336126,2.518820144453385,1580,2.232749905102038,821,1.1655383448799843,52.14493960849646
EURUSD,13,12,2407,2.532696302451183,2.612723589341797,1583,2.082629189931373,824,1.6508104152946554,51.80722891566265
EURUSD,14,12,2407,1.5600747818861516,1.5841597682662039,1583,1.073999055053824,824,1.3262157770749468,49.97922725384296
EURUSD,15,12,2409,1.8767538397675132,1.855349149669483,1585,1.379550499604665,824,1.3484832622623935,50.31133250311333
EURUSD,16,12,2411,1.300165906262973,1.270196716461127,1587,0.8422110689797515,824,1.107148642220846,50.85026959767731
EURUSD,17,12,2411,0.886022397345491,0.8890489299777588,1587,0.5945927934674297,824,0.7826398512756705,51.721277478224806
EURUSD,18,12,2411,1.0519701368726613,1.101224056718435,1587,0.403992965522484,824,1.6401223284397732,50.974699294898386
EURUSD,19,12,2411,0.8371215263375968,0.8812082483682169,1587,0.31326349867121367,824,1.3861860162443538,50.89174616341767
EURUSD,20,12,2410,-0.1798340248963037,-0.19593096969102736,1587,-0.3083190962591918,823,0.1893117033647078,49.54356846473029
EURUSD,21,12,2410,-1.198049792531151,-1.3374827176715587,1587,-1.068979295757829,823,-0.858373881080144,48.7551867219917
EURUSD,22,12,2409,-1.1044831880448291,-1.342633740665237,1587,-1.44927782330727,822,-0.12423937967328855,48.567870485678704
EURUSD,23,12,2409,-1.1022000830220282,-1.510017056480656,1587,-1.5657248895903977,822,-0.27508096630194334,49.39809049398091
GBPUSD,0,1,2411,-0.21186229780177077,-0.5200521094105462,1586,-0.8999424560904361,825,0.29320018208687637,50.26959767731232
GBPUSD,1,1,2411,-0.8344255495644994,-2.6226927268978546,1586,-2.704766175705864,825,-0.8061771445777329,46.95147241808378
GBPUSD,2,1,2408,-0.22230066445184674,-0.7532847604555359,1583,-0.3678260067436436,825,-0.844188179447377,49.00332225913621
GBPUSD,3,1,2405,-0.41334719334710446,-1.518597888695057,1580,-2.9440200378765558,825,1.4626279543042646,49.313929313929314
GBPUSD,4,1,2400,-0.49779166666666613,-1.990332051827134,1578,-0.8771005109387348,822,-2.1647035171393973,50.083333333333336
GBPUSD,5,1,2344,0.6682593856654938,3.556178885570873,1522,3.507447904622017,822,1.3874611813723885,53.455631399317404
GBPUSD,6,1,2342,-0.5367207514944468,-2.723260421767029,1532,-2.4653654012605646,810,-1.1630000683186916,45.51665243381725
GBPUSD,7,1,2401,-1.4249479383590293,-6.1190247301300085,1580,-5.136015419813557,821,-3.6946709961251,39.81674302374011
GBPUSD,8,1,2401,-0.6872969596001589,-2.743620533696816,1580,-0.34219647642069007,821,-5.5647398054861075,44.14827155351937
GBPUSD,9,1,2401,-0.15322782174092403,-0.7525525908458134,1580,-2.963961393155301,821,2.442263708875771,49.27113702623907
GBPUSD,10,1,2400,-0.5332499999999893,-2.563339206122433,1579,-1.109874008717852,821,-2.849473651653367,47.708333333333336
GBPUSD,11,1,2400,-0.4310833333333446,-1.1319275691833357,1579,-0.6948695731533228,821,-1.7598755191459272,46.08333333333333
GBPUSD,12,1,2401,-0.27875885047897786,-1.9256445298411689,1580,-2.6195777001301948,821,0.44388190376760717,47.521865889212826
GBPUSD,13,1,2407,0.05151641046949573,0.34087483723870127,1583,0.3990910222149476,824,0.003129031777518688,50.14540922309929
GBPUSD,14,1,2407,-0.5431657665143145,-2.402789219684051,1583,-1.1633462304400217,824,-3.098804406966462,46.19858745326132
GBPUSD,15,1,2409,0.5090909090908871,1.779268228196781,1585,2.108162507159356,824,0.03660597331707343,50.850975508509755
GBPUSD,16,1,2411,0.32048942347577275,0.7937283643283675,1587,0.41762732557649157,824,0.7979608354612112,50.43550394027374
GBPUSD,17,1,2411,0.2161758606387496,0.4855560967536612,1587,0.6893834346508964,824,-0.21412747425272133,49.60597262546661
GBPUSD,18,1,2411,-0.41978432185812736,-1.121757528739985,1587,-0.23643827758791205,824,-1.6699882732716291,49.19120696806304
GBPUSD,19,1,2411,0.0716300290335586,0.19978494114576387,1587,0.31074068320474574,824,-0.10778525571531332,50.4769805060141
GBPUSD,20,1,2411,0.2647034425549875,0.6824752394214796,1587,0.5261709738446102,824,0.44142219377374764,50.26959767731232
GBPUSD,21,1,2411,-0.0024885939444479845,-0.006019919730560191,1587,-0.42930847394865984,824,0.6392547998825637,49.89630858564911
GBPUSD,22,1,2409,-0.30552096305521054,-0.7351460975592685,1586,0.7723744254548517,823,-2.53847001217061,49.356579493565796
GBPUSD,23,1,2410,0.16900414937761618,0.3914777605387573,1587,0.3167993433384034,823,0.23035486609826017,50.4149377593361
GBPUSD,0,2,2411,-0.851555371215288,-1.6524059578123735,1586,-2.0966689907995764,825,-0.040948259397956446,49.93778515138946
GBPUSD,1,2,2411,-0.8579012857735598,-2.0139703778882376,1586,-1.8188184072342233,825,-0.9076663102814577,47.781003732890916
GBPUSD,2,2,2408,-0.4206810631228911,-1.0488288071727976,1583,-1.7840203738238194,825,0.8514887296851832,48.96179401993355
GBPUSD,3,2,2405,-0.7239501039500196,-1.9701469776373879,1580,-2.3383001102056045,825,-0.10273720910168635,50.72765072765073
GBPUSD,4,2,2400,0.27683333333329413,0.8999049881831688,1578,1.4976572055542612,822,-0.45589967208860777,53.0
GBPUSD,5,2,2344,1.479138225255962,5.0605944331931125,1522,3.4497335279920454,822,4.184925061247527,56.527303754266214
GBPUSD,6,2,2341,-1.2662537377189524,-4.351388273599091,1532,-3.489273794233464,809,-2.6462739317430395,42.67407090986758
GBPUSD,7,2,2401,-1.9442732194918515,-5.6060886428604455,1580,-2.4732263642095615,821,-6.402786176632041,39.192003331945024
GBPUSD,8,2,2401,-0.6503123698458955,-2.034464132320745,1580,-1.5073261545667949,821,-1.444005660418603,46.230737192836315
GBPUSD,9,2,2401,-0.4934194085797412,-1.683365847139232,1580,-2.2735969837907626,821,0.20172569099045182,48.14660558100791
GBPUSD,10,2,2400,-0.764166666666683,-1.6147140798068855,1579,-0.7002912656121588,821,-2.8442098551781267,45.79166666666667
GBPUSD,11,2,2400,-0.5014583333333476,-1.1206456886722986,1579,-1.0030461353854883,821,-0.5623270430403179,46.08333333333333
GBPUSD,12,2,2401,-0.030653894210736395,-0.1443459209912332,1580,-0.7645377158494712,821,0.9895633220287962,49.06289046230737
GBPUSD,13,2,2407,-0.28882426256746846,-1.1399278535245314,1583,-0.2444557360668284,824,-1.83709966034395,48.19277108433735
GBPUSD,14,2,2407,0.17760697964269567,0.5071437804575084,1583,1.366398372400448,824,-1.2653419978509775,48.94058994599086
GBPUSD,15,2,2409,1.0336654213366683,2.1456456809454867,1585,1.9252983284054686,824,0.9812771126522669,51.97177251971773
GBPUSD,16,2,2411,0.7434674408959057,1.2188509896253485,1587,1.0442050341211617,824,0.6288307381448925,51.09912899211946
GBPUSD,17,2,2411,0.009415180423074146,0.016379591898632053,1587,0.6758368725460838,824,-1.0901269505655558,51.38946495230194
GBPUSD,18,2,2411,-0.13691414350892883,-0.2647795740161148,1587,0.36688660673994666,824,-1.0293995237133133,49.35711323102447
GBPUSD,19,2,2411,0.5389464952302053,1.0140078651597904,1587,0.8901640094441553,824,0.48988911968189863,50.725839900456236
GBPUSD,20,2,2411,0.43193695562009676,0.7700198422016623,1587,0.28582337897431864,824,0.9797332821443834,50.68436333471589
GBPUSD,21,2,2411,-0.10373289091665998,-0.1715421759365401,1587,0.4822397788224976,824,-1.0530482331792121,50.228121111571966
GBPUSD,22,2,2409,0.043918638439190284,0.0735874345129165,1586,0.9860302890710468,823,-1.2424608608055592,50.560398505603985
GBPUSD,23,2,2410,0.15585062240664618,0.26524751455370615,1587,-0.07470965892622851,823,0.550018997881938,49.79253112033195
GBPUSD,0,3,2411,-0.8750311074243485,-1.4978588791613494,1586,-1.7220026188358393,825,-0.20637632400550984,48.73496474491912
GBPUSD,1,3,2411,-1.0564081294068557,-2.0603100964240606,1586,-2.786232893865494,825,0.30912372797991144,48.73496474491912
GBPUSD,2,3,2408,-0.7276162790697409,-1.5911875926453911,1583,-1.6891574701943148,825,-0.29813642681764674,49.62624584717608
GBPUSD,3,3,2405,0.0353014553015002,0.08760526805994721,1580,-0.5129597141872109,825,0.8171234108553188,51.1018711018711
GBPUSD,4,3,2400,1.0484999999999804,2.7357172089052733,1578,2.1816207905442027,822,1.6794096364364097,54.75
GBPUSD,5,3,2343,0.7306871532223292,2.0620058628110707,1522,2.2280601940589424,821,0.6216368322794442,51.13102859581733
GBPUSD,6,3,2341,-1.7489107219137017,-4.720149901451511,1532,-2.235876371879626,809,-4.987823549486907,40.70909867577958
GBPUSD,7,3,2401,-1.9072886297375884,-4.901263450144056,1580,-3.2212096117287063,821,-4.025526675490113,42.940441482715535
GBPUSD,8,3,2401,-0.9905039566847124,-2.4512496880600483,1580,-1.3903696336188325,821,-2.4030463119052428,46.56393169512703
GBPUSD,9,3,2401,-0.7241566014160867,-1.3816104220369387,1580,-1.3580107974707196,821,-0.3391545748337254,47.31361932528113
GBPUSD,10,3,2400,-0.8345416666666859,-1.5708918148271032,1579,-0.9696967587231506,821,-2.0209857639099558,45.375
GBPUSD,11,3,2400,-0.25333333333332736,-0.5144873987987437,1579,-0.540908080273596,821,0.014256783226694558,47.25
GBPUSD,12,3,2401,-0.35689296126611897,-1.3364667045957177,1580,-1.0850950255061702,821,-0.7818860524426924,47.521865889212826
GBPUSD,13,3,2407,0.43194848358954163,1.1588309189677894,1583,1.8940008813096876,824,-0.783424541362221,50.14540922309929
GBPUSD,14,3,2407,0.7030743664312645,1.3046868394313624,1583,1.4620956720856828,824,0.09916408738468659,51.26713751557956
GBPUSD,15,3,2409,1.4509339975093294,2.1884344683834946,1585,2.0907190215290026,824,0.7980626494703902,51.72270651722707
GBPUSD,16,3,2411,0.5367067606802302,0.7618396429882035,1587,1.0191457645840705,824,-0.18482387071516548,51.38946495230194
GBPUSD,17,3,2411,0.29228535877227274,0.43350037140718584,1587,0.9815994128041707,824,-0.7725521519460442,50.31107424305268
GBPUSD,18,3,2411,0.33040232268771796,0.5059261457775884,1587,0.8488505477494528,824,-0.3714470267386838,50.186644545831605
GBPUSD,19,3,2411,0.7061800082953146,1.043806873591465,1587,0.6330069012688031,824,0.9559336257911577,50.39402737453339
GBPUSD,20,3,2411,0.3306926586478848,0.4589315459112778,1587,0.8655288895462712,824,-0.5106481365045848,49.440066362505185
GBPUSD,21,3,2411,0.24031522189960391,0.32121616479332504,1587,0.7358546558871818,824,-0.48281739312580574,51.18208212360017
GBPUSD,22,3,2409,0.03491075134909558,0.04867081513732651,1586,0.5770467041223577,823,-0.730230667768727,49.56413449564134
GBPUSD,23,3,2410,-0.4831535269709429,-0.7333652623044473,1587,-1.139554448604852,823,0.28018768186749204,49.66804979253112
GBPUSD,0,4,2411,-1.073537951057644,-1.6405840005142558,1586,-2.580212922818207,825,0.5829988487260047,48.320199087515554
GBPUSD,1,4,2411,-1.367150559933614,-2.449899152131859,1586,-2.6545509509628107,825,-0.49708648812947953,49.35711323102447
GBPUSD,2,4,2408,0.046220930232547475,0.09468582096806531,1583,-0.2556117194620137,825,0.5381355407379944,51.20431893687708
GBPUSD,3,4,2405,0.8306029106029743,1.7825782780706578,1580,0.4766090519030142,825,2.6305257423175092,53.18087318087318
GBPUSD,4,4,2399,0.3014589412254666,0.6985054712535009,1578,1.2960376037000647,821,-0.45615971422998774,50.60441850771154
GBPUSD,5,4,2343,0.26205719163466507,0.5966504102524236,1522,1.6488125588768556,821,-1.2966256371934246,48.655569782330346
GBPUSD,6,4,2341,-1.747629218282785,-4.3833369555472235,1532,-2.9444110533933263,809,-3.4534915101116783,42.46048697137975
GBPUSD,7,4,2401,-2.2474802165764056,-4.803768820258838,1580,-2.8412132306404128,821,-4.428608576801962,43.31528529779259
GBPUSD,8,4,2401,-1.2212411495210582,-1.8309190610176185,1580,-0.9677941682221834,821,-2.555509582045678,45.481049562682216
GBPUSD,9,4,2401,-0.7974593919200466,-1.38424034472017,1580,-1.5539028029407114,821,0.16399763435307688,46.52228238234069
GBPUSD,10,4,2400,-0.5864166666666658,-1.0250557271331513,1579,-0.5763561284749908,821,-1.4842357206606605,47.041666666666664
GBPUSD,11,4,2400,-0.5767499999999829,-1.3420570985969822,1579,-0.9063335461479081,821,-1.2598343168971002,46.541666666666664
GBPUSD,12,4,2401,0.37526030820490364,0.9731057729281909,1580,1.2751286928384344,821,-0.15526501824496297,51.47855060391504
GBPUSD,13,4,2407,0.9574158703781105,1.7340404620910403,1583,1.8306154884123578,824,0.33931721446727575,51.97341088491899
GBPUSD,14,4,2407,1.125342750311589,1.5883323255263484,1583,1.7696835051210804,824,0.1416423447115894,51.22559202326548
GBPUSD,15,4,2409,1.2231631382316237,1.6462398615055338,1585,1.9423004489272206,824,0.03190708593223639,51.18306351183064
GBPUSD,16,4,2411,0.8195769390294291,1.0404113988913544,1587,1.265318225250613,824,-0.04326890913485834,51.347988386561596
GBPUSD,17,4,2411,0.7596018249689196,0.9758484138828942,1587,1.3176719961660897,824,-0.2674350505019161,50.186644545831605
GBPUSD,18,4,2411,0.49763583575282716,0.6436322016684306,1587,0.6564726817353719,824,0.16727712949768153,50.43550394027374
GBPUSD,19,4,2411,0.6049357113231028,0.7430902483944516,1587,1.0895266627187374,824,-0.3528516478229409,50.020738282870184
GBPUSD,20,4,2411,0.6747407714641492,0.7922798747990177,1587,1.0450378804144904,824,-0.1187122129294424,50.186644545831605
GBPUSD,21,4,2411,0.21414350891742323,0.2534150458913158,1587,0.4180132095807564,824,-0.15728712161834082,49.85483201990875
GBPUSD,22,4,2409,-0.5883354088833619,-0.7578503649549269,1586,-0.32478832016762793,823,-0.8361895951591751,49.64715649647157
GBPUSD,23,4,2410,-0.5054771784232435,-0.7124108315213661,1587,-0.9685916803920207,823,0.11766926997809253,48.83817427385892
GBPUSD,0,6,2411,-0.613065118208246,-0.8678277277541734,1586,-1.4753016897109756,825,0.4700105617801372,49.35711323102447
GBPUSD,1,6,2411,0.19605972625466844,0.3151021887868077,1586,-0.5844792962861299,825,1.4723668900260936,51.18208212360017
GBPUSD,2,6,2407,0.06281678437888055,0.10986256781728812,1583,-0.13769412149935675,824,0.3871447448698897,49.93768176152887
GBPUSD,3,6,2404,-0.4227121464225446,-0.7504869419688732,1580,-0.2849606813630746,824,-0.913865381253873,49.12645590682197
GBPUSD,4,6,2399,-0.17215506461027527,-0.33825608829620746,1578,0.28354561257824745,821,-1.029822334277109,48.645268862025844
GBPUSD,5,6,2343,0.04336320956038641,0.08241734293286823,1522,0.8387161770302,821,-1.095149287976207,48.655569782330346
GBPUSD,6,6,2341,-2.279282357966698,-3.138093469740698,1532,-1.7348846290282418,809,-3.854946110230881,43.74199060230671
GBPUSD,7,6,2401,-2.55152019991671,-3.2708566631082028,1580,-1.942098797189604,821,-4.056073164708267,42.940441482715535
GBPUSD,8,6,2401,-1.045106205747613,-1.3892008169616796,1580,-0.8538890113581707,821,-1.69977540940176,46.06413994169096
GBPUSD,9,6,2401,-0.8785922532278033,-1.6066391833967602,1580,-1.562685555724047,821,-0.46941882704934185,46.52228238234069
GBPUSD,10,6,2400,-0.178791666666686,-0.30049946547084555,1579,0.44577898435983326,821,-1.5679237007195468,48.333333333333336
GBPUSD,11,6,2400,0.686041666666688,1.1172801672773212,1579,1.084838586045502,821,0.36435920015110096,49.916666666666664
GBPUSD,12,6,2401,1.297750937109538,1.8171159911283623,1580,1.772930261744219,821,0.5986803233198994,51.10370678883799
GBPUSD,13,6,2407,1.1545907769007298,1.4529301782022355,1583,1.936067711470556,824,-0.3631581215014794,50.97631906938097
GBPUSD,14,6,2407,1.1649356044868802,1.3660532806878911,1583,1.8552188695905194,824,-0.3781090025431167,51.97341088491899
GBPUSD,15,6,2409,1.960024906600255,2.132792683482342,1585,2.2508484037350467,824,0.451234160862369,51.515151515151516
GBPUSD,16,6,2411,1.4541269182911853,1.4892352960020583,1587,1.346509909752782,824,0.6580086958154652,51.14060555785981
GBPUSD,17,6,2411,0.8255910410618174,0.834982983965479,1587,1.456661118195806,824,-0.775368938681021,49.93778515138946
GBPUSD,18,6,2411,0.74043965159688,0.733597665098927,1587,1.2176819411295001,824,-0.5123012557499623,50.68436333471589
GBPUSD,19,6,2411,0.9228121111571862,0.8965648302884286,1587,0.944640323434694,824,0.2083402783141401,50.06221484861053
GBPUSD,20,6,2411,0.021360431356298316,0.021761945398219032,1587,0.03566109780570265,824,-0.011869241298159234,49.89630858564911
GBPUSD,21,6,2411,-0.38631273330573473,-0.41414775608351717,1587,-0.27228233816233,824,-0.3321232231053895,49.39858979676483
GBPUSD,22,6,2409,-0.8444997924449734,-0.9663131887692447,1586,-0.9466107557923538,823,-0.3417585725094883,49.605645496056454
GBPUSD,23,6,2410,-1.0199170124480936,-1.2718509972401395,1587,-1.7459105537004391,823,0.21780147008496945,48.7551867219917
GBPUSD,0,8,2410,-0.6070124481328172,-0.8178858478995613,1586,-1.3290805873775606,824,0.40209220725515793,49.08713692946058
GBPUSD,1,8,2410,-1.0759751037344154,-1.549246107766969,1586,-1.132900192919309,824,-1.0887825811862233,48.87966804979253
GBPUSD,2,8,2407,-0.3882426256751061,-0.5943151710452493,1583,-0.6042909624297076,824,-0.1511431635437646,49.02368093061903
GBPUSD,3,8,2404,-0.6248336106488512,-0.9851636303254742,1580,-0.6357087551718806,824,-0.8272570748338505,48.41930116472546
GBPUSD,4,8,2399,-0.6462692788662286,-0.8428946425053352,1578,-0.03854390537024374,821,-1.8419894713353833,48.020008336807
GBPUSD,5,8,2343,-0.22991890738372428,-0.2843654222339562,1522,0.017992500935581485,821,-0.7594322730250851,46.90567648314127
GBPUSD,6,8,2341,-2.0829560017086797,-2.592006375285874,1532,-1.517660096319787,809,-3.166600620187105,43.35753951302862
GBPUSD,7,8,2401,-2.6326530612244676,-3.6193019945526137,1580,-2.0377968902436208,821,-4.207063436229738,43.398583923365265
GBPUSD,8,8,2401,-0.6491461890879088,-0.8640008562244361,1580,-0.09602454965507737,821,-1.808717075054276,47.35526863806747
GBPUSD,9,8,2401,0.381924198250751,0.5438590097928405,1580,0.27236949863214693,821,0.5824493598833542,49.979175343606826
GBPUSD,10,8,2400,0.7555833333333255,0.9574970388431565,1579,1.3599180822216548,821,-0.36414613616154723,50.125
GBPUSD,11,8,2400,0.8384583333333316,1.0274388984245832,1579,1.4605684512549373,821,-0.3857631470656793,50.916666666666664
GBPUSD,12,8,2401,1.2969596001665669,1.4979903393324356,1580,1.8126993511386826,821,-0.051419607073362864,51.60349854227405
GBPUSD,13,8,2407,1.8906938097216828,1.9822452262352535,1583,2.280465428027252,824,0.11868207519972737,50.85168259243872
GBPUSD,14,8,2407,1.807685916078111,1.7445452800244523,1583,1.849970540781161,824,0.3452543605331573,51.6825924387204
GBPUSD,15,8,2409,2.0156496471564926,1.8076082162466824,1585,2.212749168162935,824,-0.10869122897629854,51.26608551266085
GBPUSD,16,8,2411,1.6969307341352382,1.4501692540630764,1587,1.7515156975518675,824,-0.013231999879889496,51.01617586063873
GBPUSD,17,8,2411,1.1434674408959011,0.9798551830741977,1587,1.3188618373321153,824,-0.19686612560872496,51.01617586063873
GBPUSD,18,8,2411,0.08705931148902882,0.07743354329023444,1587,0.3542803519130532,824,-0.3528438696125631,49.85483201990875
GBPUSD,19,8,2411,0.3223558689340282,0.2940791195245123,1587,0.3378506575854268,824,0.029560894193384517,50.39402737453339
GBPUSD,20,8,2411,-0.1841974284528771,-0.17300566454391214,1587,-0.49752485351522974,824,0.39570168473480155,48.900871007880546
GBPUSD,21,8,2411,-0.933761924512656,-0.9361241502924292,1587,-0.9597254717584098,824,-0.26420152764633287,49.73040232268768
GBPUSD,22,8,2409,-0.39601494396016707,-0.433239478896477,1586,-0.23787509028235979,823,-0.41273558874836586,50.51888750518887
GBPUSD,23,8,2410,0.5391286307054116,0.6369793693954108,1587,-0.306056016278908,823,1.5973659827174933,50.24896265560166
GBPUSD,0,12,2410,-1.5289211618257565,-1.5554330843651085,1586,-1.4121542222227714,824,-0.6653459021897592,47.21991701244813
GBPUSD,1,12,2410,-1.5117012448133027,-1.6048274942941594,1586,-1.4191117936063113,824,-0.7490087355514036,47.59336099585062
GBPUSD,2,12,2407,-0.6725799750726935,-0.7280560856743821,1583,-0.5452333345467166,824,-0.5583051938993698,47.486497714997924
GBPUSD,3,12,2404,-0.9363976705490037,-1.1416413702375032,1580,-0.8238932675787066,824,-0.8736911719209582,47.504159733777044
GBPUSD,4,12,2399,-0.008670279283067751,-0.01038104853506901,1578,0.6954580141697596,821,-1.2995041265386296,48.93705710712797
GBPUSD,5,12,2343,1.2448143405889853,1.4196121996366715,1522,1.685216308403541,821,-0.04741077825459113,50.106700810926164
GBPUSD,6,12,2341,-0.8791969243913018,-0.9367782732526143,1532,-0.06416311940994136,809,-1.6673650137938918,48.95343870140965
GBPUSD,7,12,2401,-1.2130362349021204,-1.2378839041402534,1580,0.026819822439084533,821,-2.453830154146768,48.64639733444398
GBPUSD,8,12,2401,0.292461474385626,0.27552468509454037,1580,0.948931685323247,821,-1.0650762348115517,50.39566847147022
GBPUSD,9,12,2401,1.2393586005831037,1.1574781499199058,1580,1.2217327353209424,821,0.22485692632002216,50.77051228654727
GBPUSD,10,12,2400,1.3738749999999988,1.212162591509214,1579,1.4795786774631783,821,-0.09402672002387624,50.541666666666664
GBPUSD,11,12,2400,1.6001250000000047,1.3550350723338958,1579,1.8843821615231442,821,-0.4748672882930548,50.375
GBPUSD,12,12,2401,2.1251145356101744,1.7253059656144625,1580,2.1305155798787156,821,-0.08687451267064494,50.85381091211995
GBPUSD,13,12,2407,2.260240963855442,1.7441169012879727,1583,2.075135359104786,824,0.057674758404087104,51.26713751557956
GBPUSD,14,12,2407,1.3585375986705408,1.0268521631647918,1583,1.3595413965303964,824,-0.1464424850774807,50.560864146240135
GBPUSD,15,12,2409,1.705977584059747,1.2862327010900647,1585,1.468849069843036,824,0.1378800758472805,50.6434205064342
GBPUSD,16,12,2411,0.837992534218212,0.6230220505087102,1587,0.4936319704859037,824,0.380893943627104,50.31107424305268
GBPUSD,17,12,2411,-0.004437992534178483,-0.0034654854074410526,1587,0.19088868140236434,824,-0.2823952482242646,50.725839900456236
GBPUSD,18,12,2411,0.33313977602655565,0.27070689523646563,1587,0.35062912896919346,824,-0.027211301923520705,50.89174616341767
GBPUSD,19,12,2411,1.3230609705516387,1.0998587528027925,1587,0.6394173570193384,824,1.0311626866671197,52.0116134384073
GBPUSD,20,12,2410,0.2421161825726177,0.21510129151651422,1587,0.09825286423000688,823,0.23657408020807252,49.87551867219917
GBPUSD,21,12,2410,-0.6783402489626631,-0.6281061689798245,1587,-0.25450539007832723,823,-0.741312970740557,48.92116182572614
GBPUSD,22,12,2408,-0.8810631229235875,-0.8810428167701897,1586,-0.5359853132320527,822,-0.7798549820008759,48.421926910299
GBPUSD,23,12,2409,-0.9231631382316082,-0.9851962800838475,1587,-0.9637261791633098,822,-0.3358194272633429,49.232046492320464
